review,sentiment
"I think this is what this movie wants us to say at the end of the movie! or Damn Australian? I still don't know, but what I know is that I really liked this movie but that couldn't be my favorite movie!<br /><br />Great story with great actors but with a terrible end... To make you cry and say 'Oh, she's so good'... Still, who made it? What really happened? Who's that guy? No answer to these questions...<br /><br />Mysterious movie with a good mark overall... I give it a 8/10, going on the 8.5!",positive
"Maybe it's just a personal affection for this screen version of the Mika Waltari novel, or a fondness for things Egyptian (I grew up loving to visit the mummies in Boston's Museum of Fine Arts) but I think Maltin is a tad tough on this rather good film. The production values are great regarding color and cinematography, and it appears some effort went into historical authenticity (much of it from the novel, I'm sure). Purdom is admittedly a bit stiff in the lead role, but one can accept this as part of Sinuhe's character. Victor Mature is, well, Victor Mature. Peter Ustinov is a delight to watch in this type of role, which he always did so well and so wittily. Bella Darvi's performance as Nefer is classically camp, and I find even Michael Wilding's rather dry portrayal of Akenaten to have its own appeal.<br /><br />The historical oddity of Akenaten's monotheism, a brief detour in ancient Egypt's theological history, is interesting, as is Akenaten himself, and well worth reading about; the religious wars portrayed here have a basis in fact.<br /><br />An interesting footnote regarding Darvi, whose birth name was Bayla Wegier: she was a Polish emigre who producer Darryl Zanuck and his wife Violet took under their wing (I believe they may even have adopted her). Her screen name Darvi is formed from Zannuck's and his wife's first names. She continued her acting career in France, but never achieved great success and, after a rather unhappy life, died at her own hand in 1971.<br /><br />Altogether this is an interesting film and enjoyable to watch for the visual values alone. American Movie Classics shows this occasionally in letterbox, which is essential to capturing the scope and sweep of the story.",positive
"After seeing The Aristocats: Special Edition in a two pack with The Fox in the Hound, I decided to buy it since both of these films were childhood favourites.<br /><br />The Aristocats is a classic, definitely. It might not be a five-star classic, but it is a fun film and makes a good evening's entertainment. It is somewhat a light refreshment from the darker, more serious Disney classics. The Aristocats tries to be a light-hearted musical comedy, and I think it just about succeeds.<br /><br />The storyline doesn't really make much sense and I don't think the plot is particularly strong, but it is certainly not weak. The animation and backgrounds are a bit scratchy in places, typical of Disney's 70s films, but it does have a rustic, old fashioned charm about it.<br /><br />The Aristocats strongest points are the characters, the music and the humour. The music is very memorable - try getting 'Everybody Wants To Be A Cat' out your head in a hurry! The songs are written by the Sherman Brothers, who also did the music for The Jungle Book. There was one song called 'She Never Felt Alone' that was going to be in the film, but sadly didn't make it into the final feature. It is a shame, because I think it would have fit in very well.<br /><br />The characters are unforgettable. Thomas O'Malley is voiced by Phil Harris, and is basically Baloo in a feline form. Eva Gabor gives Duchess this warm and maternal feel and the kitten's voices actually sound like children, and not an actor imitating the voice of a child. The secondary characters are here by the dozen and yet you still end up understanding their personalities. Edgar, the 'villainous' butler plays a similar role to Cruella De Vil, but he's more comical than scary, often ending up in funny situations. Even though he's the bad guy, he's still lovable all the same.<br /><br />The two British geese - Abigail and Amelia really had me cracking up, along with their crazy (and drunk) uncle. I also like the dogs, who tend to argue over who is 'the leader.' I could go on, but I won't spoil it. But I can tell you, The Aristocats is funny and will entertain everyone without having to resort to rudimentary toilet humour.<br /><br />The bottom line - The Aristocats might not be Disney's crowning achievement, or even their strongest film from the 70s (that award is a tie between The Rescuers and The Many Adventures of Whinnie the Pooh). But it is an enjoyable romp and is sure to entertain. If you are looking for a dazzling work of art, you might be better off watching Bambi. But if you want a fun night in, The Aristocats is the way to go. It is a charming and lovable film and it's impossible to dislike. Enjoy! (And besides, it's good to have a film where cats aren't seen as the villains).",positive
"or: It's a bird ? It's a plane ? No, look... It's a disaster ! or: No need to look up in the sky.<br /><br />or: (... OK, that's enough.) If singer tried to make a romantic titanic like movie to crash the box office record, he failed. The SR structure can't do this, the dark and restricted color scheme (I would call it ""wishi-washi""), the boring usual dialogs, the clown with advanced alien technology, the missing fun and magic, etc. makes the movie completely disappointing.<br /><br />It simply doesn't work.<br /><br />The main thing at a character like superman is, that he is a superhero. That's the core, the most important thing.<br /><br />Love trouble and a sadly lost depressive Supersoftie can maximal only be a facet in a 2:40 long Superman movie, not the whole time.<br /><br />Because then it is not a superman or superhero movie anymore. It's like a (and in this case a very bad and boring) social study, where every 30 minutes a person flies around.<br /><br />That's a big difference.<br /><br />This movie is a joke. Holy skywalker, this is Superman, so give us Supervillains, Superaction and the most important thing, Superfun.<br /><br />We want ENTERTAINMENT ! Singer, if you want to make a 2:40 long soul love trouble drama about lost and sadly people ? Then take normal human characters and make a yentl remake.<br /><br />They say: Superman returns. And then, supersadlysoftie stands in the door.<br /><br />Maybe singer has tried to kill the legend without kryptonite, but one bad movie can't do this. Don't give up, they plan a sequel...<br /><br />Next time singer (and Warner Brothers), make a superhero movie, not a depressive superlame soap, or let it be. A superhero movie means a colorful fantasy with a lot of fun and magic.<br /><br />This movie is like a very cheap chocolate box with a super cover. Yes, technically there are all sorts in, yes, there is a lot of small talks, there are a few jokes, a view action scenes, etc, but the only one what all these worse pieces have in common is their poor quality.<br /><br />It's not more than a super boring patchwork and one of the worst movies I have ever seen in my live.<br /><br />The ridiculous cast strategy (Cast them young as possible, so we can make sequels in the next 25 years) gives the rest. Kate Bosworth plays a 22 year old star reporter, she's looking like 19. Superman was full five years away, so he slept with her 6 years ago, so she was 16, (looking like 13) and a daily planet reporter, wroting ""I spend a night with superman"". Warner Brothers, that's too much.<br /><br />Routh is not so bad, he is playing a little bit wooden, but the whole movie is wooden, so... ?! Temporary good were marsden and sometimes posey. The rest, forget it. Even spacey, this is not his terrain.<br /><br />Reeve/Hackman/Kidder were acting so easy, with fun. What a difference.<br /><br />The Jesus poses at the end are ridiculous too. What the hell should that be ? The problem here is, they mean this serious, not as a joke. Next time Spiderman or Batman or Ironman falls and rises like Jesus or angels ? Or they speak with god directly. Why not ? They are superheroes, saving human lives every day. So at least one talk with god every week should be possible... Oh my god.<br /><br />Maybe this was not the real announced movie, instead it is from a bizarre dull parallel universe.<br /><br />For the warner brothers this superlame depressive flick will be possibly the greatest disaster in history. Not only because of the money.<br /><br />I understand how difficult it (maybe) was to create and transport some messages or feelings, but showing lone, lost and sadly people isn't new and thousands of movies or TV-Shows did it better, in very old or new ones like magnolia. And the flying frogs there were more impressive than this flying superwoman, sorry, superman of course.<br /><br />Singer and WB, that's simply nothing. In fact it's even more than nothing, it's like a black hole that destroys the passion for (comic/superhero) movies and steals us three hours of our life.<br /><br />Mrs. Smilla's little brother. (Very angry and green like the hulk.)",negative
"What on earth has become of our dear Ramu? Is this the same man who made Sarkar, Satya, and Comapny? I refuse to believe so. If AAG was Ramu's most ambitious project, he has clearly jumped off the high cliff he has ascended by giving the industry some of the greatest works of all times. This movie is made to fall like a brick. I was cringing to leave the theater, but I was forced to sit because I wouldn't have been able to take my car out of the parking lot before others also left. Else, nothing would have made me sit beyond interval.<br /><br />This movie is nowhere close to Sholay. It doesn't even come near it within a mile. I believe Ramu surely loves The Godfather more than Sholay, since Sarkar was a classic piece of work. I read Ramu's interview a couple of days back, in which the interviewer said that Ramu doesn't sleep for more than 4 hours a day, that too not at a stretch. I completely agree with this now, as his lack of sleep has probably taken its toll on the movie.<br /><br />There is no power in the performance. Amitabh Bachchan doesn't even look scary. He looked more terrifying in the few posters and wallpapers I saw earlier. Ramu's favorite Nisha Kothari did a fantastic job in Sarkar because she didn't have many dialogs (in fact none if I remember clearly). She opened her mouth in this movie, and has found a place in history. The new guy playing Jai's role seems to have that brash look, but didn't manage Jai's role at all. I cant go on... Im sorry... my pain is too big for me to manage right now.<br /><br />I promised myself throughout the movie that I will watch the original Sholay once more just to see that it is still there.<br /><br />Bottom Line: Horrible movie. The media and critics are going to cook Ramu's goose. And just to remind all readers once more, I am one of the biggest Ramu fans, and even I cant spare him for this act.",negative
"So we saw this on DVD at our apartment here in Paris. We're all here on an exchange program. We all laughed so hard cuz so much of what was going on in the movie happened to us! I mean yeah sure some of it was pretty clichéd but still true, know what I'm saying.<br /><br />I think I related more to the quiet guy (the Italian) than Xavier because I'm more of the observer in our group. Anyway, I wish I had a hot roommate like Cecile de France. She seems like a cool chick in the movie and for real, after I saw her hosting the Cannes Festival last month.<br /><br />Now I'm thinking I wanna go to Barcelona next summer after seeing this movie. I gotta check out the sequel too which just came out here in France.",positive
"I really wanted to love this film. I have read the book to my daughters and we all loved it. The book is marvelous. This film is very far from the book. The book is splendid - this film is an awful adaptation.<br /><br />In the book, Sara is honorable, kind, strong, and NEVER does anything spiteful to get back at anyone. That's the POINT of the book! She behaves as a ""princes"" regardless of circumstances. An important part of behaving like a princess is to not return unkindness. It is to behave honorably regardless of how you are being treated.<br /><br />In the book, she endures much and touches the lives of others. Other people change their behaviors after they witnessed her kindness and ability to endure without sinking to spite and vengefulness. Sara does what is right simply BECAUSE it is RIGHT.<br /><br />Outside of the bakery, she comes upon a beggar girl who is more poor and hungry than she is. She has half a dozen hot buns. She is VERY hungry. She gives one bun to this wild looking little girl huddled on the doorstep of the bakery. When she sees how ravenous the girl is and watches her gobble the bun, she gives her another. She continues to do this until she has given 3 or 4 I think - I don't remember how many.<br /><br />The baker is watching through the window. She is so moved by what she has witnessed, she takes the beggar girl in and raises her as her own daughter. Other people are similarly influenced by Sara.<br /><br />And in the book, her father has died. The man next door is her father's partner - he has been looking for her. Her father did not lose his money after all - the man is thrilled to find Sara; he takes her and Becky into his home and raises them as his daughters. And Sara has her full inheritance, of course.<br /><br />Miss Minchin is not a chimney sweep. In fact, she remains in her same post at the school. But she is humiliated as Sara has told her new guardian of the cruel treatment she received. And Sara does speak to Miss Minchin in the end - Miss Minchin is trying to minimize her treatment of Sara and Sara with a calm steadfast demeanor, instructs Miss Minchin that she had been cruel.<br /><br />There is no comeuppance for Miss Minchin. She continues on in her miserable existence. It does not matter - what matters is that Sara has a home with a guardian who loves her - and her dearest friend in the world, Becky, is now for all intents and purposes, her sister.<br /><br />The book is about love and honorable behavior under the worst of circumstances. It is about self control and humility. It is a wonderful book. This film does NOTHING to capture the true story and messages of the book. My wife was so disgusted with it, she wanted to leave the theater in the middle, but we decided to stick it out. We were not rewarded.<br /><br />I cannot for the life of me think of a reason the film makes should alter this excellent book in such a bad direction. Perhaps it was the influence of the ghastly screenplay from the book that Shirley Temple acted in. I don't know - but this film is so far from the book in character and values that I do not recognize it.<br /><br />Don't waste your time - buy the book. It is unforgettable... even for a dad!",negative
"The `plot' of this film contains a few holes you could drive a massive truck through, but I reckon that isn't always top priority in horror. Two elderly sisters in rural England keep their brother in the cellar since more than 30 years. Now, he escaped and started a killing spree, focusing on militaries that are homed nearby. `We only did we thought was best for him' they keep on repeating and  strangely  all the army officers love these women and don't doubt their sincerity, even though 5 of their men died. I don't know whether to find the revelation near the end suspenseful  or tedious! In a way, this film reminded me about `Arsenic and Old Lace'. In that black-comedy classic, two half-insane siblings mother their goofy younger brother as well, yet they do the killing there. The old ladies in `The Beast in the Cellar' are by no means less crazy, though. The `horror' in this early 70's film is very amateurish and cheap, but there are a few neat attempts to build up the tension. Too many `old-ladies' talk about the good ol' days, though and that rarely is something you seek in a horror film with such an appealing title. Flora Robson, who may be recognized by classic film buffs, plays one of the sisters. She gave image to the Queen of England is the legendary Errol Flynn swashbuckler film, the Sea Hawk.",negative
"Solid comedy entertainment, with musical interludes, it generates a fast pace that carries proceedings along in zestful tempo through a maze of humorous and chiller complications. Boris Karloff, Bela Lugosi and Peter Lorre form a strong setup of sinister villainy. The script contains all the standard mystery film props-sliding panels, secret passageways, thunder and lightning and poisoned blow-darts. Karloff, Lugosi and Lorre go in for heavy leers and obvious melodramatics of the gaslit era. Kay Kyser and his band offered great entertainment for the people living in the 1940's who were trying to forget about the horror's of World War II.",negative
"Most italian horror lovers seem to hate this movie since because it has no connection to the first two Demons films. And with the ""Demons III"" in the title, one would assume it would. The problem is that this film was never intended to be part of the Demons series. The distributors only a ""Demons III"" above its original title ""The Ogre"" to cash in on the other films popularity. The new American DVD release of this picture has the title ""Demons III: The Ogre"" on the box art but the film itself only says ""The Ogre"". I don't know if past releases had the title ""Demons III"" on the actual film itself, but this new release just seems to be a little white lie. If you can get past the ""Demons III"" in the title, you might some enjoyment in ""The Ogre"". It starts out with a creep intro, and stays pretty creep throughout. There's no gore and the film movies slowly, but I still dug it. Just don't expect it to be like the other Demons films. I give ""The Ogre"" 7 out of 10. Italian fans should try it out.",positive
"Another attempt by modern Japanese directors to redefine the chambara genre. Successful, and not, in varying degrees.<br /><br />Buddhist monk has a vision that he is to slay a legendary (and very active) demon at the Gojoe bridge in order to attain enlightenment. While not at the forefront, Buddhist thought is at the heart of this movie, much like Kurosawa's ""Ran"". It probably what made the movie the most interesting to me although it's nowheres near ""Ran's"" league. <br /><br />Stylish visual direction and excellent photography keep the movie mostly interesting throughout the two hour and eighteen minute length. The lead actors are uniformly excellent. The music is really good. The two weaknesses are the story and the fight scenes. The movie drags in the middle which could have been fixed by some prudent editing. And the fight scenes are mostly filmed in blurry close-ups. This works for most of the film but the finale feels like a cheat. Another recent film like this is Tsui Hark's ""Seven Swords"", great film but the promised fight scenes are disappointing. Asano really doesn't move like a sword wielding demon, his acting is great but he would be an extra in a traditional chambara fight scene.<br /><br />Good movie, you'll probably find it interesting just don't expect traditional sword fights.",positive
"OK where do i begin?... This movie changed my life! The plot was seamless. James Cahill has out done himself. Initially after a first viewing i was disappointed that i hadn't seen it on the silver screen. However this was before exploring the DVD's many features!!!! Oh my god Jakes Cahill's commentary of the film was almost as flawless as his acting. he told of industry secrets used in the film that you only get with experience.<br /><br />I was so impressed by the other actors. The scene where the security guard is talking to the girl in the hallway, reminded me of some of my favorite blue (pornographic) movies. I am certainly with Gangsta when he expresses his disappointment with no sequel.<br /><br />I am still blown away with each viewing of the martial arts skills involved, matched only by the sign indicating the location of the library at the school... and possibly the guy playing a retard! All in all a timeless classic and the best film to come out of Europe in years! where my Oscars at dawn!!!!!!!!!!!",positive
"I just got done watching The Edge of Love (by the way, this is one of the worst titles so far this year) and it felt like a chore. Watching Keira Knightly's unlikable, skeleton-looking character made me cringe even more throughout the coarse of the film.<br /><br />It took me four nights to watch this it was so boring. The only good thing about it was Cillian Murphy. He's always good/believable and is severely under looked in many films. This, however, was just not good enough for him.<br /><br />Apart from the unlikable characters, boring storyline, the plot was also emotionally unsatisfying. I felt like I spent my time watching this for nothing (which I did). I should have done the smart thing and turned it off, but I kept it on out of respect for Cillian Murphy and the great cinematography.",negative
"I have been an avid Jane Austen fan for many years. I had never seen this adaptation, so when I had heard of it, I came here and read all the excellent reviews. On that basis I eagerly ordered it from Netflix. What a cruel disappointment! They have taken one of the most subtle and bright comic novels and made it dull. Each character seems to have been dealt a single facial expression, a single tone upon which to base their flat characters. Although this adaptation seems to have used every word that Jane Austen wrote, they appear to have been passed around to characters in a random fashion. Even though it was done as a miniseries, this adaptation manages to confuse and feel as rushed as if it had been done as a movie of the week.<br /><br />Mr. Bennett too harsh, Mrs. Bennet just a chattering chipmunk, Mr. Darcy as lifeless as a nutcracker, the Bennett girls almost indistinguishable and Mr. Wickham a man who no one would look twice at - hardly the appealing cad! I'm quite put out!",negative
"Great characters, great acting, great dialogue, incredible plot twists in plain language one of the best shows I've ever seen in my life. Do yourself a favor and watch this show, you won't regret it. This show re-writes the book on Sci-Fi!",positive
"The Monkees, surprisingly, are a big favorite of mine. Yes, they might have been the original manufactured rock band; a gimmick that certainly has reached overkill in the 21st century. However, their music holds up as some of the best the 1960's had to offer. Last Train To Clarksville, Daydream Believer, I'm A Believer, (I'm Not) Your Stepping Stone, Valleri and Pleasant Valley Sunday are great songs, written by good songwriters such as Boyce/Hart, Neil Diamond, Goffen/King and John Stewart. While they weren't great musicians or songwriters, they had a likable screen presence and plenty of appeal and some of their own stuff was actually decent. Their T.V. show is dated stuff in 2007 but I still watch the show on occasion as a time capsule to life in 1966-1968; that magical and dangerous time in U.S. history.<br /><br />However, as we all know, as a portent of things to come for the likes of Kelly Clarkson, The Monkees didn't want to be considered manufactured and just puppets for their recording company. Despite their average talents, they wanted to write their own songs, produce their own albums and call the shots when it came to tours. Sadly, this turned out to be a disaster; especially when Peter Tork's choice of Jimi Hendrix as an opening act was nixed due to his stealing of the show and heavy sexual suggestions in his music compared to The Monkees G-Rated content.<br /><br />However, the final nail in the coffin for the Monkees (until 1986) was the infamous motion picture Head. Head was written by Bob Rafelson and Jack Nicholson while they were allegedly high on the Mary-Jane. The film received poor reviews and only made $16,000 in the box office. Today, the film is a cult classic, ahead of its time and delivers a message of what was on the minds of the youth in 1968, the Summer Of Anger.<br /><br />Head really has no plot. Basically, one to four of The Monkees lurch from scene to scene without any rhyme or reason. They go from eating in a diner, to seeing Davy Jones getting bashed by Sonny Liston, to a Western, to being sucked into a vacuum, to performing at a concert and so forth. The film basically offers up oblique opinions of what was wrong with American society. The Monkees bash commercialism, the war in Vietnam, American policy, censorship, the Establishment and greed. You have to read between the lines to see what the targets of derision were.<br /><br />The Monkees spend a lot of time boxed up at certain junctions of the film, symbolizing how they felt their record company saw them; as nothing but toys for them to play with when it was time to record another hit album. A scene where they are outnumbered 16-4 in the Western scene could be a symbol of them against the session musicians, songwriters, record producers and whatnot who controlled their careers and the cannon they fire at them is their way of saying ""Begone!"".<br /><br />The film is truly a psychedelic trip to behold. The flashy tie-dye colors, the hypnotic concert and belly dancing scenes and the druggy imagery is everywhere. The acting is actually very good but that's being biased as I like The Monkees T.V. show. A small soundtrack features ""The Porpoise Song"" and three songs written by The Monkees themselves.<br /><br />The film actually has some hilarious scenes on occasion; although maybe they weren't supposed to be. Mickey Dolenz beating up a Coke Machine that didn't give him a soda or his violent punch-ups in the boxing scene (I mean, he was a wiry guy who probably weighed no more than 135) had me laughing it up.<br /><br />All in all, this movie is an absolute must-see for any Monkees fan. I think a lot of people will feel this movie is indeed ""over their Head"" but for those obsessed with the 60's and society at the time will find it a great time capsule.",positive
"Viva Variety was a unique hybrid program that was both a parody of and a tribute to the programs it represented. <br /><br />It was most directly a mock up of the classic 1970s favorite, ""The Sonny & Cher Show,"" With Thomas Lennon and Kerri Kenney playing a divorced show biz couple who were somehow forced to host this program together, the female of the pair towering over the male, and the constant barrage of ""insult humor"" the couple tossed at each other, plus sketch comedy bits and performances from what are most kindly described as ""specialty"" acts! <br /><br />The ""hybrid"" was the mix of fact and fantasy. Of course, there was no ""Mr. and Former Mrs. Laupin,"" and the program's announcer, Johnny Bluejeans, was likewise equally fictional. But all the acts that performed were certainly real, and some were even entertaining! But there were also some acts that would have clearly been better suited for the old Chuck Barris ""Gong Show."" <br /><br />The show itself was really more like an extended sketch from ""SCTV"" (it was borne from the MTV series, ""The State,"" after all), and some would suggest that it would have been better as a five minute bit in the mix of a program like that one, rather than a stand alone series. But ""Viva Variety"" certainly should get high marks for original concepts, and even though it was often more odd than funny, it was certainly worthwhile, especially when they road tripped to Las Vegas and brought in even glitzier acts to perform. It's unlikely we'll ever see anything like this on television again.",positive
"I am from the Dallas/Fort Worth area and lived in Arlington for a few years. This movie was way off as far as making it look like Arlington. I saw mountains in the background of one scene! Texas doesn't have mountains. I guess that happens when a movie that is supposed to be in Texas is filmed in Canada. The accents are also really bad. They should have gotten actors from Texas to play the parts. There a lot of aspiring actors from Texas out in Hollywood. The movie is really sad though, because it is a true story. I pray that the killer is found and convicted. The one good thing is that bc of her death, we now have the Amber Alert to help find missing children quickly after they are abducted.",negative
"This film was the first British teen movie to actually address the reality of the violent rock and roll society, rather than being a lucid parody of 1950s teenage life. In an attempt to celebrate the work of Liverpool's Junior Liaison Officers the opening title points out that 92% of potential delinquents, who have been dealt with under this scheme, have not committed a second crime. However, this becomes merely a pretext to the following teen-drama until the film's epilogue where we are instructed that we shouldn't feel responsible or sorry for such delinquents however mixed-up they might seem.<br /><br />Stanley Baker plays a tough detective who reluctantly takes on the post of Juvenile Liaison Officer. This hard-boiled character is a role typical of Baker. Having been currently on the trail of a notorious arsonist known as the firefly and does not relish the distraction of the transfer. However, as in all good police dramas he is led back full circle by a remarkable turn of events, back to his original investigation.<br /><br />His first case leads him to the home of two young children, Mary and Patrick Murphy (played by real-life brother and sister duo), who have committed a petty theft. Here he meets Cathie (satisfyingly portrayed by Anne Heywood) their older sister whom he eventually becomes romantically involved with. It quickly becomes obvious that the squalid environment of such inner-city estates is a breeding ground for juvenile delinquency.<br /><br />The elder brother of the Murphy family, Johnny, is the leader of a gang of rock and roll hoodlums. McCallum does an eye-catching turn as the Americanized mixed-up kid, who owes more to the likes of Marlon Brando, than any previous British star. One is reminded of Brando's character Johnny from 'The Wild One' who led a leather-clad gang of rebellious bikers in much the same way as this film's 'Johnny' leads his gang.<br /><br />Thankfully the preachiness of earlier Dearden crime dramas such as 'The Blue Lamp' is not so apparent. Instead we are presented with several well drawn-out characters on both sides of the law as the drama of the delinquents and the romantic interest between Heywood and Baker takes the forefront.<br /><br />The plot, whilst at times predictable, does deliver some memorable scenes. The disruptive influence that rock and roll music was thought to have had is played out in a scene where Johnny abandons himself to the music, leading a menacing advance on the police sergeant. The most grippingly memorable piece of film however is the climatic classroom scene where a bunch of terrified school children, including Mary and Patrick, are held hostage at gunpoint by Johnny. Obviously in the light of the real-life Dumblaine Massacre this scene seems all the horrifying. Understandably because of this the film is seldom aired or available to modern audiences.",positive
"OK, Chuck Norris has shown up in many an entertaining movie over the years. This is not one of them. I won't even bother trying to get into the plot about a Bible shipment gone wrong. The ""acting"" of the main characters is so wood like, Pinocchio would have done a better job! The synthesizer based soundtrack is even worse than the one in Deathstalker. Whereas traditionally low budget spooky movies are often trying to catch their audience by adding plenty of graphic violence, this one is trying to catch an audience by throwing religious mambo jumbo at the spectator. The plot boils down to different versions of the Bible.",negative
"I know it's not original, but what the hey? What else can be said about it? I feel unutterably silly just paying any attention at all to ""From Hell It Came"". The movie makes the important political and social issue of fallout from atmospheric atomic tests seem a matter for joking and dismissal, not the concern and alarm being raised by scientists all over the world at the time.",negative
"This has to be some of the worst direction I've seen. The close-up can be a very powerful shot, but when every scene consists of nothing but close-ups, it loses all its impact. <br /><br />Tony Scott has some very beautiful scenery to work with, the backdrops of Mexico, the cantinas, the beautiful estate where Anthony Quinn lives, and the dusty towns Costner rolls through on his journey for revenge. Unfortunately we only catch quick glimpses of these places before the camera cuts to a picture of a big, giant head. Even the transition scenes where Costner is driving alone across Mexico quickly cut to a close-up. <br /><br />The score is over-dramatic and intrusive, dictating every emotion we should feel. The story itself should have been handled much better. Among other things, too many people pop up out of nowhere to help Costner along - it's just bad writing. <br /><br />It's a typical thriller storyline, but many others have taken the same premise and done outstanding things with it. Costner's No Way Out had a somewhat similar storyline, but it was a much better movie. <br /><br />The ending was completely anticlimactic and suffered from the most melodramatic scoring of the film. This movie was never going to be great, but if we saw more of Mexico and less of giant heads this film might have been watchable.",negative
"Every once in a long while a movie will come along that will be so awful that I feel compelled to warn people. If I labor all my days and I can save but one soul from watching this movie, how great will be my joy.<br /><br />Where to begin my discussion of pain. For starters, there was a musical montage every five minutes. There was no character development. Every character was a stereotype. We had swearing guy, fat guy who eats donuts, goofy foreign guy, etc. The script felt as if it were being written as the movie was being shot. The production value was so incredibly low that it felt like I was watching a junior high video presentation. Have the directors, producers, etc. ever even seen a movie before? Halestorm is getting worse and worse with every new entry. The concept for this movie sounded so funny. How could you go wrong with Gary Coleman and a handful of somewhat legitimate actors. But trust me when I say this, things went wrong, VERY WRONG.",negative
This movie is so bad that it actually gets funny. One of the worst movies I've ever seen in my entire life. The funny thing was that the trailer had scenes in it that wasn't in the movie. Just by watching the trailer I would have saved a lot of my time. It actually showed everything that happened in the movie except for the conclusion and that was also so obvious.<br /><br />It's honestly hard to think of a reason why this movie was made. This is just so bad. Horrible. <br /><br />I would give it 0 out of 10 if that would be possible. There is nothing else to say about this movie.,negative
"Guy Richie's third proper film (not counting the God-awful ""Swept Away"" is a complex action thriller concerned with gambling, gangsters and chess. Fans of Richie's previous efforts will probably hate Revolver as much as I did, with its twists and turns. Richie stalwart Jason Statham plays Jake, a newly-released ex-con, out to wreak revenge on the ridiculously named Dorothy Macha (a superbly OTT Ray Liotta) but instead gets embroiled with a couple of other cons, (one of which is Andre 3000 from rap outfit Outkast) who throw him and us the audience, a number of red herrings throughout the film, all of which becomes extremely tedious. The high point of this mess of a movie is the bit in the restaurant, where the dialogue gets turned down in favour of a superbly shot, slow-mo shootout set to Beethoven's Moonlight Sonata. All in all, Revolver is a flawed work, not truly awful but far from Richie's best. That would still be Lock, Stock. If this film was a school homework assignment it would be graded 'must try harder!'",negative
"I went to see Random Hearts with 3 friends, and at first, I thought maybe it was just me who wasn't enjoying the movie. After all, I didn't like As Good As it Gets and that movie won all sorts of awards. Well, it wasn't just me...none of my friends liked it either. It was unbelievable slow, much like getting teeth pulled. The only action that is in the movie is what is in previews. We didn't walk out of the theatre because we all assumed something more would happen. We weren't as smart as the 7 or 8 people who did walk out. I have never walked out on a movie in my life, but I definitely should have. This is all tough for me to write, considering I am relatively easy to please when it comes to movies. It takes a lot for me to think a movie is awesome, but not much for me to just like it. This movie didn't even come close in the like category. Not only was the movie about 2 hours too long, but it was like two separate trite stories in one, but they weren't smoothly sewn together. Plus, the ""soundtrack"" if you could even call it that was so annoying. Like Seinfeld has the same riff that is played over and over again (difference being that i like Seinfeld)..this movie had this jazz riff that it kept playing, which sounded highly inappropriate at times, especially when people were dealing with the deaths of the plane crash. Hard to explain what I mean, but trust me it was awful. I cannot say enough to make people not waste their money. After I left the theatre, I honestly wanted to write to the movie company and demand my $7 back..sheeesh, I could have gone bowling or something for that money.",negative
"""Indian burial ground"": If those three words appear anywhere in a real-estate listing, look for a different neighborhood. A young couple with a young daughter and a toddler-age son move into a Maine house adjacent to a pet cemetery--and, after a l-o-o-o-ng hike, an ancient Indian burial ground. Seems the Indian ground can bring Fido or Fluffy back from the dead--if you don't mind having a raving hell beast for a pet. It can do the same for dead people--if you don't mind having a homicidal zombie around the house.<br /><br />Throw in a busy two-lane blacktop, speeding big rigs, a well-meaning (if somewhat dim) old neighbor, and one kid who really doesn't get enough supervision, and I think you can figure out what happens from there--an over-the-top, illogical mess, which, in all fairness, does offer up a few scares.<br /><br />Well, there are worse Stephen King adaptations (such as ""Maximum Overdrive,"" which King also directed). But there are far better ones, too (such as ""Salem's Lot,"" ""The Dead Zone,"" and both versions of ""The Shining"").",negative
"Guys and Dolls is a unique play based on the characters. Sky Masterson<br /><br />(Marlon Brando) is a high-class gambler who takes up a bet with Nathan Detroit (Frank Sinatra) for one-thousand dollars. Nathan needs the money so he can<br /><br />run his usual crap game and make a fortune. The bet was that Sky wouldn't be able to take just any girl to Havana, Cuba and the ""doll"" he chose was Sarah<br /><br />Brown (Jean Simmons) who was in charge of a missionary. Sky finally bribes<br /><br />Sarah enough to go to Havana with him. They end up falling in love with each other, but later she accuses him of something he had no part in. Nathan ran a crap game in the missionary the night they were gone. Nathan's 14 year fiancé Adelaide (Vivian Blaine) disapproves of Nathan's gambling and tries to stop him from doing it. However, when the movie ends it all ends happy with a double<br /><br />wedding.<br /><br />The songs in this movie are just wonderful no matter who sings it. Marlon<br /><br />Brando has no singing voice at all and true they could have dubbed him but it didn't really matter. He did a wonderful acting job (obviously seeing as it's Brando) and played his character very well. I have seen a few movies with Jean Simmons and thought that this movie was her weakest one, she also couldn't<br /><br />sing at all. However, the singing is made up by Frank Sinatra, Vivien Blaine, and Stubby Kaye. Vivien Blaine and Stubby Kaye was also in the original<br /><br />Broadway production of Guys and Dolls. Vivien Blaine had a terrific voice and was the perfect Adelaide. If you like musical, and even if you don't, i advise you to watch this.",positive
"NOTHING (3+ outta 5 stars) Another weird premise from the director of the movie ""Cube"". This time around there are two main characters who find themselves and their home transported to a mysterious white void. There is literally NOTHING outside of their small two-story house. Intriguing to be sure, but I thought the comedic tone established for this movie from the get-go was extremely ill-conceived. There needs to be some humour, certainly... and I have no problem with the humour that was eventually derived from the plight of our two heroes (their final ""showdown"" was definitely a hoot)... but I really think the movie would have been a lot better off if it had stayed more rooted in reality in the beginning. After watching the movie I watched the ""Making of"" feature on the DVD and a short trailer at the end is almost totally devoid of the ""sillier"" comedic aspects... making it look like a completely different (and slightly better) movie. The last half hour of the movie is where things really start to come together... similar in a way to the recent movie ""Primer."" The actors are fine when they are not overdoing the comedy shtick. They are really quite believable in their more ""normal"" moments. I was probably ready to write this movie off as a failed experiment at the midway point... but it won me over by the end. (And keep watching past the credits for the final scene... just don't ask me to explain it.)",positive
"Being a huge die-hard Monkey Island fan, I fugured this one would be terrible since Ron Gilbert didn't make it. Boy was I surprised! Although it's still not as good as the first two, it has the comedy that I wanted. I was a little nervous about the new graphics, new SCUMM engine, and just the fact that it was on a CD. But it all came together, and it was interesting to finally hear the voices of your favorite characters. I especially enjoyed that SWORD FIGHTING had returned. And the whole story about finding the big uncursed ring was just incredible. Go ahead and try out this two-CD adventure. And now we can rejoice, because Monkey Island 4:Escape from Monkey Island is coming out REALLY REALLY soon! This fall!",positive
"This is definitely one of the weaker of the series of Carry On films. It lacks the usual fun and sparkle and even the cast seem embarrassed by the poor dialogue. By the time this came out, the series was in terminal decline and boy does it show! If you're coming fresh to this series, avoid this one till near the end.",negative
"Skip McCoy is a three time loser pick pocket, unable to curb his instincts back on the street, he picks the purse of Candy on a subway train. What he doesn't realise is that Candy is carrying top secret microfilm, microfilm that is of high interest to many many organisations.<br /><br />Director Samuel Fuller has crafted an exceptional drama set amongst the seedy underworld of New York City. Communist spies and shady government operatives all blend together to make Pickup On South Street a riveting viewing from first minute to the last. Based around a Dwight Taylor story called Blaze Of Glory, Fuller enthused this adaptation with heavy set political agenda, something that many at the time felt was over done, but to only focus on its anti communist leanings is doing it a big disservice.<br /><br />Digging a little deeper and you find characters as intriguing as any that Fuller has directed, the main protagonist for one is the hero of the piece, a crook and a shallow human being, his heroics are not born out of love for his country, they are born out of his sheer stubborn streak. It's quite an achievement that Fuller has crafted one of the best anti heroes of the 50s, and i'm sure he was most grateful to the performance of Richard Widmark as McCoy, all grin and icy cold heart, his interplay with the wonderful Jean Peters as Candy is excellent, and is the films heart. However it is the Oscar nominated Thelma Ritter who takes the acting honours, her Moe is strong and as seedy as the surrounding characters, but there is a tired warmth to her that Ritter conveys majestically.<br /><br />It's a B movie in texture but an A film in execution, Pickup On South Street is a real classy and entertaining film that is the best of its most intriguing director. 9/10",positive
"Average (and surprisingly tame) Fulci giallo which means it's still quite bad by normal standards, but redeemed by its solid build-up and some nice touches such as a neat time twist on the issues of visions and clairvoyance.<br /><br />The genre's well-known weaknesses are in full gear: banal dialogue, wooden acting, illogical plot points. And the finale goes on much too long, while the denouement proves to be a rather lame or shall I say: limp affair.<br /><br />Fulci's ironic handling of giallo norms is amusing, though. Yellow clues wherever you look.<br /><br />3 out of 10 limping killers",negative
"You will be able to tell within the first 30 seconds of this film whether you want to finish watching it. The film opens with images of planes landing at an airport, one plane after another diving into a mirage-filled runway. You will be able to accurately guess that this movie is not about a ""story."" At first viewing, it's even easy to think the opening images are repetitive shots of the same plane. The initial drama is in the acuteness of your perception, which is built on your willingness to experience the film simply as a series of images. If after this opening, you want to see the movie, you will not be bored. You may even be mesmerized. The movie may be an emotional experience; it may be an intellectual experience; it may be both. Judging from the DVD commentary, which is essential, it was primarily an emotional experience for Herzog, and, at one point, he talks explicitly about how the film is a collaboration between filmmaker and viewer. There's plenty of room for the viewer to make of this film exactly what he or she wants to make of it. Take a gamble?",positive
"If you're going to put on a play within the prison walls why not go for the top playwright William Shakespeare? And if you are going to choose your cast from a whole lot of criminals serving long sentences for the most heinous crimes, you can be sure there will be plenty of time for rehearsals. In a Kentucky Correctional Prison a courageous project such as this was undertaken with amazing results. This film shows how it was all done.the casting.the rehearsals.the set and costumesand the final presentation of Shakespeare's play ""The Tempest."" It had not occurred to me before but there is an analogy between the setting of the play and the correctional prison. In the play the ship-wrecked characters are confined to an island with no contact with the outside world. Prison life too is much like that.<br /><br />With a simple painted back drop of a surrounding seascape, the characters in a most pleasing assortment of costumes bellow out their lines to an approving audience, may be not quite as Shakespeare intended but with good heart and true sincerity for sure.<br /><br />More interesting than the play itself were the little cameos of each man behind his character. One inmate saw the play as a lesson in forgiveness another as a redemption of his sins. It was quite moving to see the men wipe away a tear as they spoke of murder, shooting and strangulation. One had the feeling that they would all like to wind back the clock and reconsider their brutal actions. However (as someone said) the past was past, and the present was the beginning of a new future. At least the play gave temporary relief from the depressing thoughts of past events.<br /><br />The prison authorities should be applauded for allowing the play to take place. Such an event would put Kentucky on the map and hopefully other prisons might follow their good example. It seems to me that everyone stands to benefitnot only the Kentucky prison but the prisoners themselves who need to find new confidence and self esteem and be prepared for the day when they go out on parole.",positive
"Film version of Sandra Bernhard's one-woman off-Broadway show is gaspingly pretentious. Sandra spoofs lounge acts and superstars, but her sense of irony is only fitfully interesting, and fitfully funny. Her fans will say she's scathingly honest, and that may be true. But she's also shrill, with an unapologetic, in-your-face bravado that isn't well-suited to a film in this genre. She doesn't want to make nice--and she's certainly not out to make friends--and that's always going to rub a lot of people the wrong way. But even if you meet her halfway, her material here is seriously lacking. Filmmaker Nicolas Roeg served as executive producer and, though not directed by him, the film does have his chilly, detached signature style all over it. Bernhard co-wrote the show with director John Boskovich; their oddest touch was in having all of Sandra's in-house audiences looking completely bored--a feeling many real viewers will most likely share. *1/2 from ****",negative
"William Shakespeare's plays are classified as comedy, tragedy, or history. Some of his most memorable --and most often read -- creations provide us with wistful humor, gentle poetry and hilarious slapstick. Some of them survive as unforgettable dramas of compelling depth and gravity. Regardless, he was able to write with unparalleled skill and inventiveness, contributing greatly to our young language. So in what category lies The Merchant of Venice ? I was very surprised to find it is one of Shakespeare's comedies. I had never before read it nor seen it, but after watching this most recent film version I have decided it is neither and it is both. This is one of many questions the viewer must try to answer when coming to terms with what is clearly a perplexing and deeply troubling moral tragedy.<br /><br />The players are introduced quickly, and simply. One of them, firstly, is Venice itself; director Michael Radford filmed the Venetian scenes in the actual city, creating an impressively vibrant, bustling backdrop to the play's proceedings. To this scenery enters the youthful Bassanio (Joseph Fiennes), returning to Venice to see a dear old friend, Antonio (Jeremy Irons). It seems the poor Bassanio has heard of a princess whose father has died and has left to any potential suitors a lottery of sorts. Waiting at the fair lady's island estate are three small trunks, <br /><br />only one of which contains ""images of the princess"". He who can guess the right one, using only blind intuition and the cryptic teasers written upon them, will be bestowed the father's huge fortune for life. Oh, and his daughter and her eternal love in marriage, I forgot to mention. Here the light comedy of Shakespeare takes over the movie. This farcical plot element drives the story and also fills up much of the film's screen time, as a number of painfully eager opportunists arrive at the island, humorously vying for and failing to earn this very wealthy hand in marriage. But before any of this occurs Bassanio, very much lacking in finances, entreats Antonio to loan him three thousand ducats to pay for the lengthy journey he must take to have his shot at the prize. <br /><br />Antonio, himself nearly penniless, must reluctantly embrace humility by seeking the financial aid of Shylock (Al Pacino), one of countless Jewish usurers who keep the sagging economy afloat yet are scorned and persecuted to no end by the city's zealously Christian majority. Thus they dwell in society's underbelly, and it is here the two borrowers must go. Shylock does not hesitate to remind the two men of a certain incident where Antonio insulted and spat on him in the city market, and he proudly rebukes this man who frankly has a lot of nerve now coming to ask for help. But help him Shylock does. He even erases any kind of interest on the loan, most likely feeling he has no reason to be concerned if Antonio will be able to repay him within three months. Still, Shylock's one contractual demand is a pound of Antonio's flesh, should he renege on their agreement. This is an unsettling request, to be sure, for Antonio and Bassanio as well as for us. But it appears that despite his justifiable pride Shylock does not really anticipate seeing such a gruesome act occurring. <br /><br />So here the dramatic groundwork has been laid. And while the film goes off to explore its gentler side with its love lottery and mistaken identities, there still looms the gloomy prospect of the loan itself. In the end, what will become of this ominous agreement? Meanwhile we are left at turns to explore the true central character of Shylock. Al Pacino has ample dramatic weight to carry here, and he does so with convincing grit and passion. There are times when he is given room for the theatrics we have come to expect from such a colorful actor. But his most impressive scenes are the ones where he internalizes this energy, showing a conflicted personality: honest, sincere, and proud, yet brooding, vengeful and entirely remorseless. This is one of Pacino's most heartfelt performances to date. And while the rest of the cast play their roles creditably and convincingly, it is Pacino who really owns the film -- especially toward the end, when Shakespeare upends this seeming romantic comedy with a wallop of a third act.<br /><br />I shall not reveal much here; all I can say is that it involves the initial loan -- a mighty shoe one expected would drop sooner or later. And does it ever. By the end Shakespeare has raised a host of dilemmas for his audience: seemingly unresolvable questions of faith, morality, law, and mercy are thrown before us through the final scenes, and while by curtain's close the playwright's position may seem clear to some, we are left completely at odds. There are winners and losers in this one, but have the winners earned their spoils with good reason, or have they in a larger sense ended out losing as well? Has virtue been rewarded, or simply flouted? Has justice in fact this time been just? By the play's finish some fates are painfully clear, and unequivocally sealed. But the audience are to be the ones who really decide the verdict for all of those involved. And for some the verdict is still out for the play as well. Comedy or tragedy? The author has cunningly veiled the intense courtroom finale with an ending of light mirth and pat romantic resolutions. Is he saying that all is well that ends well, or is this his final, ironic condemnation? The play's humor serves to set us up nicely for such a heavy crash. And while it is also what unfortunately keeps The Merchant of Venice from achieving the greatness of so many of Shakespeare's other works, it is still engaging, amusing, and thought-provoking beyond measure.",positive
"I watched this film in shire joy.<br /><br />This is possibly one of the best films of all time. It has a timeless value, you can get so much out of it it's amazing. There are parts that are moving, funny, and just great.<br /><br />All aspect are spot on, the portrayal of the story is perfect, every detail is 100% genuine, even small Irish subtleties have been covered.<br /><br />The use of low and high shots gives two great views on Cristy (look out for that).<br /><br />Daniel Day-Lewis's performance is incredible. I've never seen an actor do that, ever. It really is amazing.<br /><br />And it's so great to watch, it flows so well, it's probably the closest thing yo can get to real life experience. I love it.<br /><br />If you haven't seen it, you should see it. Don't have any doubts on it, there is something there for all.",positive
"quite good, don't expect anything high culture.......the acting is bad, the storyline fails, but it is still a fairly nice movie to watch. why? because it's dark, a little bit stupid, like unpredictable and just entertaining and fun to watch. do not expect anything, like i said, just see it for yourself and you know what i mean.<br /><br />it is a movie, without a plot or memorable acting, but there are enough scenes that will make you laugh, cry or at least make you feel compelled to watch it to the end...<br /><br />this is all i wanted to say....<br /><br />7 / 10",positive
"It's astonishing that some people saw this as art. We saw it as a poorly filmed (shaky hand-held camera and all), (generally) badly acted, unscripted mess that seemed more like a high school film project with the kids experimenting in black & white film making. Injecting mounds of poetry in place of a story does not an art film make. When we watched this in the theatre, people were starting to have fits of the giggles (us included) at the endless stupidity of this self-indulgent, meandering mess. And believe me, it does seem endless. Had we finished our candy and popcorn, we too would have walked out of the theatre with the other two dozen people who packed up and left looking for something more interesting to do!",negative
"There is no way to put into words just how bad, how shapeless, paceless and laughless these ""Vice Academy"" films really are. You have to experience one for yourself. For the third time in a row, writer-director Rick Sloane does not show even an ounce of writing or directing talent. There is nothing here that a person above the age of 5 will believe or laugh at, yet the (very brief) nudity and other ""plot"" elements make the films unsuitable for kids. Which leads me to believe that they are really aimed at adults with the mental capabilities of 5-year-olds. Elizabeth Kaitan makes a more than welcome replacement for Linnea Quigley - she is winningly bubbly and cute, and her wonderful big smile is about the only thing that can make a viewer smile as well. But watching her and the other girls in this film is like watching a bunch of flowers in a desert covered with horse manure. (*)",negative
"Did we all see the same movie??? I can't believe the raves some of the others are giving this really awful bio which, believe or not, was authorized by Shirley Temple herself, based on her book CHILD STAR. Gives me the feeling that some are awfully easy to please.<br /><br />First of all, ASHLEY ROSE ORR, whatever her modest talents are, in no way, shape or form even resembles Shirley Temple enough to be cast as her in this sort of straightforward biography of the world's most famous child star. She gives no indication of why or how this child was so revered except for trying her hardest to do a Shirley impersonation which never clicks on any level. None whatsoever.<br /><br />And that is the major handicap of the whole piece. But as if that isn't bad enough, any drama inherent in Shirley's story of her climb to almost overnight stardom has been completely white-washed with insipid writing peppered with occasional song and dance moments that don't even approximate what Shirley did (as for example, ""The Codfish Ball"" with Buddy Ebsen which was probably the high point of Shirley's choreographed dance routines).<br /><br />Simply putting a girl in a polka dot dress doesn't make her Shirley Temple. None of Shirley's own brand of charm, warmth and appeal is even remotely suggested. All we see on display is a pale imitation of the original proving, once and for all, that there was only one Shirley Temple.<br /><br />It's worthless to write anything further about this mess. None of the others are more than ordinary in lifeless roles. My advice for Shirley's fans is to read her book--or better still--watch her movies.<br /><br />This is the pits.",negative
<br /><br />Robot jox is a great little film ok some of the sets are bad and the acting is not that great but the special effects are very good for a film of this size and age. You have to remember that this film is over 10 years old now and was made very cheaply in the 1st place so you cant moan to much about the bad parts. So just sit back and watch a cool film with great big robots in it.,positive
"Poor Jane Austen ought to be glad she's not around to see this dreadful wreck of an adaptation. So many great Jane Austen movies have come out recently that this one deserves to be permanently buried along with two other movies I despise-The Man in the Gray Flannel Suit and the 1969 version of David Copperfield. My main beef with the movie is that it completely misses the point of the book. Jane Austen was poking fun at the Gothic mania in her society, and much of the novel is tongue in cheek. The movie, however, is serious and comes across terribly melodramatically. The lighthearted, fun-poking flavor of Austen's writing is completely and conspicuously absent from this ponderous foray iinto horror meets period drama. The scenes of Catherine's imagination are both gratuitous and uninteresting. Also, Henry Tilney is dreadfully unappealing. Why, I ask, would anyone fall for him? If you are looking for a fun-filled Jane Austen evening, watch Emma instead!",negative
"After his classic film noir homage Chinatown Roman Polanski returned to the themes that had given him his greatest hits in the 60s with this creepy psychological horror which, like Repulsion and Rosemary's Baby, deals with the paranoia and claustrophobia generated by apartment living.<br /><br />Claustrophobic environments are the ones which Polanski is best at creating, and this has to be the most suffocating and confined picture he ever created. The emphasis on side walls and distant vanishing points is greater than ever, and even in the small number of exterior scenes the sky is rarely glimpsed. But The Tenant is not just confined spatially, but also in the intensity with which it focuses on its protagonist. Trelkovsky, played by Polanski himself is not only in every scene, he is in virtually every shot. When he is not on screen more often than not the camera becomes Trelkovsky's point of view. And of course almost everywhere he looks he sees his own reflection staring back at him in a mirror.<br /><br />I can't think of any film that is more about the internalisation and solitude of one character. Some psychological thrillers, like M or Peeping Tom, manipulate us into feeling sorry for the mentally ill protagonist. Others, like Psycho, attempt in-depth scientific analysis of his mental condition. The Tenant fits into neither of these categories  it simply immerses us completely inside Trelkovsky's experience without demanding we actually understand or appreciate what is going on inside his head. We feel his paranoia and obsession even though it is constantly revealed to us that they are irrational.<br /><br />Polanski was also a master of the slowly unfolding horror film. Often in his horrors there is an ambiguity as to whether there is actually anything sinister going on, but they are among the most effective at frightening audiences. Why? Precisely because they unfold so slowly and invest so much time in painstakingly setting up situations that they immerse the viewer in paranoia. A much later Polanski horror, The Ninth Gate is a bit of a mess plot-wise but at least it still manages to achieve that creeping sense of dread.<br /><br />This is a rare chance to see Polanski himself in a major role. His talent in front of the camera was as good as behind it, and he is absolutely perfect as the meek Trelkovsky. Another standout performance is that of the all-too-often overlooked Shelley Winters as the concierge. In actual fact it is rather a stellar cast, although many of the familiar faces look out of place in this strange, Gothic European movie. Also sadly many of the French actors in supporting roles are atrociously dubbed in the English language version.<br /><br />The Tenant is more polished and less pretentious than Repulsion, but it lacks the suspense and the character that make Rosemary's Baby so engrossing and entertaining. The Tenant is good, with no major flaws, and Polanski was really on top form as a director, but it's not among his most gripping works.",positive
"""In Love and War"" is a simple feel-good TV-film, and should be viewed as such.<br /><br />(Possible spoiler)<br /><br />It is the story of a WWII British soldier, Newby, captured with his commando by the Italians and imprisoned in a former orphanage. As the Italians surrender to the Allies, the commando is freed, and attempts to flee. However, the Germans arrive and the commando is captured again. Only Newby, injured, remains at large. The rest of the film recounts how he is hidden and protected by the Partisans, and his survival.<br /><br />(End of spoiler)<br /><br />Based on a true story, ""In Love and War"" is a refreshingly straightforward film. Half comedy, half romance, the story is simple and unambiguous. The 'atmosfera' is warm and sunny, and the various stereotypes (the desperately unorganized or romantic Italians, the serious stern-looking Germans and the phlegmatic and pragmatic British), although unoriginal, are still humorous. Nicola Piovani's musical score also adds to the Mediterranean flavour.<br /><br />Although it is far from being a ""Tea With Mussolini"" or a ""La Vita E Bella"", ""In Love and War"" is a sweet simple film that will put a smile, and maybe even a little tan, on your face.",positive
"This film is a brilliant retelling of Shakespeare's classic love story, complete with ""kinky sex, body piercing, and dismemberment"". It does follow the same spirit as all the other Troma movies [except Combat Shock...That sucker was depressing] but it's not only for Troma fans. Anybody who appreciates lowbrow visuals and a hilarious script will without a doubt fall in love with this movie.<br /><br />Don't expect pretentious, artistic-wannabe crap like the version of R&J with Claire Danes and Leo DiCaprio; this one knows its a silly movie and draws its humor from that. The acting is also surprisingly good, and you can just feel Sammy Capulet's pain as he tries to put his brain back into his head.<br /><br />The soundtrack, which contains many original and high-energy bands like The Wesley Willis Fiasco, Supernova, and The Meatmen is also four-star. This movie should be viewed by all, because it remains faithful to the original story while still being jam-packed with Troma's trademark gore/sex humor.",positive
"This movie was one of the worst I have ever seen (not including anything by or with Pauly Shore). I couldn't believe that a film could actually be THIS bad!<br /><br />Coolio has to be the single worst actor (again, not including Pauly Shore) to ever ""star"" in a movie. The temptation to hit the STOP button during this movie was huge (in fact, if there was a THROW IN THE TRASH button on my VCR, I would have been inclined to press that).<br /><br />Do yourself a favor, and do something more interesting than watch this movie, like watching the grass grow, or watching golf on TV.",negative
"I can't believe that anyone would green light this let alone voluntarily star in it. I will never be able to get that 90 mins of my life back.<br /><br />This has to be one of the worst films I have ever seen. Some films are so bad they're good. This has gone so far round again that's somehow it's so bad it's terrible. I was not exactly expecting much, it being a low budget, bandwagon jumping, rehash of a B Movie, but it still came in way under my expectation levels. Even TV movies have higher production values.<br /><br />There were (very) poor special effects, shocking dialogue, terrible acting and a completely unexplained plot. Who cursed her and why, why did the 6 inch snakes turn into 15 foot snakes, has anyone ever heard of highly venomous garter snakes or pythons? 100 passengers? 3,000 snakes? So many promises, none delivered. <br /><br />Some comments would have you believe that this film is worth watching for the last five minutes. It's not even worth a rental. Stay in and watch a low budget TV movie, you'll enjoy it a lot more. <br /><br />Why was this made? Oh yes, to shamelessly cash in on the internet phenomenon that is SOAP. Shame on you Mallachi Brothers, shame on you",negative
"When this film opened back in 1976, legend has that it was met with massive jeering and disdain --- it was widely considered a failure. I vividly remember Ebert giving it one star and it was supposedly booed at Cannes.<br /><br />Apparently these people didn't understand the movie, which is not that hard to comprehend since it's very esoteric, dark, and layered in ways that still astound me. Reading through many of the reviews here I find (even after about 7-8 viewings over the years) many elements of the film I had previously glossed over. But even without understanding much the psychological underpinnings of the story, it's still a cracking suspenser...even if you just take the escalating paranoia and persecution that overtakes Polanski's title character like a tsunami wave over the course of it's two hour running time.<br /><br />Examining the source material --- an excellent novella by underrated novelist Roland Topor --- uncovers more intriguing layers. Polanski's Trekovsky is a milquetoast of the highest order. Though he seems at first to be yet another mild everyday soul, one gradually realizes he is one of those people who seems to aimlessly drift through life, letting it direct him. He seems to have few strong feelings about his likes and dislikes. He finds himself gently pushed this way and that, but never seems to get too bent out of shape regardless. This vague sort of wishy-washy-ness is more noticeable in the novel than the movie, but there are hints of it early in the film too.<br /><br />Making a play for the apartment of a woman, one Mademouiselle Choule, who is in the hospital recovering from a recent suicide attempt, appears to be the most daring thing he has attempted (even effectively haggling down the price of the deposit in the bargain). He soon finds, however, that he is paying for his ""good thing"" in more ways than he cares, as he finds himself in the center of maelstrom created by a building full of neurotic, control freaks who are hypersensitive to even the slightest sign of human life, such as a footstep in the night or a knock on the door.<br /><br />Instead of taking a stand though, Trelkovsky becomes increasingly alienated by the situation, and overtaken by paranoia and a sense of persecution. He becomes obsessed with Choule, imagining himself to be like her, dressing like her, etc. as his own personality rapidly begins to be wiped away by his own insanity.<br /><br />If anyone has ever doubted Polanski's fearlessness as an artist, they'd be well-advised to see this film. His trademark black humor is prominently (and sometimes embarrassingly) on display here and --- god bless him --- he makes himself the butt of it. It's a tour de force performance in one of the richest, riskiest, most Gothic horror movies ever made. That more people haven't seen it is a true crime.",positive
This movie was a fascinating look at creole culture and society that few African Americans are aware. My own two children are by products of a paternal grandmother whose father was a member of the gens de couleur libre and a black skin woman whose parents were ex-slaves. He married outside of and against his culture and was cut off from all of his family except for one sister who took pity on her brothers plight; raising 8 children during the great depression of 1929; providing the family with food whenever she could. Of course she clandestinely aided this family fearing for her own ex-communication. My daughter was fascinated by the movie. We have made it a part of our library.,positive
"Jim Carrey is one of the funniest and most gifted comedians in film today. With his hyperactive spontaneity and his rubber face he can just go crazy, and we love him for it. He has the ability to make mediocre comedies (ala Ace Ventura), and turn them into decent comedic outings. Or, in the case of 'Liar Liar', make them some of the most hilarious contemporary comedies around. Carrey has also proven himself capable of tackling dramas. He was excellent in both 'Man on the Moon' and 'The Truman Show.' The guy is remarkable.<br /><br />Then comes 'Bruce Almighty,' an ideal vehicle for Carrey, and a premise that should have worked; Carrey, after complaining about God and how his life stinks, is enabled with God's powers. However, the script is pure recycled garbage. Now, no matter how bad a script is, Carrey's improvisation alone sometimes makes an unfunny scene funny. The problem is that there are very few opportunities for Carrey to be unleashed because so much of the comedy relies on silly special effects, only some of which are amusing. Carrey is rarely able to improvise because he has to work around the special effects. The writers apparently thought that all these special effects and superpower sequences were funny, because the rest of the movie is simply filler giving Carrey nothing else to work with besides a whiny character who is absolutely humorless. He seems more like a 5-year yearning for our attention, wanting the viewer to find what he is doing funny, when it's really just annoying.<br /><br />I have always enjoyed Jennifer Aniston on 'Friends' and she was superb in last year's 'The Good Girl.' She too has a gift for comedy, but with the script as linear as it is, she is simply given the part of the bitter girlfriend. She comes across as nagging, grumpy, and there is no chemistry between the two stars.<br /><br />'Bruce Almighty' should have been a comedy that works. But it doesn't even have the guts to tackle the subject matter that it's making fun of; religion. A few minor giggles (his internet is Yehweh), but instead it's just turned into a comedic superpower comedy. Not to mention that it's tone shifts from silly to heavy-handed, and even black comedy at times. The movie fails on nearly every level. That's not to see it is entirely devoid of laughs, but it's close. Any movie that feels the need to incorporate scenes of a dog peeing to get it's laughs has problems. But hey, if you find pee jokes funny, go for it.<br /><br />",negative
"Initially I was put off renting this movie due to the jacket art for the DVD. In fact, this held true with friends of mine who didn't rent it due to the art and the mental image(s) it conjured of being a movie that held little or no interest to me (or to my friends). But, I rented and watched it and was truly amazed.<br /><br />I agree with another user's comments that this movie is not for everyone due to the blatant sexual inferences, so it is definitely not something I'd want young children to watch (and doubt seriously if they would understand it anyway).<br /><br />I enjoy movies like this whereby the character's personalities and who they are are genuinely defined in a no-nonsense, direct way with no teasers to indicate they will turn out bad. The acting done ... was it acting? Ricci and Jackson performed so well, I was drawn into this movie not even realizing they were acting. Same thing with the story ... may seem far-fetched somewhat, but it was done so very, very well. It reminded me of another movie with Mel Gibson, Tim, where each character had limitations, whether mental or circumstantial, so were well-defined.<br /><br />I found much depth in this movie with the character's involved, so feel that everyone involved (from the cameramen to the actors) should be commended on a perfect fit/result. After viewing this movie, I had talked to a couple of friends who had a negative approach to watching it like I did, so after hearing my comments, they rented and watched it. They, too, were quite surprised at how good it was. It is too bad that the art on the jacket was done the way it was since it is a turn off. I can see now how the art applies, but I'd not heard of this movie before, and the art was my first impression ... art sells or destroys DVD sales/rentals.<br /><br />These characters had more depth to them and good timing was allotted to give an audience like me time to absorb the ""feel"" for each. I felt I could trust the movie to flow well, and it did. So, with the jacket art aside, I would recommend watching this movie.",positive
"This movie was an attempt to go into places most don't and perhaps shouldn't venture into. It was a similar trial at the bizarre, head-case perspective given to us in The Cell, although not near as in-depth and well portrayed. The plot is constructed simply with an initial campy feel to it. Then, as the movie takes its supposed ""dramatic"" turn, the plot falls apart on what few legs it had to stand on in the first place. <br /><br />Basically the idea is that of a kid (Chris McKenna) who needs money. He takes on the role of a hit man, killing a city accountant. Then he doesn't get paid for his work but instead gets tortured for several days because he dreamed up the ""brilliant"" idea of trying to use a backup file he had as leverage for payment. This idiotic move at trying to force them to pay him backfires as he is horribly and endlessly abused. He begins to go crazy (some very disturbing scenes). Then, thinking he has paid for his sins and can start over, he visits the wife (Kari Wuhrer) of the man who he killed and wins her affections. Soon after she discovers who he is, tragedy strikes, and revenge sweeps through the air as the boy goes after his torturers (Daniel Baldwin, George Wendt, Vernon Wells) for their previous ""kindness"".<br /><br />I got to ask though, what is it with Kari Wuhrer and horror/gore type films?<br /><br />It seems everything she has put out lately has been in this genre. Granted, I liked her in ""Eight-Legged Freaks"" and she was okay in ""Anaconda"". But despite all her obvious cuteness and allure (wow, she's hot!), she can act much better and chose better roles. Or maybe, I'm wrong and that is just a misconception. For all you guys out there, you get to see the ""fully monty"" of her in this film, although it's rather bizarre and short-lived. I almost felt like she did some soft-porn after watching this film (something not foreign to Kari's career). The sex-simulation is such that it has to make you wonder what things really go on during filming. <br /><br />Anyway, I will say there is some good acting. Just don't expect much of it from Daniel Balwin, whose career seems forever destined to second his brother Alex's. The film did bring out a few old greats though, George Wendt (Norm from Cheers) and Vernon Wells (Commando, Weird Science). Above all, Chris McKenna does the best job in playing the main character, Sean Crawley. His little acting experience and yet his believable nature as a naive youth, bring some elements of substance to the film. <br /><br />I wouldn't go out of my way for this one. If you're bored and are tired of the same old episodes of ""The Hitchhiker"", then I might advise watching this.<br /><br />And Kari, please start acting in some better films!",negative
"I wasted 35 minutes of my life on this turkey before I gave up. The main character is completely clueless and astoundingly unsympathetic, but there is no humor in his blundering. As soon as he arrives in Germany, the screenwriter pulls the old ""there's only one room in the hotel, you'll have to share a room with a pretty girl"" stunt. Come on, at least you could let them develop their relationship a bit first. Watch ""It Happened One Night"" to see how to do it right--or any of a thousand movies since then.<br /><br />The acting is consistently third-rate, and the improvised dialogue should have been left on the cutting-room floor. It meanders with no plan at all, despite the fact that the film telegraphs the relationship's destination from the moment Greta is introduced.<br /><br />The first song, in the boardroom, is mildly funny but badly sung. The rest of the songs (well, to be fair, I only heard those in the first half-hour) are just pointless and awful. Most of the singers are painfully out of tune, but not in any intentionally humorous sort of way.",negative
"This depiction of forlorn Japanese forces in the Philipines is a tour de force in the utter meaninglessness of war. It is an effective representation of Japanese pacifist views after WW II. In the movie, Japanese soldiers have been left to fend for themselves in the jungles of the Philipines. Faced with impending starvation they resort to cannibalism and gradually lose what little humanity they have left. To call this film depressing would be something of an understatement. The viewer is left with an utterly despairing sense of life's lost value in modern combat. The final scene is almost too nihilistic but the film is a worthy statement none-the-less. Highly recommended.",positive
"This is the kind of movie the US doesn't make. It's why people rent foreign films. It's a great story about how one person, even if he is retarded can make a person find reason in an empty life. Everybody can learn from Georges. It also shows how people that are mentally challenged suffer in their life and shows them in a very realistic way (I think). As its classic in foreign films this movie has a bittersweet ending, but that only makes it a better movie.",positive
"Now, I like sci-fi cartoons. However, when ""Robotboy"" appeared in Canada in late 2006, I watched the premiere and was inevitably appalled. The characters are generic and stereotypical (Do they REALLY need to make an African-American man wear tiger-stripe print clothing and speak in a Jamacian accent? WHY are all the Asian characters vibrant yellow and squinting? Does the mother HAVE to have big thighs and chest and constantly complain?) to the point where things become unrealistic, predictable, gross and sometimes disturbing. There are heavy similarities to, even stabs, at Astro Boy. Allow me to explain (dub names for the young): Robotboy/Astro, Kamikaze/Tenma, Constantine/Shadow, Gus/Abercrombie, Tommy/Alejo, Lola/Zoran+Kennedy, Moshimo/O'Shay, and it so on. Brief resemblances to ""My Life As A Teenage Robot"", ""Star Wars"", ""Teenage Mutant Ninja Turtles"", ""Kamen Riders"", ""Sailor Moon"" and co. are afoot. Not to mention the abundant racial/gender stereotyping. Don't even get me started on the innuendos. I'll just say they're hidden and quite dirty. But seriously. Don't even try watching this. Especially if you like Astro Boy.",negative
"I recently stumbled across a TV showing of ""Passion...."" (having missed the opening scenes). Ms Currier in to be praised for having the vision and courage to bring such a strange de Balzac tale to the screen. I am grateful to the entire cast and crew for their parts in producing such a thoroughly fine motion picture. It must have been arduous shooting so many scenes in the desert. And I cannot comprehend how her trainer coaxed such a fine ""performance"" from the leopard, Simoon. (This adverture calls to mind another suspenseful adventure, ""Naked Prey""). Why isn't this film more well-known?. Hope I can find it on video.",positive
"Interesting topic. Pathetic delivery - script and direction. <br /><br />Our hero, Miles, thaws out and has his emergency world-first life restoration surgery. This is where the fun begins. The underlying issue is that Miles has NO SOUL!!! This is used to explain his quasi-erratic behaviour of being indirectly responsible for two deaths (I believe this to be the total number of deaths in 104 minutes). <br /><br />On the livlier side, Miles prefers the odd glass of brandy, blazing fireplaces and his young, maturing female cousin. The finale does indeed do justice to this film.<br /><br />Some thoughts: 1. Producer $$$ were parted with to create this tripe. J.D. Feigelson was the script writer and a (or sole) producer. Looks like he did not learn a lesson on ""how not to bring an interesting idea to life"" when one views his other writing credits. This will support the credibility of this script.<br /><br />2. Now available on DVD!!! This IS truly scary. Should be forever ""Bottom of the Shelf"" in VHS format.<br /><br />3. A re-incarnated human without a soul will default to an evil entity. <br /><br />4. The score offers minimal support. Not even an in-form Jerry Goldsmith could save it.<br /><br />5. Deserved the 0230 time slot on TV and a touch more entertaining than the infomercials + test patterns it was competing against at the time of my viewing.<br /><br />6. Thankfully did not spawn any sequels ala Wes Craven's ""Nightmare"" franchise. Chiller Too: The Return Return of Miles, or something like that.<br /><br />Despite my rating of 1, I still recommend this movie as a great example of how to kill an acting or script-writing career. This should apply to directing, however Wes Craven will eternally be exempt due to his sole good piece of ""A Nightmare on Elm Street"" 1984.",negative
"This is an EXCELLENT example of early Bette Davis talent. The production is above average for 1936 timeframe. I cannot understand why the owners of the rights to this film have not put it on DVD. Owners, PLEASE PLEASE release it. I would buy it immediately. I have not seen it in more than thirty years, on television, but remember it well.",positive
"Basil Rathbone and Nigel Bruce as Sherlock Holmes and Dr. Watson respectively, the second of the Universal series, where it's again established by means of a written prologue that the famed detective is legendary and spans time. This helps to comfortably set things up here in the ""present"" era of the early 1940's.<br /><br />In this offering, Holmes goes through a few different disguises (with Rathbone's very prominent features, is it likely that people really wouldn't recognize his true identity?) as he protects a physicist from the hands of the Nazis as well as from Holmes' greatest nemesis Professor Moriarty (now played by Lionel Atwill). The scientist has developed a bomb sight which will greatly aid in aerial bombardment, and he's promised his plans to the British. But Moriarty wants to get hold of it so he can sell them to the Nazis.<br /><br />A good entry boosted a bit by the participation of the properly villainous Atwill now cast as Moriarty (though George Zucco was no slouch himself in THE ADVENTURES OF SHERLOCK HOLMES). It's always intriguing watching Holmes and his greatest enemy engaging in witty banter together (""the needle to the last, eh, Holmes?"").",positive
"Brought Philip Larkin to life in a way that is worthy of the greatest performances of all time, and not just the ones that are measured by popularity. It shows a stark portrayal of Larkins life as the greatest unrecognized poet of his era - which is exactly how he would have wanted it, such was his disdain for cankers and medallions. It dramatically exposes the raw beauty in the intense sadness of Philips observations of our relationship with our own mortality, and lays it our in a way that seems to have missed even the great philosophers. for anyone interested in profound observations of our relationship with life, love and death this is a must.",positive
"I approach films about talking animals with care. For every wonderful one like Babe, you get an equally poor one like the dreadful remake of Homeward Bound: The Incredible Journey. Or in the case of Cats & Dogs, you have a great idea for a film not living up to its potential. When I heard about Paulie, the premise of a wisecracking parrot didn't exactly fill me with confidence. But I found the film a pleasant surprise. And it manages to sneak its way into your heart without you realising.<br /><br />A Russian janitor, Misha Vilyenkov (Tony Shaloub) gets a job in a research laboratory. One day, he hears singing coming from the basement. And when he investigates, he finds a parrot in its cage singing its little heart out. Misha becomes fascinated with the bird, especially when it turns out the parrot can not only sing, it can talk. And not a few phrases either. Its a parrot you can actually make conversation with.<br /><br />The parrot is called Paulie (voiced by Jay Mohr), and recognises a fellow castaway in Misha. Wondering how this world to the wise bird ended up in a dusty basement, Misha convinces Paulie to tell him his life story. Which all began when he was a baby, and in the care of Marie, a five year old girl with a stutter. The two of them became birds of a feather (OK, bad pun!).<br /><br />When Marie's parents became concerned about her close friendship with a bird, they considered sending him away. And they finally did after Marie nearly injured herself in a fall after teaching Paulie to fly. Desperate to be reunited with her, Paulie begins a long journey across America, which includes a diverse number of new owners, flying great distances, and even ending up behind bars. Of a cage that is!<br /><br />Paulie was one of a number of talking animal films released by DreamWorks in the late 90s. And although it wasn't afforded the same recognition or box-office success of Babe, Paulie succeeds on quite a few levels, and is an occasional work of striking intelligence.<br /><br />Jay Mohr's stand-up style of acting is well suited to the part of Paulie. He never plays the part as too smug, even if he is a bit of a smart Aleck. Paulie's worldly, but he is also naive in his way.<br /><br />Because he's lived a rather sheltered life with Marie, when he's taken away, he has to fend for himself for the first time. And when he falls into the hands of different owners, they make promises to Paulie to reunite him with Marie, which he believes. Only for those promises to be broken time and again.<br /><br />Paulie is admittedly a little episodic. It follows the eclectic people Paulie ends up with, and how he slowly gets brought closer and closer to Marie. He first winds up in a pawn shop, where he is adopted by Ivy (Gena Rowlands), a kindly woman who teaches him the meaning of manners. She sympathises with Paulie's situation, and drives an RV across America to find Marie.<br /><br />Paulie is an occasionally very touching film. His scenes with Ivy are some of the best. Wonderful moments of Paulie perched on her shoulder singing Tom Jones numbers. The way she instills in him the need for hope is great, and some of the dialogue is quite well written and even thought-provoking: <br /><br />""There are things in life you put off, because you think you're gonna do them later. But the real thing Ivy taught me is you gotta live like there may not be a later.""<br /><br />The scene where Ivy passes away en route leaving Paulie all alone is a very heart-rending moment. And the sequence where he plucks up the courage to fly for the first time across the Grand Canyon, soaring majestically is such a beautifully composed scene it stays with you for hours after the film's over.<br /><br />Despite the occasional sad moment, there are plenty of laughs to be had. Paulie falls in with a group of performing parrots at a Spanish outdoor restaurant. The animatronic effects here are really excellent as four birds do a perfectly choreographed dance number. And Paulie even gets to have a romance. Which is dashed when he falls in with a petty thief (played by Mohr as well). That may be the only complaint I have. As soon as you get comfortable with one situation, the film then moves Paulie on to another.<br /><br />The scene where Paulie is taught to steal money from ATM machines is funny, but a little disturbing too. I'm amazed DreamWorks were granted the chance to include such a scene in a kids film. And Paulie's diamond robbery is very Mission Impossible. He's caught in the act, and shipped off to the lab for animal testing, where he's remained ever since.<br /><br />The story finally comes full circle at the lab, where Misha vows to help Paulie. Of course they do find Marie. But the final revelation is a scene of such shocking intensity, I was left numb for several minutes. Paulie may never get the longevity Babe has, but I believe its an equally brilliant film. The same laughs. The same flawless effects. And the same surprising intelligence.<br /><br />A minor gem.",positive
"First, what is really great about this movie: <br /><br />- Ryan Reynolds, great acting! There are very few actors I really like and for now he is one of them. He has an amazing skill to impersonate characters. <br /><br />- The soundtrack! Very good music played at the right time. <br /><br />- The idea of a nine lost in his own world, incapable of leaving. <br /><br />Still, I give it only a 3 out of 10 for certain flaws: <br /><br />- Horrible second part. It seems that the director was very eager to make something new, but despite of the efforts it was really boring <br /><br />- Very annoying character Melissa. I couldn't stand the scenes with her - i.e. it was constantly annoying. She represents everything that is wrong with American woman. <br /><br />- Terrible explanation of the numbers. The director was so busy with character development, that he completely missed the point of a good story.. excuse me koalas? brr... terrible!<br /><br />This movie had great potential. The filming is nicely done, the music is really good, but nothing more.<br /><br />See it only if you are a fan of Ryan Reynolds, or have a lot of time to spare.",negative
"I've always been enthusiastic about period dramas, an art form in which the BBC has excelled in the past. This presentation of ""Byron"" was unbelievable. Unbelievably bad! The script was dreadful, the acting uninspired, and all the characters woefully insipid. Apparently Byron was ""mad bad and dangerous to know"", and set the ladies hearts all-a-flutter. Not in this production. Here he appeared as a tawdry jumped-up little squirt instead of a fiery hero of womenfolk and the Greek struggle for independence. It is said that Byron walked with a limp. This portrayal of the man was just limp all over.<br /><br />I watched the whole two and a half hours waiting for something to spark into life. Not a splutter, not even a glimmer. It was utter tedium, if not downright boredom, from start to finish.<br /><br />Having the opinion that no-one will ever better the Bard of Avon, I also believe that Byron's poetry is over-revered and to my mind should be flung on the back burner, and this dramatisation of his life should be accorded the same treatment.<br /><br />I think the BBC lost its nous with this one",negative
"This tender beautifully crafted production delved deep down bitter sweet into my being. The irreverent pupils, the life embittered bus driver and the teachers personalities present a subliminal debate as the story unveils. The adult characters all seem familiar, my teachers, my bus driver, each one of their opinions so plausible and well known. When a key incident happens on the bus we are sent on a circuit of viewpoints. All the time the babble of teenage energy is only just kept under control by the organisers of the trip. Mr Harvey is experiencing much pain throughout . He reminds me of war damaged teachers I did not understand when I was an irreverent pupil.<br /><br />Rhidian Brook and the producers deserve much acclaim for this well shaped British film. The acting unblemished, the scenes appropriate, it should be widely available yet does not seem to have been given the right opportunity.",positive
"Nothing but the director's juvenile fantasy come to life. This 'movie' is nothing more than an excuse for the director/actor to play kissy face with an attractive young woman who would otherwise never give him the time of day.<br /><br />The plot is simple, the direction is nonexistent and the movie drags while the actor/director/writer/narrator narrates. Don't be fooled by the 'X' rating, there is no nudity and minimal gore.",negative
"""Don't be greedy"" sums up the depth of this movie. All the rest of the baloney is big budget window dressing. The movie rotates through hiding the ball annoyingly and revealing too much. None of the potentially interesting plot tangents are developed yet the trite ones are hashed and rehashed to excess.<br /><br />The charm of DD, as others have pointed out, was in the schizophrenia device,the humor woven into the fabric of the movie, and most importantly, the acting. There is enough wooden acting in The Box to attract a giant mound of martian termites.<br /><br />The biggest problem with suspending disbelief during this mess is the glaring question, ""why would a technologically superior power capable of taking over the government need to do any testing at all?"" Awful failure of a movie.",negative
"This movie is really nothing besides an admittedly well-crafted series of tense sequences punctuated with an inevitable ""gotcha!"" at the end of each. Really, there is no character development and no real plot to speak of. There are only the most skeletal of motivations for the characters to do anything while they trudge forward to their unavoidable dooms. It's all just an excuse to show a creepy ghost kid (who seems to have gotten some of the family cat mixed up in his ectoplasm) and his ghost mom (with long black hair hanging in her face kind of like ""The Ring"") take down a bunch of cardboard cut-out, two-dimensional excuses for human characters.<br /><br />This English-language version of ""The Grudge"" is the equivalent of cinematic junk food; satisfying momentarily, but not really what you ought to be living on.<br /><br />Not recommended.",negative
"I have been watching movies from i think last 10 years , and I must say that i never felt that bad, which I felt after watching this extra large bore movie, it was bad, very Bad. There were songs & songs. Nobody should watch this movie. The director has shown Germans speaking English which is so rubbish. Germans does not speak English. & in one scene there was a white girl who asked Himesh for autograph. (Obv that he must have gave some money to her) In the promo they have shown prepare for Laughing riot. But i could say there was only one scene where that Himesh was laughing for no reason may be he thinks he's funny. Hansika is very good. she is like an angel. But too young only 16 yrs old. If you have plenty of time and don't know what to do then you should watch this movie or else its waste of money",negative
"SWEET SIXTEEN (1983) **/***** 86 minutes Director Jim Sotos Cast Bo Hopkins, Susan Strasberg, Aleisa Shirley, Patrick Macnee, Dana Kimmell<br /><br />Fifteen year old bad girl Melissa is new in a desert town and it isn't long before folks around her start dying off. The detective has to put together the clues with the help of his Nancy Drew good girl daughter played by Friday the 13th alumni Dana Kimmell. The local Native Americans are prime suspects since they seem to upset the prejudiced townsfolk. These events all lead up to the revealing of the killer at Melissa's sixteenth birthday party.<br /><br />This below average slasher isn't too memorable. It has a made for TV feel, without much score besides the title character's own corny theme song which plays a couple times throughout. Lines like ""the killer will turn us into coleslaw."" Fit into standard eighties slasher screenplays. Marci calls Melissa a bad name then somehow immediately they develop a friendship. Apparently Marci sees how hard it is to fit in because Melissa knows how to wear make-up. This movie would be hard-pressed to be made today with the main character being fifteen and the director inserting multiple gratuitous close-ups of her. The social commentary on Indians wasn't developed enough to be taken seriously. I am too surprised at the fairly high rating this movie gets. Both Sweet Sixteen and Ed Hunt's Bloody Birthday had the potential to capitalize on that time honored tradition of the birthday party to create an intense sequence of carnage but I feel failed to deliver. But on the bright side releasing obscure movies like this on DVD gives hope that others will follow.",negative
"For that matter one of the worst FILMS ever made. Plot goes as follows. Slog through jungle looking areas for 10 minutes or so. Have Bo go somewhere and strip. Slog through the jungle some more. Give Bo another excuse to strip. Back to the jungle. Oh look! There's a Tarzan looking guy! Strip, Bo - strip. Kill the safari people. Tarzan looking guy has a fight scene. Saves Bo. Bo strips. Run credits. Run credits, run.",negative
"I haven't seen so many people packed outside a theater since Star Wars Episode III. Both shows sold out, and for good reason. The Man With the Screaming Brain was the best movie to see with a crowd full of geeks. (Hey, I'm a dork too.) <br /><br />Bruce Campbell was present and had the whole crowd in stitches! The movie was cheesy in the best possible way. It may be the funniest movie that Bruce has done. Ted Raimi steals the show with his Bulgarian hip hop-itude and zany facial expressions, he is a laugh riot! Who knew that Ted could rap? <br /><br />I changed my mind, the person who stole the show was actually a robot. There is nothing funnier than a robot...doing the robot.<br /><br />As for Bruce's performance: ""I take the 5th."" Thanks Bruce. Thanks for being cool, thanks for taking the time, thanks for all of the fun.",positive
"Long, boring, blasphemous. Never have I been so glad to see ending credits roll.",negative
"I can say without a shadow of a doubt that Going Overboard is the single worst film i have ever seen, and yes, I have seen Cujo. Adam Sandler is an abomination as Schecky Moskowitz, a wannabe comedian working on a cruise liner. That's the plot.<br /><br /> That's it! Nothing else in the film makes sense, it's all over the place like a mad man's breakfast, and not in a wacky naked gun kind of way, but more of a frustrating, 'throw both shoes at the t.v' kind of way. even General Noriega makes an appearance, for no reason i can comprehend (it certainly wasn't for humour). Add to the mix Miss Australia, who has the worst Australian Accent i've ever heared, and you have something which i won't call the worst film ever made, because Going overboard doesn't even fit the basic definition of a film. I highly recomend seeing this film, as it will elevate the standing of every bad film you ever see. I guarantee the first thing you'll say after seeing a bad film will be ""at least it wasn't as bad as Going Overboard"".",negative
"I am not one of those people that will walk out of a movie that was based on source material and automatically say, ""The book was better."" I know better than to demote the value of a movie just because it wasn't a faithful adaptation. There is a lengthy process and lots of decisions that go into making a movie that are sometimes out of the director's/editor's/cinematographer's/producer's control and certainly out of the original author's control. Therefore, it is unreasonable to expect a movie to be exactly the same, word for word, as a book or play or video game or Disneyland Ride, or whatever! A movie should be judged on its own standard and how it fits in society. Moreover, a successful movie should be made because the material is relevant to the society which it belongs and, if it is based on source material, its relevance needs to be reexamined and enhanced by the filmmakers. <br /><br />Films like There Will Be Blood follow this paradigm because while it was based on a novel written at the turn of the century, Oil!, it feels relevant because of things like the Iraq war and energy concerns that the film's country of origin, the US, was and is experiencing. Even King Kong, based on the original film, benefits from using new technology and concerns of animal rights that people have.<br /><br />With that said, I just don't understand why they even bothered to make this movie? Besides the great performances, guaranteed Oscar nods and Shanley's director/writers fee and royalties he will get, this movie seems to come from nowhere. It should have simply stayed as a play. The movie (which is essentially the same as the play) says nothing new about the reprehensible sexual atrocities committed and in many cases covered up by the Catholic church here and abroad. It says nothing new or different than the original play. I can't help but compare this movie to another movie that came out at around the same time: Frost/Nixon, which was also based on a play. Frost/Nixon, while about Nixon's regrets, seems relevant because it seems to have come at a time when President Bush was about to leave office. The regrets that Nixon had, as depicted in the play/movie, about the war and his presidency could just as easily reflected on Bush and his presidency. In that respect Frost/Nixon seemed more relevant and actually benefited from a wider distribution via film because it got people talking and reflecting about the political status quo in the country at the time. In contrast, Doubt felt like it was yesterday's news and didn't seem to offer anything that the play didn't offer.<br /><br />Of course the movie is ""good,"" the performances are outstanding, and the screenplay adaptation is apt, but so what? Why didn't it just stay as a play? Why, besides marketing and financial reasons, make it into a movie? It gave audiences nothing new to discus about the awful subject.",negative
"I read somewhere (in a fairly panning review) that this is something of a live-action mecha anime, and I think they're on the right lines. I first watched this movie when I was very young and I've been dying to see it again, and when I finally did just recently all the memories came flooding back. I don't think this is to be taken too seriously - it's just a bit of good old 80's almost-a-TV-movie fun (it is set against the backdrop of a fairly dark future, although this point isn't stressed too much). What I admired most about this movie was that the dialogue didn't sound generic - no clichés, no predictable lines - all in all just good fun! Maybe time hasn't been kind to this little movie, but still I can find appreciation for it in me. It's by no means perfect, but it's entertaining and doesn't try to be anything other than that. Let the nerds and comic-store-guys worry about technicalities - who cares? See it for yourself and make your own decision. No-one else's opinion matters.",positive
"Men, do I love police movies filled with action, shooting, chases etcetera.<br /><br />Boy, was I let down after watching this short and unsatisfying movie. We've seen it all before, the hostages, the bank, the surrounding... Yet, 2 bad guys that shoot down multiple officers and innocent people who simply stay in the line of fire - without getting hit due to some Kevlar.<br /><br />Not just a few shots, no, hundreds of shots. Going back into the bank, where the dumb hostages didn't lock the safe or doors when the bad guys went out. How stupid did the director think we'd be.<br /><br />Okay, the shots in between that fake a documentary were good, but after seeing the film I only got the thought: why didn't the police get a decent shooting course? And why where there so many cops and was SWAT on a real long break. Truly bad.",negative
"This is an exquisite film about the search for some bliss in everyday life. The pacing, the camera work, the emotion, the haunting musical score and the pure charm of this picture make it a must see. It isn't easily appreciated by the immature or emotionally stunted. The only flaw I can see about this film is that it wasn't captured in a more technically perfect film format. It deserved Todd-AO, Technicolor and the very finest sound format available.(An intimate film can be made in seventy millimeter.) The gorgeous Italian villas effect on its inhabitants would have rendered even more lushly and the small lovely moments would be even more beautifully seen and heard. As it is, it still demands attention as a sweet moving small film. I can't stop myself from watching it every time it comes on satelite. The transformations of the characters from contained, tight and mistrustful is always a joy to watch and I really should recommend it more often.<br /><br />The casting is perfect, the mood is perfect, the acting is above reproach. It is a film about middle age and the choices people make.It is deep and thoughtful without beating the viewer up with heavy handedness. Watch it in one sitting and let it have its effect on you. If you don't get it, perhaps you haven't lived enough, or something else is wrong with you.",positive
"Of course the plot, script, and, especially casting are strong in the film. So many fine things to see. One aspect I liked especially is the idea of the antagonist--Luzhini's (Turturro's)--ex-mentor working his evil on the sidelines. His chess opponent--an Italian dandy in three piece and cane--turns out to be a real gent, and a truly fine chess player. To his credit the ""opponent"" nobly goes along with the plan at the end to complete the final game for the championship posthumously (Luzhin has taken a flyer out a window--sad, but so releasing to him)by way of the unstable genius' widow (Emily Watson.) In death, then, because of the gallantry of an honorable chess master, Luzhin's defence (which he worked out in a late moment of lucidity) is allowed to be played. The Italian gent commends the play and calls it brilliant. Talk about a dramatic ""end game!""",positive
"After searching for 6 months, I finally found this DVD. All I can say is it was damn well worth the wait! ""Rush in Rio"" may very well be the greatest rock DVD in existence. I'm not joking. It's incredible! All the fuss about the sound being crappy is true, however it doesn't make the concert unwatchable. I find it makes you feel like you're actually in Rio watching the concert from the audience. That's one of the reasons I love this DVD. It makes you feel like you're actually there. Also, Geddy, Alex and Neil have never been in better form! Geddy's vocals are flawless, Alex's guitar playing is still incredible, and Neil - absolutely no words to say. The camera work on this concert was very good I must say. They gave us a good look at everything that was going on on-stage, and in the audience. Kudos to the cameramen! Anyways, enough of my raving! Go watch ""Rush in Rio"" for yourself. You will be amazed. I guarantee it.<br /><br />10/10",positive
"After seeing Forever Hollywood, it would be natural to want to see a John Waters film. At least, one get to say that they have joined the legions of cinema cognoscenti who have experienced the unique cinematic stylings of perhaps the best known non-mainstream director. It's worth the effort, and PF is a lot better than Eraserhead,and there is a certain campiness about his films which his followers find addicting.",negative
"It is a shame that a movie with such a good cinematography as this one had no plot to be supported by the work of Sarah Cawley (cinematography) and Adam Lichtenstein (Film Editing), and above all, no sense of what goes on in Mexico City. The movie tries to be a very realistic depiction of life in city, but it is unable to do it. It is a shame, a lot of film wasted. An American woman tries to find her brother who has been kidnaped. The first account of the story is powerful and interesting, very realistic, but it seems that there was no effort to come with a better narrative of the ordeal, especially when it comes to the issue of the attitudes of the US embassy personnel in Mexico City, when dealing with an issue like this one. Compare, as an example, with Frantic(1988), which deals with a similar issue. Something similar can be said of the role of local authorities. Compare, as an example, with Todo el Poder (1999). The movie is worth watching if you want to get a sense of the looks of the City itself, paying little or no attention to the rather weak ""plot"" and the many twists that require a rather extensive suspension of disbelief. Who is going to believe that a Mexican patrol from Mexico City is going to go all the way to catch the main characters to the Mexico-US border? And that this policeman is going to be able to use its radio from the border to Mexico City! Only the producers of this movie. It is worth mentioning that unlike Frida and other movies about Mexico at least in these one Mexicans talk Spanish.",negative
"watch this movie. it's truly a good ride through the difficulties of making a indie movie, and what happens when it blows up in the film maker's face. there's a lot of stuff about punk rock, and the philosophy behind that movement and it's relationship to this project. so if you're into old punk, American punk, you'll dig it.... but, beware, there's a ton of bad acting bits from the failed project that are incorporated... yet they do come off funny at times. and, actually, some of the best parts are listening to people who have never been involved in movie making pontificate and what they went through in the three year period that it took to put this together. so anyone out there that's about to make a film, especially if you haven't been to film school or worked in the field, you should watch this and learn from the film maker's mistakes.",positive
"Why, o' WHY! ...did I pick this one up? Well... i needed a no-brainer in the summer heat, and the cover looked cool.<br /><br />Of course I should've known better. This is a really, really bad movie. And it gets embarasing when the makers know it's bad, and try cover it up by adding some sexy/beautiful women, and some sex-scenes to it. Well, folks... it does'nt cut it, does it!<br /><br />If you WOULD like a cool movie about a big reptile that is actually very, very good, well-played and funny: go rent Lake Placid! (that is an order)",negative
"Dear God! I kept waiting for this movie to ""get started""... then I waited for it to redeem itself... and when it did neither, I just sat there, dumbfounded that: 1) it could possibly be this bad, and 2) that I had just wasted a couple of hours on just sheer stupidity. I had faith that Drew couldn't possibly have made this bad of a movie... and boy, did I ever lose my faith! Don't bother with this one! Drew tried, but the movie was poorly written, poorly acted, and just poorly conceived! I can't believe a script this bad ever got funded! It had a million chances to actually do something with the idea, (the word ""concept"" is too big for this movie to even qualify for!) and it STILL didn't go anyplace! Its just pitiful! Where the other reviewer got the idea that it wasn't the worst, baffles me! Because believe me, if it got any worse I'd have slit my wrists before finishing it!",negative
"I can't believe that I actually sat thru this entire film. A friend rented it because the jacket made it sound good. In it's defense, the jacket was correct; there was a supposed haunted room that someone slept in overnight. From the jacket, it sounded like this was on par with Freddy, Jason, or maybe ""The Shining."" It couldn't be farther from the truth.<br /><br />If you are a fan of minimalist and/or surrealist films, you may enjoy it. If you're looking for a good fright movie, or a couple of thrills, go rent Jason vs Freddy IV -- you'll have a much better night.",negative
"I've been looking forward to the release of this movie since I first heard the concept two years ago, and I was not disappointed. I won't bother summarizing the story since everyone else has, but I will say that it was just plain entertaining throughout. The performances were great, as was the music, and the main characters were likeable.<br /><br />My only complaints are: (1) the story was definitely lacking; the movie wrapped up very abruptly- in fact the writing became pretty lax in the second half, as though the writers weren't sure what to do with the plot. Since the plot wasn't nearly as important as the music and the action, this didn't really affect the entertainment value of the film, so this is not as major a complaint as it would seem.<br /><br />(2) This is really nitpicky, but the music that the characters in the movie were listening to was sometimes dated after 1985, when the movie was set. INXS' Devil Inside was from 1987 and AC/DC's Are You Ready was from 1990, among other mistakes. This bothers me a bit, since they obviously went to lengths to make a good period piece, they could have checked the copyright date on these songs to make sure they were 1985 or earlier. Again, not a big deal.<br /><br />Oh, I thought of something else that was strange. The Steel Dragon band members were supposed to be English, but for some reason Dokken bassist Jeff Pilson and Ozzy guitarist Zakk Wylde played band members, and they each had a couple of speaking lines in AMERICAN accents. That was kind of lazy also, but it was still cool to see actual musicians playing musicians, so I will forgive that as well.<br /><br />I could probably nitpick all day, but I don't want to give the impression that this wasn't a super entertaining movie. I will probably buy the DVD when it comes out, and I will certainly buy the soundtrack CD simply for the six Steel Dragon songs (some of which were sung by the singer from the band Steelheart, if you remember them!). The highlight of the film was possibly a great outtake where Mark Wahlberg is lipsynching to a rock song on stage and suddenly someone plays ""Good Vibrations"" by Marky Mark and the Funky Bunch. The surprised look of Mark's face is priceless. Classic rock and roll flick! Score: 8/10 due to extreme entertainment",positive
"This movie is just funny. mindless, but funny. to enjoy this movie completely you can't have a perception of how a film like this goes and just enjoy all the side jokes and puns which are involved with the film. I still find the bit at the start funny when he says ""want a beer........cock"". funny stuff. but what makes the film decent is the fact that it doesn't try to hard to create a serious spin on the film, too many comedies try to have serious aspects which you just don't believe. But this is different and just focuses on being funny. I must say though, Yasmin bleeth is terrible in the film and adds nothing but the 3 main guys, coop, remer and squeak are very funny to watch and make the film great to watch",positive
"There are plenty of comments already posted saying exactly how I felt about this film so Ill keep it short.<br /><br />""The Grinch"" I thought was marvellous - Jim Carrey is a truly talented, physical comedian as well as being a versatile clever actor (in my opinion). Mike Myers on the other hand gets his laughs by being annoying. I used to like him very much in his ""Waynes World"" and ""So I Married an Axe Murderer"" days - but Ive never been fond of Austin Powers and ""the Cat In The Hat"" has just finished me off. <br /><br />This film was horrible - the gags were horrible! inappropriate for children not only in adult content but in the fact that some of them were so dated they havent amused anyone for 50 years! The plot was messy, messy, messy! Its a shame really because the children were very likeable as was ""Mom"". They probably could have picked a better villain than Alec Baldwin - but he could have pulled it off if it weren't for Myers ugly, revolting over-acted portrayal of the Cat.<br /><br />I mean - did Myers even glance at a script? Was one written? The other actors seemed to have one - but the Cat just seemed to be winging it!<br /><br />On the other hand I would like to mention that the sets and props were marvellous!!! But unfortunately they cant save this film.<br /><br />Poor Dr Seuss - the man was a genius! Dont ruin his reputation by adapting his work in a such a lazy, messy way!!!<br /><br />1/10",negative
"A hilarious and insightful perspective of the dating world is portrayed in this off beat comedy by first time writer/director Peter M. Cohen. The story unfolds as the four male protagonists meet weekly at the local diner to confer about their dating woes. We meet Brad: a good-looking, wall-street playboy with a quick-wit and sharp tongue; Zeek: a cynical, sensitive writer; Jonathan: a sexually perplexed nice guy with an affinity for hand creams and masturbation; and Eric: the married guy, who cherishes his weekly encounters with his single friends in hope for some enlightenment to his boring and banal married existence. The trials and tribulations of the men's single lives in New York are amusingly expressed, mirroring that of Sex in the City and HBO's new comedy The Mind of Married Man, and bring an astute light to scamming. The story takes a twist as the three singletons meet Mia--wittily played by Amanda Peet-and all fall for her. She seduces them each with her uncanny ability to conform to the personalities' they exhibit. When they come to realize they have all met and fallen in love with the same woman, they chose her over their friendship. Whipped is a realistic portrayal of the dating world, one that the critic's failed to recognize. In plain language, they missed the point. The protagonist's here are caricatures of real people. The exaggerations are hysterical, mixing satire and humility, and are not to be taken as seriously as the critic's disparagement suggests. See this movie, you'll laugh from start to finish.",positive
"Bled is a very apt title for this As you watch it you will feel your life being bled from you . The cliché in horrors is about people doing exactly what they shouldn't ( going down into the basement or going up into the attic) Then the trouble ensues Take heed then DON'T watch this film .Show the brains that victims in horror movies never do Stay clear Do not enter .And if you need anymore incentive This film? is as bad as the worst Uwe Boll film I mean ,The house of the dead bad. I have often thought about entering a review of a film on I.M.D.B. and ,after watching some based on the comments herein ,I discovered I guess everyone's entiled to his/her opinion. Please trust me on mine",negative
"Written by brilliant Monkees' TV writers Gerald Gardner and Dee Caruso,WHICH WAY TO THE FRONT was the last of the ""Jerry Lewis"" movies until ""Hardly Working"" almost a decade later. Jerry's comedy is evidently an acquired taste, and admittedly he can occasionally be his own worst enemy when he helms as producer/director--but even in the dreariest of his films, there are always moments of brilliance.<br /><br />WHICH WAY manages to be amusing,entertaining and yes,quite funny. It is somewhat unlike any of the typical Lewis films.The pace is very upbeat and ther are lots of excellent supporting players--a kind of JERRY DOES HOGANS HEROES.The whole thing looks kind of like an unsold TV pilot and you will either love it or hate it---but hopefully YOU VILL LAUGH",positive
"What a mess--and I'm not referring to the ""destruction"" in the title. I could go on about the hackneyed plot, the lousy effects, the (actually notable) cast grimacing as they deliver the worst lines of their careers, etc. I'll just say there weren't any palm trees in Chicago the last time I checked, and leave it at that.<br /><br />Hmmm...need ten lines to get this posted on IMDb.. OK, well, I think a DVD release with outtakes could be interesting. Maybe Dennehy will reveal what favor got called in for him to appear in this thing. Maybe Dianne Weist will show us the bag of money it must have taken to get her involved. Maybe CBS execs will apologize...",negative
"Just about everything in this movie is wrong, wrong, wrong. Take Mike Myers, for example. He's reached the point where you realize that his shtick hasn't changed since his SNL days, over ten years ago. He's doing the same cutesy stream-of-consciousness jokes and the same voices. His Cat is painfully unfunny. He tries way to hard. He's some weird Type A comedian, not the cool cat he's supposed to be. The rest of the movie is just as bad. The sets are unbelievably ugly --- and clearly a waste of millions of dollars. (Cardboard cut-outs for the background buildings would have made more sense than constructing an entire neighborhood and main street.) Alec Balwin tries to do a funny Great Santini impression, but he ends up looking and sounding incoherent. There's even an innapropriate cheesecake moment with faux celebrity Paris Hilton --- that sticks in the mind simply because this is supposed to be a Dr. Seuss story. Avoid this movie at all costs, folks. It's not even an interesting train wreck. (I hope they'll make Horton Hears a Who with Robin Williams. Then we'll have the bad-Seuss movie-starring-spasitc- comedian trilogy.)",negative
"An unexpected pleasure as I had heard nothing about this film.<br /><br />Shameful since it warrants having a wider audience.<br /><br />A wonderfully humane story with a social message gently told, although admittedly predictable in its resolution. Solidly acted by the principals. Beautifully photographed with muted colors floating against grey that captures the nostalgic tone of the film.<br /><br />My recent foray into Chinese film (Shower, The Road Home, Not One Less) has been an exciting one that I hope to continue exploring. China and its people is an amazing canvas for film-makers. ""The King of Masks"" can be highly recommended as a starting point for anyone similarly interested in recent Chinese film.<br /><br />",positive
"I don't understand the low 5.7 rating on this film. It's a delight for people who like a strong suspense plot and dark atmospherics. The tone is reminiscent of Midnight in the Garden of Good and Evil, down to the locale (Savannah). The acting is strong, and I was amazed at the verisimilitude of Kenneth Branagh's southern accent. Famke Jansen is great, Robert Duval is effective in a small part, and Embeth Davitz is the BOMB. Great full nude scene of her,too.<br /><br />The plot is fairly standard but effectively executed.",positive
"This film is mildly entertaining if one neglects to acknowledge its numerous incongruities of plot and sheer lack of believability. Bruce Willis as ""The Jackal"" never seems to live up to his reputation as a cunning mastermind of the underworld. Instead, he bumbles about in broad daylight, parading a mishmash of shoddy disguises. Why this man has never been captured before (or even identified) is beyond me. Not once is the audience impressed by his cleverness or daring; considering the price he demands for his services (an exorbitant $70 million), his methods are decidedly low-budget and stupid.<br /><br />As for those in pursuit of him, they are at least as ridiculous in their behavior. They show no sense of expertise, instead relying on half-baked conjecture which sends them traversing across the country at their whim. Incredibly, these far-fetched guesses (maybe he bought a boat, maybe he's in Chicago, etc etc) invariably lead them straight to the Jackal, who yet again escapes their clumsy grasp.<br /><br />Richard Gere, whose Irish accent fades in and out like a distant radio station, plays the inexplicable role of an imprisoned convict who is released from jail to work alongside the FBI. He actually makes a compatible partner, if only because his means are as amateurish and inept as his professional pals. At one point, he actually confronts the infamous Jackal, but unfortunately the FBI, although they trust him enough to leave him out of their sight, fail to equip him with a weapon or any means of communication. What kind of operation are they running here?<br /><br />The film also appears overly reliant on gruesome violence, which is entirely superfluous and provides no suspense whatsoever. The supposedly stealthy Jackal acts more like a demented and senseless serial killer, eliminating people for sport and writing on a victim's cheek with blood.<br /><br />The film's action scenes are both predictable and unrealistic, and many moments are ruined with melodrama. This movie is poorly executed on many levels, the one bright spot being the ever consistent Sidney Poitier. Avoid this movie if you are in the mood to think as you watch it.<br /><br />",negative
"One of the funniest, most romantic, and most musical movies ever; definitely worth renting/buying especially if you have a taste for older style of cinematography.<br /><br /> The animals and the songs alone will make you smile while watching the movie. A definite must for Madonna fans. :o)",positive
"I would just like it to be known, that I do not often rate movies below a 5. I was originally very excited to see this movie. Its numerous trailer bumps on TV for several months made me REAALLY want to see this movie. So, the other night when I saw that it was available on FearNet on Demand, I got some popcorn and sat down to watch the film.<br /><br />The storyline seemed intriguing enough - some dude is butchering unsuspecting people on the subway. There's a photographer obsessed with the missing people. Where are they going? What's happening to them? One day, the photographer sees a connection between some photos he has taken, and becomes obsessed with the butcher, following him around, yada yada. The film had a way of sucking you in, even though the plot was highly predictable. ""Oh no, it's dark, look out behind you"" I say, quite bored with the cheap thrills.<br /><br />The plot, even though predictable, was intriguing...that is, until the end. ""This was good until the end.... Then it just got silly"", says Jack_skellington_freke on the message boards. And I fully agree. And here come the spoilers...<br /><br />See, I was hoping it was some mad killer, some psychotic person obsessed with cannibalism. No. It was some secret society keeping creatures alive for centuries. Woo. How original. How unrealistic. How dull.<br /><br />3/10. Come on Lionsgate. You've had amazing films, but this one sunk.",negative
"I loved this movie. To be very fair, the movie starts off very slowly, with none of the characters being terribly sympathetic. It continues in this way for a good half of the film.<br /><br />But, if you're patient, you'll be greatly rewarded. What the first half of the movie lacks in character development and/or sympathy is adequately compensated for in the second half. It's a bit like riding a roller coaster - a slow, uphill climb to strat off with, and then speed, twists and turns, and a few surprises.<br /><br />As usual, Meryl Streep is wonderful. She is the finest actress of our time. William Hurt is good, if a bit wooden in spots. Renee Zellweger does a very good job, showing that her performance in Jerry McGuire wasn't a fluke.",positive
"I thought this had the right blend of character, plot, futuristic stuff and special effects without going over board. It will take a while to get going, but the acting was good and I was intrigued by the angel who is not to hard to look at. I like the attitude too! Certainly not like other attempts at futuristic stories.",positive
"Within the first 5 minutes of this movie I knew I was in for one of those ""pick at the faults"" kinda movie. The acting was terrible, the script was even worse. Who ever let these people write write such crap for a movie need to be feed the Komodo's themselves. With Russian Mig jets posing as U.S. Air Force jets, and pistols that can miraculously shoot 50 - 60 rounds rapid fire without reloading is poor detail to any story. In one scene komodo are killing special forces troops at night, while in another they are explaining how the komodos and cobras are cold blooded and don't come out night!!!! Also with fantastic special effects available in today's movie industry, they were only average even for this low budget movie.<br /><br />All that being said, I did watch it to the end curious as to what other wonders bad film making could produce. Shame Shame Shame, for producing such rot!!!<br /><br />This movie should have been left on the cutting room floor!!!",negative
"As the film opens, two thugs kill another thug. When the body is discovered and about to be autopsied, the doctor realizes that although the man was shot dead, he was also suffering from the Pneumonic plague--a very nasty and more virulent version of the Bubonic plague! So, it's a race against time to find those who came in contact with the dead man and treat them immediately, otherwise a disaster could erupt.<br /><br />Oddly, I actually know quite a bit about the Pneumonic plague, as I taught a series of lectures on it for my history classes. The film really did not do a good job of getting the facts right about the disease in that it looked little like what the people had in the movie. The biggest problem is that this illness is so incredibly grotesque that in 1950 they really wouldn't have been allowed to show it. Sure, there is high fever and coughing (they got this right) but also lots of bleeding and explosive vomiting of blackened blood--along with the enormously swollen lymph nodes like you'd get with the Bubonic plague--all purply and gross! I can certainly understand why they didn't go this far. Also, I am sure that the federal government would have had a much, much greater involvement in controlling and treating the disease--here in the film it was handled on a very local level and everyone seemed ill-prepared and a bit dumb. No one seemed willing to believe the doctors!! As for the acting, the film had some excellent actors here. Richard Widmark and Paul Douglas are, respectively, the public health doctor and police chief. Good actors but also known actors back in 1950. However, in his first film is the very menacing Jack Palance (still going by his original moniker, 'Walter Jack Palance') as well as the relatively unknown (at the time) Zero Mostel. Palance was great--very scary and very physically adept in his own stunts. Mostel played a heavy typical of his early work--a greasy and cowardly sort of evil.<br /><br />Overall, despite really not getting the details right and wrapping everything up a little too neatly, the film is very tense and has excellent acting--and is well worth seeing.",positive
"This is probably one of those films too many commented but undiscovered... This is probably one masterpiece of Spanish cinema like some Buñuel's masters-piece. ""15 days with you"" could be the better ""now and them"" re-visitation from others films of long-time ago: could be ""Midnight cowboy"" but could be also ""Les amants du Pont-Neuf"" or a realistic and non-spot-look (but most realistic) ""trainspotting"". This hard story has place to humour, love and obviously dramatic sense. In the new social Spanish cinema this little diamond could be the resurrection of the Italian neo realism mixed whit the best Ken Loach films.<br /><br />Probably the better film I discover in the last 10 years.",positive
"I've watched a lot of television in my 51 years, but I've never had so much fun week after week, as I had watching Oz. The acting by the entire cast was excellent. The writing was just perfect, with every character remaining consistent throughout the six year run. I also enjoyed the mayhem and the ultra-violence. It may sound odd, but it was at times, comical finding out how one of the characters would eventually end up dead. I particularly enjoyed the true romance and love between Beecher and Keller. Those two men really knew how to throw down, in every way possible. I truly hope that HBO will continue to show us re-runs of this great show FOREVER! I've watched every episode at least 4 times yet I still look forward to Tuesday and Thursday nights at 11 p.m. for an episode of this fun and very entertaining show.",positive
"Based on one of the books by Gabriel Marquez and it might be brilliant literature, this cinema-adaption really sucks as it's more like fighting against sleep rather than enjoying some cinematographic delices. The story is about an old couple whose son died and living a life that is heavily dominated by poverty, and wherein the main character is a cock that hopefully one day brings some money for a forthcoming cockfight. I am in no mood to spill more words on this useless pretentious piece, just perhaps that you can see Salma Hayek in here, but sitting 90 minutes in front of your screen for just that? No gracias.....",negative
"It is a tricky thing to play a queen. On the one hand, the actress has to be majestic and imperious, and on the other, she has to show vulnerability in a tough situation as well as the gathering of the courage and resolution to overcome the odds, since almost all movies about queens have that basic plot line. <br /><br />Emily Blunt is quite radiant as Victoria, but it's not as full a performance as I'd like, no blame to her. I can't help but feel like this is a Mills & Boon novel adaptation compared to a darker, more dramatic movie about another young queen, Elizabeth. Hence Blunt doesn't get to run the gamut of queenly emotions, at least not to the full extent, since she's, y'know, the young Victoria. To see the old Victoria, check out Mrs Brown.<br /><br />Jean-Marc Vallee is an interesting choice of director for the movie. He last did C.R.A.Z.Y., which was excellent and propelled him to fame. It was quite a different movie but I remember it looking gorgeous and that's probably the main similarity between the two movies. But while Vallee wrote C.R.A.Z.Y., this one was by Julian Fellowes, and though I really enjoyed his Gosford Park, the story for this movie was much less interesting. I soon got lost with all the governmental politics. Maybe it was less engaging because there was no potential beheading of the monarchy. I'm just saying.",positive
"not a Larry Mcmurty masterpiece but it stands on its own as a good western, any of the lonesome doves do. who ever takes on the role of Woodrow call, does a great portrayal in their own style. It's also easy to see that they were looking to use this as a stepping stone to the t.V series (both version of it) and that the writers knew how to keep the flavor alive William Peterson was awesome in this, the geeky C.S.I guy is not the character he plays in this - this guy can do it all it seems<br /><br />it's deserve to be enjoyed by those who enjoy westerns<br /><br />4out5 stars",positive
"In the opening scenes of this movie a man shot arrows through his hotel room into another man's bathroom and blew out all the lights. This must have been very hep for 1936, but rather way way out and had nothing to do with the film, Robin Hood did not make an appearance as far as I could see. However, Bette Davis(Daisey Appleby),""The Whales of August"",'87 was very young and attractive and performed one of her best roles in a long career in Hollywood. Daisey never stopped teasing or being very sexy with her nightgowns and so called swim suit on her yacht with George Brent(Johnny Jones),""The Spiral Staircase"",'46. Daisey even proposed marriage to Johnny in a Ferris Wheel upside down and even got a black eye. Davis and Brent made a great couple, one suppose to be very rich and the other a very poor reporter. Off stage, Davis and Brent were having a real torrid love affair, which is good reason why there was sparks when these two appeared in this film. If you liked Bette Davis and George Brent, this is the film for you!",positive
"I wish ""that '70s show"" would come back on television. It was the greatest show ever!!! They should make episodes between the other episodes but of course that would be confusing. But I wish it would come back and make more episodes. Please come back... The show was absolutely hilarious. You couldn't laugh without seeing an episode. There is a really funny part in every episode and plus the show was so much better when Hyde and Jackie were going out with each other. Those were the best episodes. ""That '70s show is the best"".... It will be and always will be the best show ever. It was really sad when the show ended. They should make new episodes.",positive
"The above seemed a much more appropriate title when me and my suicidal underlings decided to watch this masterpiece of modern bullshit <br /><br />Erotic,Scary, Suspenseful, Well thought out, these are all the things this film fails to be.<br /><br />It is however incredibly funny, the slow sound effects and bad dubbing add to this to make one of the greatest comedies I have seen in recent years. And yet this film doesn't even try to be funny and that is one of the movies grand achievements, it becomes a comedy without even attempting to amuse.<br /><br />Throughout the film an old guy who looks amazingly like Santa Claus goes around ploughing over zombies and smashing vampires into the ground. This made me fail to believe the films title, if this was vampires vs zombies why were the vampires and zombies not fighting? Oh well whatever, besides there were more flaws to this rental than the title. Such as this one; there has been a virus sweeping through America creating zombie like beings who go around acting a lot like your average tourist. And yet there's only four zombies in the entire film. Another problem is besides one shop everywhere is deserted. Surely you'd see zombies roaming about in the woods or in the background a bit. In fact I believe they just drove around in a circle of forest over and over again since they didn't have a high enough budget to film in a wider location, that or the director didn't want to waste his precious time filming in different areas of wood he was to busy sitting in a trailer jerking off to be bothered with such trivial matters.<br /><br />In fact the director had so much fun doing this that he didn't have enough time to hire a big enough cast or even an editor. And so he told the eight members of the cast to dress up as different people and try not to act inconspicuous, whilst I assume he changed his name and began randomly snipping at the film reels ""editing isn't a hard job anyway right?"" The only reason this ""movie"" found it's way into our bag was because somehow we got it confused with Freddy vs Jason, strange how these things happen isn't it. And the only way we made it though the night was by strapping gas masks on and bolting them to our skulls to avoid the stink of this nauseating mess.<br /><br />Oh yes we did laugh at the end, but I'm sure one does that a lot when he has lost his sanity...................",negative
"Filmmakers made a rather boring everyman's story look interesting and complex by focusing on his wife back at home. At the same time, we're exposed to a truly original, existential French loner. <br /><br />The film is more than a documentary. Hardly ever do I feel that I've experienced something that's accidentally profound, which makes it all the more profound.<br /><br />Film has visually interesting interior moments. Absolutely loved the journey the filmmakers took me on. (Quite a lot of Europeans in the credits). Hopefully, PBS will screen this so that it reaches a wider audience in the USA.",positive
"-may contain spoilers-<br /><br />Clearly, who ever made this film must have had a lot of connections. I just can't see it any other way. What really surprises me is no one used the name Allen Smithee, and more surprising, everyone involved didn't use this name.<br /><br />Anyhow, where to begin. The bad dialogue, the crummy costumes, the sorry looking film stock, the unintentional comedy, the over-the-top characters, and more inconsistencies than George W. Bush's college career. I don't know what was funnier, the guy losing his arm because of a snowball, or the slow motion scene where all the baby Jack Frosts' were getting killed. Also, one of the great lines of all time was uttered in this film. ""How do we know it's him?"" Like there's another mutant snowman who can talk and kill people with snowballs! A great camp film, but a very bad film overall.",negative
"'The second beginning' as it's title explains, shows us the beginning of the end for the human race. Set long before the matrix existed, this short anime written by the Wachowski's shows us the world that could lay infront of us in the not to distant future, set at the turn of the 21st century, the second renaissance delves into issues common with human behaviour; greed, power, control, vanity etc.<br /><br />The use of robots or artificial intellegence as slaves or servents is common among science fiction/fantasy stories. The second renaissance is no exeption to this concept, however instead of a simple man vs. machine layout, this story explains the struggle that the machines put up with, the struggle for acceptance in a world ruled by humans. Where the matrix films show us the human perspective, these short animations tell both sides of the story.<br /><br />The second renaissance part 1 + 2, answer many questions brought up by the original Matrix film, such as how the war broke out, how the sky was blackend, what led to the use of humans as batteries and it also introduces us to the machine city called 01, which may have relevance to the upcoming Matrix Revolutions film.<br /><br />I won't give away too much of the story, as I do not want to ruin the experience for perspective viewers, however, I will recommend it to anybody interested in the world of the matrix or simply anybody interested in Japanese animation (anime).<br /><br />9/10.",positive
"Greetings again from the darkness. Director Alejandro Amenabar creates life against all odds in this based on a true story version of one man's struggle to control his destiny. The great Javier Bardem is fascinating to watch in his role as Ramon. His eyes and head movements leave little doubt what is going on in his mind. The dream and fantasy sequences are not overused so prove very effective in explaining why he wants what he wants. Rather than force us to answer the euthanasia question, the real question posed is , What is Love? At every turn we see people in love, looking for love or dying to be loved. The script is tight and keeps the film moving despite being filmed mostly in one room. The supporting cast is wonderful and we truly feel their pain and how each family member deals with Ramon's decision. This is a gem and deserves to be seen.",positive
"Though derivative, ""Labyrinth"" still stands as the highlight of the mid-half of the six-year-old show. Finally a story allows Welling to show how he has grown as an actor. It's not easy playing a character that is the embodiment of ""truth, justice, and the American way"" on a weekly basis with very little variation. His performance, permitting him to show how one might react if he/she discovers that all that he knew may be a lie, was quite believable.<br /><br />Welling rose to the occasion marvelously.<br /><br />As always, Michael Rosenbaum, as the ""handicapped"" Lex, delivered, as did Kristen Kreuk as a too-sweet-to-be-believed Lana. Allison Mack, the ever-present Chloe, also scored as a slightly ""off-her-rocker"" version.<br /><br />The use of an annoying hum in the background added to the tone of the installment and made for an engaging drama.",positive
"I'm trying to picture the pitch for Dark Angel. ""I'm thinking Matrix, I'm thinking Bladerunner, I'm thinking that chick that plays Faith in Angel, wearing shiny black leather - or some chick just like her, leave that one with us. Only - get this! - we'll do it without any plot, dialogue, character, decent action or budget, just some loud bangs and a hot chick in shiny black leather straddling a big throbbing bike. Fanboys dig loud bangs and hot chicks in shiny black leather straddling big throbbing bikes, right?""<br /><br />Flashy, shallow, dreary, formulaic, passionless, tedious, dull, dumb, humourless, desultory, barely competent. Live action anime without any action, or indeed any life. SF just the way Joe Fanboy likes it, in fact. :(",negative
"A ridiculous comedy given an arms-flailing direction. I love one of the comments here: ""Couldn't be made today"". Well, neither could ""The Philadelphia Story"" without a car chase or two. Nonetheless, does that mean the picture is worse for the wear for being old-fashioned? I don't think ""Susan Slept Here"" was good for any generation and it should fester peacefully in the memories of Debbie Reynolds-buffs. There is no sparkle in this story of a screenwriter who latches onto a much-younger girl for 'script research'. Dick Powell makes his farewell screen appearance in what must have been an embarrassment to him. Reynolds is pallid. Produced by one Harriet Parsons--who gives her famous mother Louella a number of inane plugs. *1/2 from ****",negative
"For a low budget project, the Film was a success. The story is interesting, and the actors were convincing. Eva Longoria, who now stars on the TV Show ""Dragnet,"" is sexier than ever. The locations were ideal for the ganster plot, and the director shows his talent by taking on many roles for his project. Of course this low budget film could use better editing transitions and more special effects for the gun scenes, but the music keeps this script moving. Although this film has it's share of problems, such as continuity, I must say that I would rent the director's next movie. If your a film student, you could learn a few things from the director's commentary.",positive
"One thing about Hollywood, someone has a success and it's always rushed to be copied. And another thing is that players give some of their best performances away from their home studio.<br /><br />Rock Hudson got such accolades for his performance in the Texas based film Giant that Universal executives must have thought, let's quick get him into another modern Texas setting.<br /><br />Similarly Robert Stack got great reviews for The High and the Mighty as the pilot who was cracking under the strain of flying a damaged aircraft that it was natural to give him another crack up role.<br /><br />Both of these ends were achieved in Written on the Wind. Before Hudson was the big ranch owner, now he's the son of a hunting companion of Robert Stack's father who took Hudson under his wing. In other words the James Dean part without the James Dean racism from Giant. <br /><br />Lauren Bacall is the executive secretary of an advertising agency that Stack's Hadley Oil Company uses. Hudson likes her, but she's dazzled by Stack's millions and when he woos a girl he's got the means to really pursue a campaign. She marries Stack.<br /><br />And last but not least in the mix we have Dorothy Malone who's Stack's amoral sister who has a yen for Rock, but Rock ain't about to get tangled up with this wild child. <br /><br />Dorothy Malone spent over 10 years in a whole bunch of colorless film heroine roles before landing this gem. She got a Best Supporting Actress Award for her part as Marilee Hadley and it was well deserved.<br /><br />If you like splashy technicolor Fifties soap opera than this is the film for you.",positive
"Low-budget murder mystery about a Public Defender trying to clear his client of a murder the man had been convicted of 12 years previously. Complicating things is the fact that he escaped custody after his conviction, but the PD believes the man to be innocent of the murder and works to find the real killer. Gig Young as the PD is okay, and James Anderson as the convicted killer is actually pretty good, but the picture as a whole just rambles along with little suspense, and despite some good character actors in the cast, the performances are generally below par. Director George Archainbaud was apparently more at home making westerns--he was churning out Gene Autry's TV series at Columbia at around this time--but even if he had tried to inject any liveliness into this picture, the hack script would have defeated his attempts. Average at best, the film climaxes with a courtroom scene that's straight out of an episode of ""Perry Mason"" and is just as predictable.",negative
"While I was watching this movie I never thought I'd be defending it. It's honest enough from the begininning about not having much of a plot. There's no real characters to latch onto except the killer. Some of the acting can be better, but most of it is capable.<br /><br />I know, a three out of ten isn't stellar, but there are reviews saying it was shot poorly and completely useless, etc. I think it set out to do what it's supposed to fairly well. The lighting is minimal at times, more natural than most audiences are used to, but it's supposed top look like a camcorder snuff film. In fact, at times the quality is probably still too high to be true to that, but nobody would make it through tne minutes of camera work that's truly that bad.<br /><br />It's not particularly scary, but it is disturbing at times. There are one or two characters who don't come across as believable at all and the soundtrack does get tiring at times, but overall it was put together cleaner than a lot of camcorder movies.",negative
"This movie surprised me. Some things were ""clicheish"" and some technological elements reminded me of the movie ""Enemy of the State"" starring Will Smith. But for the most part very entertaining- good mix with Jamie Foxx and comedian Mike Epps and the 2 wannabe thugs Julio and Ramundo (providing some comic relief). This is a movie you can watch over again-say... some Wednesday night when nothing else is on. I gave it a 9 for entertainment value.",positive
"I have watched this film twice now and think its quite good for the limited equipment used to create this film. (filmed in 1947) Dr. Heyerdahl explains his theory about the migration of south American Pre-Colubian Indians to the Polynesia's islands by way raft fell of large balsa trees. This documentary follows Dr. Heyerdahl and crew as they select balsa trees in Equidor and float with them down river to the pacific for assembly in Peru. They launch off on a 101 day sea adventure testing the strength of their primitive raft surviving only by means available to natives of that era. See for yourself, a real adventure!",positive
"As a South African, living in South Africa again after a 32 year stay in the UK, I am sorry to say that this movie is a huge disappointment. The three main problems I had with the movie was a) why Swank and Ejiofor - an American and a Nigerian - to play the leads. This country is bursting with talent and has no need of imports... b) Gillian Slovo has been trading off her Struggle credentials for years now. She's a very mediocre writer and even her novel doesn't stand up the flaccid direction of Mr Hooper... and c) Hilary Swank again, such a great actor, as proved in Million Dollar Baby (but that's Eastwood too), here dressed in the contemporary New York style whilst roaming freely around the poverty of the Karoo. Where was the consideration and sensitivity needed by the costumer and director? Yes, the film is ultimately moving - how could it not be? - but the overall mood at the conclusion is one of tremendous letdown. Heart's in the right place but needs a pace maker.",negative
"This was a highly original decent movie, and a brave move for all those involved. I don't care if it's not the most well put-together movie of all time, the fact that it has Eddie Murphy doing something non-formulaic, and that I don't know what will happen next, makes it a favorite of mine. I wish more movies were as imaginative as this one, rather than the same old formula for entertainment.",positive
"Here's a real weirdo for you. It starts out with another take-off on the PSYCHO shower scene, on campus, then gets crazier when several coeds and their doofy boyfriends head south for Spring Break. The trouble starts when they drive into the redneck county ruled by homicidal Sheriff Dean. One of the college cuties wanders into the woods, witnesses a murder by the sheriff and has her head blown open. Then it's lets-rip-off MACON COUNTY LINE-time as Dean stalks, traps and slaughters the witless witnesses one by one. Tony March is on-target as the evil, shotgun-happy Dean. The movie's overall tone is truly disturbing. The ending is so abrupt you almost think the director ran out of film; it's also a study in despair. SHALLOW GRAVE is a must for misanthropes, misogynists and nihilists the world over.",positive
"Any time a movie is so myopic in its desire to present a particular ending or viewpoint that it simply doesn't bother with an actual story, it's annoying. Those are the types of movies where the ending or viewpoint is conceived first, and the story simply tacked on. For this reason we often talk of the story ""jumping through hoops"" as it twists about, trying in vain to progress to the preordained ending in a logical fashion.<br /><br />The story in ""Comet Over Broadway"" doesn't just jump through hoops, it's a three ring circus. It's so ludicrous, so ill-conceived, so disingenuous that, if you are prone to speaking aloud to the screen, you will be carrying on quite a rant before it's through.<br /><br />The central theme of this screenplay cesspool is that of a woman choosing between family and profession. Since it's all so horribly muddled it will end up offensive to people of either opinion. So, in the end there's no point to the story, the theme becomes irrelevant and, as is often the case with poor screenplays, the acting doesn't save a thing.",negative
"This is one horror movie based TV show that gets it right. Friday the 13th the series had no connection to the movies. Poltergeist the legacy: I'm not so sure. It may have been loosely connected to the movies. It feels like they just throw a famous title on a show so fans will watch it.<br /><br />It shows Freddy being burned by the Elm street parents(in the 1st episode I believe) and the amount of parents were disappointing. With all the kids he targeted in the 1st 3 movies, you'd expect there to be more parents. But oh well.<br /><br />Freddy is basically the narrator for the show. He watches the actions of people in the real world sometimes getting involved somehow. Just like other anthology shows like Tales from the crypt, there's a supernatural or surprise ending twist involved.<br /><br />The acting lacks but believe it or not: the violence sometimes surpasses that of the movie. This show lasted a couple of seasons and was made around the time of the 4th movie. i heard it was canceled due to protesting parents. I watched a lot of R rated stuff as a kid, so its a shame parents had to ruin it for everyone. 4 more movies came after the series , so it wasn't a total loss.",positive
"1 out of 10.<br /><br />This is the kind of movie that you cant believe you just wasted 2 hours of your life as you see the credits role. I honestly think I could make a better Vampire movie.... and I know nothing. The only thing that does not just suck (harder than a Vampire) is Jason Scott Lee.... his character is at least a little bit cool, has some mystery, and kicks a little butt.",negative
"I voted this a 10 out of 10 simply because it is the best animated story I have been able to see in quite some time. The animation is stunning. The artwork behind each and every landscape was beautiful. From the colors to the lighting to the not standard fare of artistry. I was amazed. Moving beyond the beauty on the screen, you are immersed in a storyline that is at once timeless and at the same turn fresh. Character development is brief yet these touchstone moments are exactly what is needed to clue the viewer in to what and why and how the character has come to where they stand. I'm impressed with the entire affair and think this is a must see for the entire family.",positive
"Historical movies always take liberties -- conversations are concocted where no one could actually know what was said, customs are adjusted to be comprehensible to modern audiences, etc. However, historical films about actual historical personages should make at least a minimal nod to history. This film does not. The only scene I actually remember is when our hero surprises an assassin who creeps into his chamber at night. He confronts the dangerous intruder with, ""I don't remember sending for room service"". The main entertainment value is in its badness; I recommended my local video story put it on the ""Turkeys"" shelf.",negative
Bottom has been my favourite sitcom ever since i saw it on t.v and the movie is even better if your a bottom fan i say this is a must buy!!! the plot is that Eddie and Ritchie run a hotel named guest house Paradise but not all goes right for them as customers leave until a famous actress come to stay they try there best to impress her but not all well go right this is a upbringing to British cinema so buy this and you will wet yourself with laughter. also starring Simon Peggi (shaun of the dead) and also bill neigh (love actually) it might of not done good in the box office or by the looks of it on this website but don't listen to them buy this and i swear you will love it,positive
"It's a poor film, but I must give it to the lead actress in this one....Francine Forbes. She appeared to be acting the least and I personally thought she was kind of cute. Too bad she only appears in one other film in the database. Besides that, the film is filled with laughable gore and fakey death scenes. People get stabbed and they GUSH like 2 gallons of blood! But, if you like to watch poor horror films, I recommend this one highly.",negative
"I'm not sure what version of the film I saw, but it was very entertaining.<br /><br />I did not know who the ""Twins"" were (Gillian Chung and Charlene Choi) before seeing this movie and I think the English translation of the title is somewhat misleading.<br /><br />The martial arts are very nicely done. I especially liked them, because there was a lot of judo/grappling that was filmed very nicely. Donnie Yen (see him in Hero, great performance) as a director is great as he knows how to shoot these scenes.<br /><br />Everything seemed to flow for me, except there is one scene where the girls are on the rooftop fighting with bamboo poles. It has really nothing to do with the plot, but it's still entertaining.<br /><br />Overall, this is one of the better (modern) HK action flicks I've seen in a while. Although cheesy in some respects, it still pulls it off.<br /><br />Definitely a 9/10",positive
"What is supposed to be a simple generic mystery plot involving a dead philanthropist is, in fact, a head-ache inducing tale about a bunch of characters (the only big actor being Ginger Rogers, in a very early role) all trying to find the murderer among a small cast of residents in a posh apartment building. These characters range from utterly stupid to downright mean. As a cheap, low budget production, most of the action revolves around Rogers and her lead man (some guy, I don't care who he is 'cause he really sucked) talking about their various possibilities of solving the crime, while being constantly cut off by an absurd detective with his head in his butt. Honestly, I've never had a worse time watching an old b-rate movie of this type, and I've seen some real head-slappers.<br /><br />Oh, and the butler didn't do it, because there wasn't a butler. But pay attention to the guy who's closest to a butler. There ya go.<br /><br />--PolarisDiB",negative
"When you go at an open air cinema under the Greek summer night you usually don't care what the movie is! Edison started really good with some good effort from the singers-who-want-to-be actors and a once again great Morgan Freeman but... (In a movie there is usually a good start to catch audience,done, a bit boring yet story filling middle of the movie that is more about characters and less about action ,done, and the third part is something really good so that you can remember the movie...) when you see 30 elite police officers (packed with weapons that can demolish a building) shoot at a guy behind a car, fail to hit him even once while he kills all (but 3) and then the guy takes out a flame thrower (to kill the rest 3) ,you realise that the Greek summer sky filled with stars is way too good to be distracted by a movie like this!",negative
"""This Man's Navy"" is, as other comments have indicated, a rare and well-filmed look at Navy lighter than air (LTA) activities. The LTA crews were justly proud that the convoys they shadowed never lost a ship to submarine attack. And the filming at the various NAS locations give a valuable glimpse at a type of aviation that is long gone. However, the first half of the movie is all about Beery, his relationship with his service pals, and him meeting the Tom Drake character and his mother, and getting Drake's leg fixed. Only then does the second film start. The second film is mostly LTAs in action, taking on a surfaced sub, guys get killed and much damage is caused. The look is fairly gritty and realistic, I imagine. Then we shift to Southeast Asia. Did the Navy have LTAs there? Never mind, this part is really wild, with a blimp being used to extract some downed aircrew from the jungle. And the Japs are shooting like mad. Shades of Vietnam, except the getaway is oh, so leisurely. This is a blimp we're talking about. In the end, a feel-good WWII drama about a very unusual part of the war.",positive
"This film fails on every count. For a start it is pretentious, striving to be ""significant"" and failing miserably. The script was banal in the extreme, nobody at any time said anything remotely interesting. It was impossible to care about any of the characters. Knightly was a self-regarding waste of time whilst Sienna Miller was just a waste of time. The bit about the soldier who went off to war was a cliché even before the film Atonement used it. The use of the Second World War as a backdrop was in itself a cliché...the bombs, the sheltering in tube stations etc...employed to import a bit of much-needed drama. Why anybody thought for a moment that this film was worth making is quite beyond my comprehension. It was yet another case of ""let's get the costumes looking authentic, never mind about the story, the script or the acting!""",negative
"The first time I had the window of opportunity to see this all but forgotten classic was back in the early 1980's,at one of our art houses as a revival. As I watched this fever dream of an exercise in 1930's sexuality, I thought YOWZA! They got away with murder in Europe back in the day. Unfortunately, this film was heavily cut in it's original U.S. release by the blue nosed Hayes Office (the staunch government censorship board,started by the ""holier than thou"" Bible thumper, Will Hayes...a former Post Office official,if you can believe that),due to it's overall theme of human sexuality (Heaven's forbid humans actually had sex in the 1930's). The plot of Ecstasy concerns a young woman (played by Hedy Lamarr)who marries a much older man,and later regrets it. She (Lamarr)meets a handsome younger man & has an affair with him, resulting in a divorce from previous husband (another no no in Hollywood movies back then---Divorce!). Despite the fact that the film was produced in 1933, it was probably the director's first time working in the sound format (i.e. the film seems to possess techniques that were used mostly in silent films---i.e. 1920's expressionism's). It's still worth searching out for a window into early European talking pictures,along with Luis Bunuels L'Age Dor (1930),and Karl Gustav Dryer's 'Vampyre' (1931). Not rated,but contains that infamous nude swimming scene & some thinly veiled sexual references, which would fare little more than a PG-13 by today's standards (but would have easily landed the dreaded 'X',back in the 30's,if it existed then)",positive
"I first heard of this film when Patton Oswalt talked about it on his ""Werewolves and Lollipops"" CD. He said it was a lost classic that is completely ridiculous. Being a lover of terrible cinema, I knew I was in for a treat.<br /><br />This film is, hands down, one of the weirdest I've ever seen. Certainly one of the weirdest shlock films. Basically, a demon took human form years ago for a woman, the woman died or something, the demon cried blood, the blood fell on the bed, the bed is now possessed and it now eats. Along with fruit, flowers and chicken, it also has a taste for people. The people can range between horny teens, mayors, gangsters, servants or professional orgy throwers. There's also a sick guy who the bed ate but put his soul behind a picture in the room.<br /><br />Most movies let you figure out the plot through exciting action. Death Bed takes another path: it basically tells you through narration exactly what's happening while slow, dull murder scenes take place. Also, I must say everyone who's eaten by the bed are surprisingly quiet. I would think if a bed is eating you through the ways of a 5th grade science fair experiment, it would sting a little. I guess nerve endings weren't invented until 1981 or so.<br /><br />The story is wacky, the direction is slow and pretty awful, the sets are sparse, the acting it fairly painful and the brother is one of the unintentionally ugliest actors I've ever seen. Probably would make a great party film if alcohol and smart-asses are involved. Certainly one you shouldn't miss.",negative
"WARNING:I advise anyone who has not seen the film yet to not read this comment.<br /><br />When I first started to watch this movie my expectations were it was a vampire movie, that is going to be awesome considering how Rodriguez and Tarantino both helped make the film. I began about 15 minutes into it and already my hopes for this movie were down the drain, which shocked me. First, the story it was going with was not at all appealing in anyway possible, and just flat out boring and uncompelling to the point where I just wanted to turn it off. I was getting more frustrated with this movie as it dragged on, but I guess I had hopes that it would get better.... then when it finally showed vampires it BLEW MY MIND, in a VERY bad way. I thought,""Okay this movie started with some backwash horrible story about these two criminals, then VERY slowly turned into some vampire movie which I thought it was going to be from the beginning, in like, the last 30 minutes?"" To add on to that, they try to make the main characters all cool and awesome and mean around the end when they're just not; A bunny would've been more intimidating than these characters! This movie is a horrible piece of crap!!! From Dusk Till dawn disgraced me and left a terrible taste in my mouth, disheartening thoughts in my head, and left my body unable to move from the horrible shock that I just wasted 108 minutes of my life away on a horrendous film. I do not understand how George Clooney, Quentin Tarintino, Cheech Marin and Danny Trejo, all being the good and honorable actors that they are, could take part in this useless filth. In my opinion, From Dusk Till Dawn is one of the worst movies ever made that I have suffered my eyes on. Do not see it, you'll be doing yourelf a GREAT favor...",negative
"All I can really say is that I'm glad that I was knitting socks while watching the movie, or I would be very angry for having wasted 2 hours of my life. The acting was terrible, the plot was even worse. There were some scenes that were meant to be serious that had my husband and I laughing out loud. I highly recommend this movie to people who like to do their own version of MST3K.",negative
"While this movie did have a few scary moments (great use of music and film angles to build suspense), it's obvious director Ethan Wiley and scriptwriter Ellary Eddy didn't waste any time researching their subject matter; which also makes me question their claim that the exorcism scenes were overseen by a genuine Catholic bishop.<br /><br />Amongst the many inconsistencies: <br /><br />* Jacob the Roman Catholic priest, when we first meet him outside the church, is wearing an academic robe over his clericals rather than the typical alb, chasuble or surplice. Academic robes are commonly worn by Protestant ministers in liturgical denominations, not Roman Catholic priests. <br /><br />* Jacob the priest quotes some obscure and disturbing scripture about the angels taking up weapons. He attributes it to St. Paul. This verse is not from St. Paul's writings, neither is it in the Bible. I can't even find it in the Gnostic scriptures. <br /><br />* Jacob tells his bishop he doesn't believe in demon possession and turns down the request to study exorcism but does a complete 180 (later that same day?) within minutes of talking to possessed Isabelle. Sure, it's possible; but a little unrealistic. See Father Damien as a priest/psychologist in the original THE EXORCIST for a bit more realistic portrayal of a skeptic-turned-believer. <br /><br />* Miguel, the former priest turned farmhand, is the first to try an exorcism on Isabelle. He quotes scripture, and she quotes back. He says ""I see you know Psalm 65"" - she corrects him ""that's Psalm 67"" - they're both wrong. <br /><br />* Miguel, the former priest who just got done performing an exorcism - making the sign of the cross, calling on the name of Christ, applying holy water, etc. - tells Jacob he doesn't believe in church and he doesn't believe in God. (Maybe he's just conflicted?) Jacob enlists him to put on home-made vestments and have another go at it anyway. <br /><br />* Miguel, the former ROMAN CATHOLIC priest, crosses himself backwards (or Eastern Orthodox-style). As an Hispanic Roman Catholic who USED to be a priest, he should've crossed himself forehead to sternum, left-side to right side of chest.<br /><br />I had to read into the little side stories to get the notion Satan was messing with the whole family, not just Isabelle; but even in the end it was hard to say for sure if anyone was really guilty of the images in their heads or if it was all demonic trickery (except for the sheriff - it's pretty clear he was guilty).<br /><br />On the positive side: Isabelle was CREEPY - in my opinion she was the best part of the whole movie and I liked the plot twist with Claire.<br /><br />I'm just not sure if the movie was meant to be serious or a spoof.<br /><br />Listening to the running commentary with Cameron Daddo and Ethan Wiley, I'm inclined to believe it was a joke.",negative
"This film is a fun little private eye detective story like they aren't made any more. It's all there: Tom Conway is the suave detective called The Falcon, Goldie Locke (what's in a name) is his wisecracking bumbling sidekick, Louisa Braganza is the damsel in distress, and of course there are the damsels maid, the professor with the secret formula, the bad guy that wants the formula, and the police inspector who's after The Falcon. There is a murder, and The Falcon gets implicated. The scenery is night clubs, expensive hotel rooms, a luxury train, the suburbs, and beautiful cars. Go watch this little gem when you see it pass by on afternoon TV!",positive
Definitely one of the most witty and twisted who-dunnit I ever seen. Christopher Reeve and Micheal Caine were brilliant and kept me going through the whole affair. <br /><br />Very classy set pieces and the props really lend a sense of atmosphere to the proceedings. The minimalist feel works for the whole picture.<br /><br />My only complain isn't with the film itself but the lack of a decent widescreen edition of the movie on DVD. I own the fullscreen version (which proves I love the film enough to endure fullscreen presentation) but a awesome Deluxe or 'special' edition would most surely get my cash.,positive
The main reason to check this one out is to watch Laura Gemser in all her glory.<br /><br />That's reason enough for me.<br /><br />She heads to Africa as guests of another rich guy that seems to be all over these films. Huge mansion near the jungle. Hunters staying around for parties when they aren't out hunting zebras. And said parties becoming drunken orgies.<br /><br />All the high society types in the Emanuelle films seem to have out of control fetishes. And Emanuelle beds most of them.<br /><br />Joe D'Amato did NOT direct this one. He just ripped it off and used the same cast(s). And did anyone notice the 'subliminal' sexual images at the gas station? And why did most of the men stay dressed during the sex scenes? <br /><br />Coherence? Hardly any. BUT GODDESS GEMSER IS BEAUTIFUL.,positive
"Mild SPOILERS contained herein. I'm spoiling this film to save you the trouble of having to watch it. <br /><br />Jet Li's movies fall into one of two categories: Shaolin period movies and movies set in modern-day Hong Kong revolving around Triads or Triad like organizations. Each genre has its best and worst films. `Twin Warriors' is Jet Li's best Shaolin era flick while `The Evil Cult' is his worst. `Fist of Legend' while in the recent past is the best `modern era' Jet Li movie. `Black Mask' without a doubt is the worst.<br /><br />Jet Li plays a self-exiled mercenary who received an injection that gives him superhuman ability, but shortens his life span. In his `new life' in exile he plays a pacifist librarian. When his old mercenary squad goes on a rampage, Jet Li becomes a vigilante determined to stop them. He dons a very silly corrugated cardboard mask so as to conceal his identity from the police (and public) as a librarian, as well as to conceal his true identity to his ex-comrades in arms.<br /><br />The version I saw was dubbed, and horribly at that. Why does Jet Li capture and hold hostage his library co-worker if he's a pacifist? Is there a love story between them? Why does the police chief not care when he learns of the Black Mask's true identity? The plot is just plain BAD. Bad by way of the superhero cheesiness, bad in the sense that characters are never properly developed, bad in its character interactions, all topped off by a half-explained story I quickly lost interest in. <br /><br />The action and martial arts sequences are way over the top. Lots of blood, gore (severed body parts aplenty), explosions, and Matrix style superhuman martial arts fiascos are present in the film. Unfortunately this is the films best and only selling point. If you want to see Jet Li playing a vigilante superhero in a Mission Impossible style movie `Black Mask' delivers. For the rest of us Jet Li fans it is a true disappointment. This is one of those movies where Jet Li never gets to be Jet Li: he gets neither the chance to charm us with his charisma, nor a chance to impress us with his impressive yet realistic martial arts ability. <br /><br />Normally a Chinese knockoff of Ozzy Osbourne would be enough to engross me in a film, sadly `Black Mask' proved to be an exception to that rule. Indeed the antagonist of this movie, by the way he dresses, his long straight hair, and trademark round sunglasses looks like the modern and aged Ozzy Osbourne. However the villain isn't on-screen long enough to make the gimmick worthwhile. I am assuming the likeness to Ozzy was intentional; in addition to the villain's look, he also ran a satanic looking hideout. So much more could have been made from the Ozzy Osbourne villain gimmick! If only the writer, director, or ANYONE had bothered to give a background to and develop the character of the film's arch villain!<br /><br />`Black Mask' was the first Jet Li film released on video in the USA after Lethal Weapon 4, and I'm glad I stayed away from it until now. It may well have ruined my whole perception of Jet Li as a martial artist and actor. If you want to see Jet Li at his worst, rent `Black Mask' and `The Evil Cult' and make it a double feature or horror, both intentional and unintentional. Otherwise stick to moves that utilize the talents of Jet Li, and have plots that are semi-well thought out and plausible. 3/9 stars.",negative
"Only Connery could bring that particular style with a line like that Fatima crashes into Bond's arms when she water-skis up to the super agent in Nassau and apologizes, 'Oh, how reckless of me. I made you all wet.' The super agent replies, 'Yes, but my martini is still dry.'<br /><br />Barbara Carrera makes a great villain, stealing the show as SPECTRE executioner Fatima Blush Fatima is number 12 in the SPECTRE chain of command, and is a gorgeous assassin who takes intense sensations of pleasure in killing <br /><br />Fatima assumes all the deadly characteristics of Fiona, proving to be one of Bond's toughest adversaries She is a victim of her vanity She's good at what she does, and wants the world to know it But her vanity is her downfall Using every possible approach to eliminate 007, Fatima is a wild and cunning woman who makes love to the man she is about to kill <br /><br />Austrian actor Klaus-María Brandauer (Largo) does not make a very formidable opponent for 007 Referred to as number one in the SPECTRE chain of command, Largo resides in the Bahamas, and travels aboard his super yacht, the Flying Saucer <br /><br />Max Von Sydow becomes the fourth actor to appear as SPECTRE chief Ernst Stavro Blofeld, once more plotting to put the world at ransom <br /><br />Kim Basinger takes the part once owned by the lovely French actress Claudine Auger She is Domino, the mistress of Largo, who soon falls deeply in love with her rescuer <br /><br />Black actor Bernie Casey becomes the sixth actor to play CIA agent Felix Leiter after Jack Lord, Cec Linder, Rik Van Nutter, Norman Burton, and David Hedison...<br /><br />Edward Fox portrays the new, unsympathetic 'M.' Pamela Salem is the third actress to play Miss Moneypenny. Lois Maxwell was the first and Barbara Bouchet was the second.<br /><br />Valerie Leon is the sexy lady in the Bahamas who fished 007 out of the blue water and saved his life by making love to him in her own room Valerie was the Sardinian hotel receptionist in 'The Spy Who loved Me' when Bond and Anya arrive seeking Stromberg<br /><br />Prunella Gee is Shrublands physical therapist Patricia Saskia Cohen Tanugi is Nicole, Bond's Secret Service contact in the South of France <br /><br />Gavan O'Herlihy is Jack Petachi, the U.S. Air Force communications officer who duplicates the President of the United States' 'eye print' and arms two cruise missiles with nuclear warheads <br /><br />Rowan Atkinson is the bumbling foreign officer Nigel Small-Fawcett; and Alec McCowen is Algernon, the armorer who provides 007 some formidable items <br /><br />If you like to see Connery playing a tense battle of wills, disguised as a masseur, attacked by robot-controlled sharks, giving away a considerable amount of money for a tango dance, thrown into a medieval dungeon, don't miss this second of only two ""unofficial"" James Bond films",positive
"This is one of the funniest movies I have ever seen. If you know the Real World and the people from those shows, this movie will be top notch, if you have never seen the real world you will still think it is an extremely funny movie but you won't get some of the inside jokes about the actors and the tv show.",positive
"Diagnosis Murder has been shown on most Weekday afternoons on BBC1 since I used to watch it while ill from School a good 10 years ago - I know I shouldn't really enjoy it, in the same way I shouldn't enjoy 'Murder she Wrote' but I'm totally addicted to both and even have the DVD box-sets....OK I know that's sad!<br /><br />Dick Van Dyke carries the show as he stars as Dr.Mark Sloan a Doctor at Community General Hospital in L.A who is also a Police consultant for the L.A.P.D. - his son Steve (Barry van Dyke - Dick's real life son) is a Police Officer, who needs his father's help on very many Suspicious deaths. <br /><br />Along for the ride is Dr.Amanda Bentley (Victoria Bentley) the resident Pathologist at Community General and for the first couple of seasons you had Scott Baio playing Dr.Jack Stewart, who upped and left the series in 1995 hoping to go on to bigger and better things...he should have stayed where he was, he hasn't done anything of note since....and his only theatrical appearance for many years was in Baby Geniuses 2:Superbabies....Oh Dear!!!<br /><br />anyhow Dr.Jack Stewart was replaced by the younger Dr.Jesse Travis played by Charlie Schlatter who stepped into Baio's shoes pretty comfortably.<br /><br />The series is highly implausible but what Whodunit series isn't? (Murder she wrote - everywhere Jessica goes, someone ends up dead, or The underrated Father Dowling Mysteries about a Murder solving Priest with nun sidekick)<br /><br />The series was much lighter up until 1997 this is because it had a supporting cast that included the bumbling Hospital Manager Norman Briggs played by Michael Tucci along with Nurse & Mark's secretary Dolores played by Delores Hall, After 1997 both these characters were no longer included and the series became a grittier affair with a bigger looking budget, some episodes included far more action, one episode the entire Hospital is blown up.<br /><br />This was a family show For the Van Dyke's because as well as Dick's Son Barry, you also had Dick's Daughter And all his Grandchildren making an appearance in various episodes. <br /><br />As the series went on it got a bit silly, one episode I remember Dick van Dike plays his entire family, which was a bit out of the ordinary, but on the Whole 'Diagnosis Murder' was a really good TV show which had numerous good Guest Stars.<br /><br />Since this show finished in 2001, Dick & Barry have appeared together again in the 'MURDER 101' series of TV Movies made by The Hallmark Channel, pretty much following the same path, and still enjoyable. Dick who's now in his mid 80's doesn't seem to change a great deal, and looks as if he'll be working till the bitter end.<br /><br />TV SHOW **** OUT OF *****",positive
"I liked SOLINO very much. It is a very heart-rending story of an italian family moving to Germany. And it's an story about brotherly love, hope and disappointment. And the film is never boring. Go and see SOLINO!",positive
"Although there are some snippets in this 4-part documentary hinting at the necessity for recreational drug law reform, these are not very well-developed, in contrast to the many snippets from those who feel that the drugs that happen to currently be illegal are a scourge for which the only imaginable solution is incarceration of even those who are guilty even of mere possession of such drugs.<br /><br />Although this program, as a whole, leaves the viewer with the impression that the drug war is largely a futile exercise and a waste of money, and for that it deserves some praise, almost nothing in this documentary addresses the very real problems that total war against those who merely possess illegal drugs obviously causes and contributes to--very real problems that most drug warriors themselves would tell you, if asked, they think the drug war is designed to solve. For example, while many minutes are spent on the surge in violence associated with the rising popularity of crack cocaine in the 80's, at no point does this program even hint that the very laws designed to suppress crack cocaine make it impossible for drug sellers to enforce their contracts and business arrangements in courts of law, forcing them to resort to violence to stay in business. But instead of seeing the laws as an important cause of the violence, the drugs themselves seem to take the brunt of the blame. Inexplicably, alcohol prohibition, the violence that ensued, and the subsequent reversal of prohibition, is totally ignored by this program.<br /><br />This program will help to perpetuate ridiculous stereotypes of drug users, and it is these that are the primary force in driving the very expensive and very problematic drug war. The possibility of incorporating drugs other than alcohol into a happy and successful life is not really touched on. Use of any drug in excess is probably going to cause personal problems, but not all users do their drugs in excess, just like not all alcohol users are alcoholics.<br /><br />If you want a point of view from someone who believes that adults have a moral right not to be incarcerated and have their lives ruined by the criminal justice system just for using drugs that the government, for mostly very arbitrary political reasons rather than reasons based on sound social policy and legitimate science, has decided to totally prohibit, whose users it has decided to not-so-metaphorically wage war against, just forget about it. None of that is in here.<br /><br />On the other hand, this is hardly in the category of anti-drug propaganda. It is mostly an interesting neutrally-presented history of drugs in 20th century United States like marijuana, LSD, heroin, cocaine, MDMA, and Oxycontin. But there is a significant element of various people's points of view with regard to drug laws, and most (but not all) of that is not very thoughtful or well-informed and slanted in favor of the drug warrior mentality, especially with respect to drugs other than marijuana. <br /><br />The criminal justice system, along with its often harsh life-ruining penalties, is obviously not the only answer or the most appropriate answer to every single social problem, but unfortunately there's an epidemic in this nation of an as-yet unnamed disease whose primary symptoms are a lack of imagination with respect to social policy when it comes to certain drugs, a lack of compassion for fellow humans, a prejudice against people who use the drugs that are not governmentally-approved, perhaps a vested interest in the growth of the prison/policing industry, and a horrid apathy with regard to human dignity. It's morally wrong to kidnap or incarcerate people unless you have a very damn good reason for doing so, and the mere possession of an arbitrarily selected group of drugs is clearly not such a reason. This is really the primary issue when it comes to drugs, yet this program ignores it.<br /><br />So, in sum, the parts of this program that neutrally present history without feeding stereotypes of drug users that are at the heart of the drug war mentality are pretty good and interesting and entertaining. But when it comes to presenting a rational non-radical point of view with regard to drug policy, and giving the viewer examples not only of people with drug problems but also the many people who successfully incorporate drugs into happy and successful lives, it's pretty disappointing.",negative
"Quentin Tarantino's partner in crime Roger Avary (co-writer on ""Pulp Fiction"") ventures out on his own (Q.T. goes exec. prod. this time) for this over-boiled French thriller.<br /><br />Eric Stoltz is Zed, safe cracker extraordinaire who has drifted over to France from the U.S. at the request of an old friend. There he teams up with a motley crew of drugged out hippies who, with little or no planning, think they can knock off a bank vault full of gold bullion on a French national holiday.<br /><br />Avary has reworked the robbery gone wrong theme that Tarantino developed so well in ""Reservoir Dogs"", only ""Killing Zoe"" is not good enough to survive on the strength of this alone, so Avary has thrown in a rather beautiful distraction. Julie Delpy is Zoe, a student come call girl who entertains Zed on his arrival in Paris. A stunning distraction she certainly is, but nothing more.<br /><br />I guess our director wanted to add a different angle to this basic theme, but sadly the move did not help to add the depth his shallow plot so desperately needed. There was never a story in this idea, which was nothing more than that, an idea. Even the surreal journey into the seedy dives of Paris is uninspiring. I figure one would have to concede that there was never much of a movie in the story of a bunch of gangsters shooting each other up over a botched jewellery heist either, that is until you add intricate characters and snappy dialogue. ""Reservoir Dogs"" had it, ""Killing Zoe"" did not.<br /><br />Stoltz's strong interpretation of the doubtful Zed and Jean Hughes-Anglade's mad portrayal of the obsessive ring leader do nothing to lift proceedings. In short, Avary has unsuccessfully attempted to conjure entertainment out of nothing.<br /><br />Friday, September 15, 1995 - Astor Theatre",negative
"I tend to get furious when hearing about Lucio Fulci's reputation as a director. Too often he's categorized as a no-talented filmmaker, only out to shock and disgust entire audiences with images of pure gore. True, his films contain more explicit filth and sickness as your average mainstream American production, but his films always are of wide range and the plots are gruesomely morbid. Don't Torture a Duckling is yet another story! This film is a pure gem of the Italian shock cinema! I easily dare to call this film a masterpieceit's an old-fashioned giallo that includes all brilliant aspects of genuine horror. The film shows the search for a inhuman serial murderer in a small Italian mountain-town. The bodies of 3 young boys are found, horribly mutilated. There are quite a lot of pseudo-madmen in the town but every trail leads to nowhere. Among the suspects are a greedy bum and a scary woman, obsessed by witchery and voodoo. Like a true mastermind, Fulci knows to find the right creepy tone for his film. He portrays the small town as a claustrophobic and inescapable setting of macabre happenings, supported by a giddy soundtrack. Fulci also develops himself as a genius storyteller here. The script always is one step ahead of you and the complex plot will mislead you more than once. In other words, this is a unique giallo (horror slash murder mystery). The gore isn't presented as grotesque and explicit as in Lucio's later milestones (among them are the legendary Zombie 2, The Beyond and the New York Ripper), although there still are a few nauseating and hard-to-watch shock-sequences shown. <br /><br />Don't torture a Duckling is the most compelling and effective achievement Lucio Fulci ever brought forward and it easily ranks among the greatest Italian horror movies ever made. Right next to the masterpieces made by Mario Bava and Dario Argento. The film is fascinating from start to finish, some plot aspects are alarmingly realistic and the tension is adrenalin-rushing at all times! A must see for horror fans and an absolute priority for Italian shock-lovers!",positive
"Treading Water is a very beautiful movie. I would put it straight under the wonderful short movie : Cosa bella from Fiona MacKenzie. It's not only about coming out but also about tolerance and acceptance in general. I am looking forward to seeing more of Laurel Himmel's work in the future. The actors, Angie Redman and Nina Landey are quite good. The main characters relationship could have been strenghtened a bit as we understand there is a very strong bond between them but maybe this could have been explained a bit. I am surprised that Angie Redman doesn't appear much in other movies. A great first step as a director for Laurel Himmel, I am sure there's more to see from her skills.",positive
"It's funny... one day before i have seen this movie i had been watching a documentary about Leni Riefenstahl, so comparison kind of came automatically... of course there isn't any :)<br /><br /> This movie is weak in every aspect... acting is not convincing (especially the one who plays Simona...) and unnatural..., editing in confused and always leaves a taste of unfinished shot, music doesn't fit, the story doesn't flow, it gets boring and the movie comes out much longer as it is... oh, and the characters aren't very well shown, you actually can't tell much about the girls (except what you see)... The movie also tries to shock with explicit cursing (which is very laughable :)<br /><br />So... 2/10",negative
"... mainly because Ju-on 2 boasts an outrageous FORTY minutes' worth of material literally taken straight out of the first Ju-on - and when you consider that the sequel only runs for 76 minutes, that leaves you with 36 original minutes' worth of film. Ho-hum. I found that deeply irritating - as if viewers simply wouldn't remember the same stuff! - not to mention dull, having to watch it all over again.<br /><br />OK, that complaint aside, the byline for Ju-on 2 was that it was supposed to explain a lot of the unanswered questions from the first movie, which frankly, over 36 minutes, simply doesn't go far enough to making any kind of sense of the original's highly convoluted storyline.<br /><br />There are, however, some really nice new horror sequences which show how good the film might have been, had it had some time to develop; and some of the questions raised by the original - some, but not all - are answered.<br /><br />So in conclusion - if you loved the first original movie and want to see some further developments on the story, go for it - but just remember to keep your remote control to hand with your finger on the fast-forward button for forty minutes.",negative
"Apartmente'L is one of the most interesting movies that I have ever seen. I experienced extreme frustration while watching this movie as I was gunning for the two leads to reunite. That never happened in the end which disappointed me to no end. But the ending lends an even more cynical touch to a generally cynical movie. It is not a movie which people are likely to rewatch but one watch itself will have a deep impact on people. As of now I haven't rewatched the movie and I don't think I will.<br /><br />The story follows the experiences of a man, Max, who is engaged to be married to Muriel. He remembers his old girlfriend Lisa(he considers this the love of his life) as he listens, by accident, to Lisa talking on the telephone. Thus he tries to find Lisa. Here starts his extremely frustrating search for Lisa. There are many layers to this movie. There are undercurrents of jealousy, vouyeurism and so on. There is also another character called Alice who is involved in the whole confusion. The movie then moves through a whole range of twists and finally leads to an ending which could be interpreted in many ways. It is fascinating how this movie has only four main characters but the clever writing makes it interesting and unique. What I love about the fact is that a movie about obsession, jealousy is done in such a light hearted manner. It has a very fast pace which is probably the reason why it can appeal to a large audience. The main character, Max, has shades of grey and I felt the ending was perfect. I don't think he is supposed to be a clean character considering the fact he is searching for his long lost love while he is engaged and he also has a fling with Alice.<br /><br />The character of Alice is even worse. Her manipulation and her compulsive lying can really irritate viewers(that is the point, I guess). The scene where she breaks down in front of Lucien really shows another facet of her character. It shows a side of her that wants to be accepted and that she is tired of all the lying and the games and she wants to lead a normal life. In the end, she understands that she needs to get away from it all. The ending lends a cynical touch. Because it seems as if Max's love for Alice is temporary and fake. It is as if to say that love in general is a temporary emotion and it is better to choose the safe option(i.e Muriel) than to pursue something that is so fleeting(i.e Lisa or Alice). In many ways this is not really a romantic movie but a satire about romance(in a way).<br /><br />The performances deserve high praise. Vincent Cassel as Max gives a great performance. He perfectly portrays the confusion of a man who is not really sure about his engagement. His geeky looks are an added advantage as it fits the character perfectly. But the real star of the movie is Romane Bohringer as Alice. Her nuanced portrayal of a woman who is jealous of Alice and is in love with Max. The scene where she screams ""I am a nutcase too"" really shows her desperation and her yearning to live a normal life with a man who loves her.<br /><br />Btw I also thought lesbianism is another interpretation that can be drawn from this movie. Alice's actions can be explained in many ways. And her unreasonable obsession with Lisa may also be explained as a manifestation of a lesbian desire. It may be far-fetched considering she encourages Lisa to forgive her current boyfriend. But I got the feeling that she was a lesbian for a long time. She also avoids questions from Lisa regarding a boyfriend. She spends a whole lot of time with Lisa and she is happy during that time. That may lead many to question her sexual orientation.<br /><br />Overall I would give it a 9/10. I think it deserves it but I subtracted one because of the rewatchability factor. I think it is a perfect movie otherwise.",positive
"A lonely depressed French boy Mathieu (Jeremie Elkaim) on vacation in the summer, meets and falls in love with Cedric (the gorgeous Stephane Rideau). Quiet and slow this is a very frustrating movie. On one hand, I was absorbed by it and really felt for the two boys. On the other I was getting annoyed--the film constantly keeps flashing around from the past to the present with no rhyme or reason. It's very confusing and pointless. <br /><br />SPOILERS AHEAD!!!<br /><br />Also there are tons of plot holes--Mathieu, at one point, does something that ends him up in the hospital. What is it--we're never told! Then he breaks up with Cedric and tells everybody else he's living with him. Why? We're not told. Then he hooks up inexplicably with another guy at the end. Why? No explanation. It's clear Cedric loves Mathieu and Mathieu is living in the same town so... However it is a tribute to the film that you really care about the characters so much. If only things were explained!<br /><br />Elkaim as Mathieu is not good. He's tall, handsome and has a nice body--but he can't act. His idea of acting is sitting around with a blank look on his face--all the time. Rideau, on the other hand, is great. He's VERY handsome, has a very nice body and is one hell of an actor. Also he has an incredible sexual magnetism about him. There is full frontal male nudity, lots of kissing and a fairly explicit sex scene in the movie which is great--most movies shy away from showing male-male love scenes. This one doesn't and it helps to see how the characters care and feel for each other.<br /><br />So, a frustrating film but somewhat worth seeing--especially for Rideau's nude scenes--that is, if you like good-looking nude young men!<br /><br />",positive
"almost 4 years after the events of 911, if asked what comes to mind about that day, most people would probably comment on things such as the sight of planes crashing into and the collapse of the twin towers, the scores of people being killed, acts of terrorism and heroism mixed together, etc. everyone who was alive at the time will never forget that day. yet for most of us the memories, although moving, are not on a personal level. now comes an extraordinary film which gives everyone who did not lose a friend or a family member a chance to become involved at a personal level in just what we lost on 911. this is a film that needs to be seen.",positive
"Wow! An amazing, lost piece of Australiana AND a lost 70s glam-rock film rolled into one. This film warrants viewing simply to see what can be done with next to no budget but a lot of enthusiasm. As a retelling of the Oz story, the film borders on becoming too obvious but it is saved by it's eccentricities. The chance for a glimpse at how glam rock manifested in Australia will delight fans of the genre. This film used to be double featured with the Rocky Horror Picture Show, an indicator of the type of film that Oz is. While not as frivolous or well constructed as RHPS it's hard not to have fun with Oz.<br /><br />Surprisingly, Oz has aged well- perhaps a by-product of how determinedly set in the real Australia of 1976 it is. The passage of history shows that many of the ideas being explored would eventually enter the mainstream. The willingness of the film to give prominence to gay characters is notable, especially as it dates to the 'revolution' period for the Australian gay rights push.<br /><br />The performances range from flinchingly amateur to finely nuanced brilliance. The direction is lacking in subtlety and much of the dialogue may have benefited from an extra draft or two. Somehow, these flaws add to the appeal of the film which is mercifully unpretentious. Much like Australia in the 1970s this film has a certain naive charm.<br /><br />There are several connections to the original Australian stagings of the Rocky Horror Show which will keep obsessives on their toes.<br /><br />Oz is most certainly a minor classic and a potential cult favourite worthy of review. Laugh at the atrocious 70s fashion, swing along with the AusRock soundtrack, leave ANY expectations at the door and Oz is likely to delight.",positive
"I first flicked onto the LoG accidentally one night while waching television: since then, I have never missed an episode.<br /><br />It's humour is very weird, like a cross between Brass Eye's social commentary, the Fast Show's excellent one-liners, and an amazing plot that seems to develop each week without ever going anywhere. The best example of this was Hillary Briss's special stuff - what was that all about?<br /><br />The humour will not appeal to all. Some will say it's just too sick, and it's easy to see where they're coming from. Nonetheless, give it a try. If you don't like it, don't watch it, but if you do like it you'll be very glad you took my advice.",positive
"I hired the DVD yesterday and first of all it started bad, it's 4:3 aspect ratio film, and it just keeps getting worse, the acting is so bad and the movie itself is way to predictable, I was like watching the movie and said to myself: this going to happen next and guess what happened? right...<br /><br />if you want to see a good action boxing movie, don't watch this one you'll end disappointed on this low-budget movie like I did. go and see Ali its way better!",negative
"Being born in the 1960's I grew up watching the TV ""Movies of the Week"" in the early 70's and loved the creepy movies that were routinely shown including ""Crowhaven Farm"", ""Bad Ronald"", ""Satan's School for Girls"", ""Kolchak the Night Stalker"", etc, but this one is just plain dumb.This is obviously the writer's trying to capitalize on the horrific Manson murders from a few years earlier. The movie stars Dennis Weaver of ""McCloud"" and ""Duel"" fame as a father who takes his family camping on a beach. The family encounters some hippies who for some reason decide to terrorize the family. The reason for this is never explained, and Weaver's pacifistic stance is hard to swallow. For God's sake, call the police, beat the hell of them or something, just don't sit there and whine about it. The acting is pretty lame, the story unbelievable, etc. Susan Dey looks cute in a bikini but that's about it. Ignore this if it ever airs on TV.",negative
"This was a shockingly bad movie and I literally gasped the first time seeing the Blue Screen puppets. Imagine the worst Blue Screen special effects you ever saw, make it somehow far worse, and then combine this with poorly made, rubber and Play-doh puppets that look like something from a semi-retarded pre-school art class. Then add some screeching, Yngwie Malmstein-esquire, melodic-metal guitar solos stuff that is way too loud and lasts way too long. The overall film is absolutely awful and makes ""Feeders"" look like ""Rashomon."" Its one of the worst movies I've ever seen, with every quantifiable metric spiraling dismally downward, much like a waterlogged turd in the perpetual, slow whirlpool of a broken Rest Stop toilet. Still, though, a film like ""Actium Maximus"" is not to be missed by the bad movie conesseuirs out there, even if only by looking up clips on YouTube or someplace. This movie is a bit of an eye opener, if you can stomach the ride. I think this director may be mentally ill, though, which is a bit debasing. Watching him discuss the project, you get the sense that he truly believes that he's created something wonderful. I guess he's the ""Star Wars kid"" of gonzo filmmakers. What a mess. :-)",negative
"Anyone notice that Tommy only has 3 facial expressions.<br /><br />1. The angry eyes look he gives every enemy. 2. The holding of the hands to face, mouth agape and frightened eyes. 3. The smiling Tommy Turnbull.<br /><br />I have to say that i pretty much hate this show, i don't watch it but it's like Code Lyoko, we've all watched at least one, i must say that this show is borderline racist, uninteresting and pointless.<br /><br />every episode ends with robotboy winning, except for one exception when robotboy basically let this overly geeky freakazoid fly away on a jetpack.<br /><br />The jokes are pretty crude too, i think it's mostly people saying the word ""Suck"" or farting, i think the bullies of the show are quite shocking too.<br /><br />Isn't there one that hides a bowling ball under his hate, and the other uses a chain, for god sake, what kind of school is he going to. Not to mention his older brother, who is borderline psychopathic and has no other character qualities.<br /><br />The whole show i feel is ripping off megas XLR and Fosters. Like you could say the trio of coop, jamie and Kiva, as well as Robotboy being similar to Megas where he beats everyone no matter what the odds and he's free spirited despite being a robot.<br /><br />There is simply no appeal to this show, i'm surprised that it's still running.",negative
"A Disney movie that dares to do something different should at least be awarded for effort. ""Holes"" doesn't make the same mistakes as one would expect from a Disney movie about troubled teenagers put in a camp. For the first time events are not explained in details. The flashback scenes really do serve a purpose and present several mature topics that may surprise the viewer. I must admit that at first I was a bit put off by the seriousness of the movie. But soon I realized that we had to endure those moments to see the beauty of the story. Besides the story this movie also does a good job of questioning some methods that are used in correctional facilities. (One example where Caveman is forbidden to teach Zero to read because they have to dig holes in order to build character,like learning to read won't contribute to that). ""Holes"" is a movie that is smart and beautiful. A must watch!",positive
"I'm sorry to see that it has been rated that low by many people. The series started off very good and after the first season it wasn't that good.<br /><br />People tend to forget the beginning of something and only look at the end. This is not good to do, you should look at the total, not the end result. It is sad that a lot of the ""usual"" characters died but, damn, we had a lot of nice NEW characters.<br /><br />Please do not attach yourself to a few characters but attach yourself to the series, the plot. Please do understand that I didn't like it when Boone died, when Augur died but well... it needs to be done. Can you imagine that everyone keeps living the whole series when they are in a lot of danger all the time? Come on, face it, if they didn't die they would be invincible. In this way you will always keep the tension, will he survive, will he die? I do realize that people attach their selves to characters, I do that too. My favorite character was Augur, the one who could get into every computer he wanted. He was the one who was mysterious, he could do things with the computer no one else could do.<br /><br />I wish to make one statement to all the people who vote negative, does a series which started so good deserve to have such low rating? Should we look at the final season instead of the total? Should we not see how good the series was when it started? Should we not see how much we enjoyed it?",positive
"George Barry's ""Death Bed: The Bed That Eats"" is, at root, a dark fairy tale told via a horror-movie framework. It is, in my opinion, one of the best films of the 1970s, and it's downright criminal that the picture was basically stolen and distributed without Barry's knowledge (those responsible for this theft should be fed to the bed, ASAP). If you're looking for overt gore or rabid action, ""Death Bed: The Bed That Eats"" isn't the flick for you. ""Death Bed"" is a gentler, weirder drive-in picture; it plays like an utterly strange dream, half-remembered. I'd recommend reading Stephen Thrower's summation of ""Death Bed"" in Thrower's FAB Press book, ""Nightmare USA"" (he describes the movie's vibe perfectly). Whether intentional or not, I've noticed shades of ""Death Bed"" in everything from the ""Phantasm"" films to Michele Soavi's ""Cemetery Man"" to the magic-realism/slipstream fiction of authors such as Kelly Link. Barry is an original and in a fair world I'm sure he would've followed ""Death Bed"" with a number of fantastically bizarre films.",positive
"This is one of those movies I watched, and wondered, why did I watch it? What did I find so interesting about it? Being a truck driver myself, I didn't find it very realistic. No, I've never used a 'lot lizard', nor have I ever seen, nor heard about one traveling around the country in a brand new seventy thousand dollar RV, either.<br /><br />Same thing about a pimp whom has never sampled the lady in question (until the end of the movie, and well, he still really didn't...), and only getting 50 bucks 'a cut', when the prostitute gets $200.00 (well, $150.00 after his cut, yeah...).<br /><br />I still laugh at the lot lizard comment Ivey made (them's Lot Lizards, they'll screw anything with 20 bucks, and some are men dressed as woman... or something equally as weird), meaning, we're better then them, as we may still be prostitutes, but we get paid BETTER.<br /><br />Other then that, it's just a story of a young woman whom wanted something more from life then a dead end job while living at home (she's 18, remember?) and embarrassed by her mother basically doing the same thing (dead end job). At least she had a roof over her head and a job. She turned FIVE tricks on the road... I wonder if the $750.00 she made was worth it? I'd guess not.",negative
"""Most of us at least inhabit two worlds , the real world where we are at the mercy of circumstances and the world within ,the unconscious ,a safe place where we can escape ..."" With those words ,Mr .Gone introduces inside the world of ""The Maxx"" a fascinating world where the fantasy and the reality are combined . Inspired in the comic books of Sam Kieth, ""The Maxx "" is very faithful to the material in what it was inspired , not only in the story but also in the graphic style ,that look like the pages of the comic ,giving this show a surreal and unique appearance . But also ,the story it's interesting and entertaining .At moments it could turn too weird ,but when you got inside it ,it's hard to get out of it . The story and the characters are wonderfully developed . The music goes perfectly with the style of the show and give it the proper atmosphere . Unfortunately , like many good animated shows ,this one was short -lived . ""The Maxx"" is a must see . It 's one of my all -time favorites .",positive
"Okay, so I'm not a big video game buff, but was the game House of the Dead really famous enough to make a movie from? Sure, they went as far as to actually put in quick video game clips throughout the movie, as though justifying any particular scene of violence, but there are dozens and dozens of games that look exactly the same, with the hand in the bottom on the screen, supposedly your own, holding whatever weapon and goo-ing all kinds of aliens or walking dead or snipers or whatever the case may be.<br /><br />It's an interesting premise in House of the Dead, with a lot of college kids (LOADED college kids, as it were, kids who are able to pay some fisherman something like $1,500 just for a ride after they miss their boat) trying to get out to this island for what is supposed to be the rave of the year. The first thing that comes to mind about House of the Dead after watching it is that it has become increasingly clear that modern horror movies have become nothing more than an exercise in coming up with creative ways to get a lot of scantily clad teenagers into exactly the same situations. At least in this case, the fact that they were on their way to a rave excuses the way the girls are dressed. They look badly out of place running around the woods in cute little halter-tops, but at least they THOUGHT they were dressed for the occasion.<br /><br />Clint Howard, tellingly the most interesting character in the film by far, delivers an absolutely awful performance, the greatness of which overshadows every other actor in the movie. I can't stand it when well-known actors change their accents in movies, it is so rarely effective, and Howard here shows that it is equally flat to have an well-known actor pretend that he's this hardened fisherman with a raspy voice from years of breathing salty air. He didn't even rasp well. It sounded like he was eating a cinnamon roll before shooting and accidentally inhaled some powdered sugar or something. Real tough there, Clint! I expected more from him, but then again, he did agree to a part in this mess.<br /><br />Once we get to the island, the movie temporarily turns into any one of the Friday the 13th movies that took place at Camp Crystal Lake. Lots of teenagers played by actors who were way too old for their parts getting naked and then killed. The nudity was impressive, I guess, but let's consider something for a minute. These kids pay almost two grand to get out to this island to go to the Rave Of The Year, find NO ONE, and say, well, who wants a beer! Even the guy who pulled that stack of hundreds out of his wallet to get them all over there didn't think anything of it that they found a full bar and not a single solitary person in sight. Here you have the input from director Uwe Boll - There's alcohol! They won't notice that the party they came for consists of no one but themselves!<br /><br />So not only do they start drinking, not minding the fact that the whole party seems to have vacated the island, but when one of the girls goes off into the dark woods to find out where everyone is (dragging one other girl and one of the guys reluctantly along), the guy and the girl who stay behind to get smashed decide that it would be a great idea to strip down for a quickie now that they're alone. It's like they expected to find the island empty, and now that they rest of the people that they came over with were gone for a little while, they would have some privacy since there's no one else around. Brilliant!<br /><br />Now for the things that everyone hated, judging by the reviews that I've read about the movie. Yes, intersplicing shots from the video game into the movie, mostly in order to show that, yes, the movie was being faithful to/directly copying the video game. Sure, it was a stupid idea. I can't imagine who thought up that little nugget, but worse than that is the Matrix-style bullet time scenes that were thrown in over and over and over and over. After the first time (at which point I found it pretentious and cheesy for a movie like this to have a shot like that as though it was something original) it is noticeable more for the technique of the shot itself rather than any dramatic meaning or creation of any kind of tension for the film.<br /><br />One of the things that makes a zombie film scary and gets you on the edge of your seat is to have them slowly but relentlessly coming after the living humans, who are much faster but getting tired, running out of places to run, and with a terrifying shortage of things with which to fight the zombies off with. The first two are done right in the movie, the kids are terrified and don't have a lot of places to run since they're on an island, but since they caught a ride over with a smuggler, they find themselves heavily armed. And I mean that very strongly. I mean, these people have everything from machine guns to hand grenades, which removes most of the tension of the impending walking dead.<br /><br />Then you have what I call the techno-slasher scene. Since the rave never happened, and I guess since Uwe Boll thought people were going to be disappointed at not hearing any techno music in the movie, there's one scene right in the middle where all the humans are fighting off the living dead, and amazingly enough it turns into something of a music video. There's techno music blasting as the shots are edited together faster and faster until it's nothing but a blur of gory shot, mostly only about 5 frames long (which is about 1/6 of a second) flashing across the screen in time with the speed techno music. Clever, I guess, but it has no place in a horror movie because it completely removes any sense of scariness or tension of even the gross-out effect because you can't see any one thing for long enough to react to it. You're just watching these shots fly across the screen and wondering what the hell the director was thinking when he decided that it would be a good idea to put something like this in the movie.<br /><br />I've seen a lot of people compare this movie to Resident Evil, mostly claiming that it copies the premise of it, and they're exactly right. I appreciate that at least here, as was not the case in Resident Evil, it wasn't some man-made virus that turned people into walking dead that were able to infect other people, changing them the way vampires turn others into vampires. 28 Days Later was also clearly an inspiration for this movie, it's just too bad that House of the Dead didn't do a single original thing, except for the somewhat moronic idea of putting in quick shots of the video game on which it is based, just in case you forget. I really think that this should have been a much better movie. While obviously I can't say that I know much about the game it's based on, just the title and the movie poster deserve a much better movie, but unfortunately I think that's more often the case than not with horror movies. It's really kind of sad when a movie comes out that is so obviously advertised as a no-holds-barred horror film, and the scariest thing in the entire movie is the closing shot, which suggests the possibility of a sequel.",negative
"Let me say this about Edward D. Wood Jr. He had a passion for his work that I wish more people did have. If we all had the optimism and the commanding hope of Ed Wood, the world would probably be a much better place. Being familiar with Ed Wood's story and having seen the most wonderful biopic ""Ed Wood"" (1994) several times, I admire his boldness and his strives for the job he loved; I still admire his never-say-die attitude. He had a love for directing that I wish more people in modern-day Hollywood had.<br /><br />But that doesn't make his movies any more fun to watch. And ""Glen or Glenda,"" his first and most confessional film, is probably his very worst.<br /><br />""Glen or Glenda"" is a deadening cult movie about a cross-dresser named Glen (played by director/writer Ed Wood himself) who despite his love for his fiancée Barbara (Dolores Fuller), cannot seem to conquer his lust for transvestitism, in which he dresses in women's clothing and a wig and thus becomes...Glenda! Glen/Glenda's story is narrated by a doctor and he too is talked and watched over by a mysterious character called ""The Scientist"" played by veteran horror star Bela Lugosi. Oh, and there's also some sub-story about an Alan/Anne character who becomes a transsexual based on the Christine Jorgenson story, upon whom this movie originally titled ""I Changed My Sex!"" was previously to be based.<br /><br />Have I dropped your jaw yet? Well, as much as I want to warn you off this picture if you've never seen it, I would never tell a lie about a movie and there is not one word of falsehood in that plot synopsis I just gave you. Every thing in it is true. This is a movie about cross-dressers and transsexuals, a topic that does not sound very appealing to begin with and is not done in a very appealing manner. I'm sure that with a good screenplay, and a good director (it had neither) that ""Glen or Glenda,"" despite the subject matter, could have been a very moving picture. It is a confessional movie on Wood's part, as he was a transvestite in real life as well as on screen. But once again, that does not make it a good movie...or a watchable one for that matter. ""Glen or Glenda"" is a jumbled, disorganized mess of a movie that sinks into new trenches in the realm of bad cinema. It makes no more sense than does its notoriously silly scene where Bela Lugosi screams ""Pull the string!"" over inexplicable footage of stampeding bison. The majority of the movie is narrated in a monotonous voice, reminding me of some very bad short informative films I've seen before. It's like one of those really bad short films expanded into a seventy-minute feature and twice as dull. We sit there for ages waiting for the plot that never comes. There is no real attempt to even build energy with the camera being locked down in one position for many grueling minutes and long stretches of time where nothing at all happens. The only moments that are worth anybody's time are those of Bela Lugosi who manages to bring some light into these dark trenches. I guess Lugosi is supposed to be like the deity of the film, but personally, I couldn't care less who or what he's supposed to be. I'll tell you what he was: A gifted actor who wound up making trash. But he and Wood were very good friends and liked working with each other, so good for him.<br /><br />I will always admire Edward D. Wood Jr. for his passion for the cinema, but I will never as long as I live admire his movies. A film critic once called Ed Wood's movies ""innocent fun"" but I think even that is questionable. Innocent? Yes. Fun? No, sir. And if ""Citizen Kane"" is the Mount Everest of the cinematic world, then ""Glen or Glenda"" is probably the Mariana Trench.",negative
"THE FEELING of the need to have someone play the role of Arbiter of Public Taste and Political Correctness always manages to get under our skin. It does seem that these self-appointed, self-superior, pseudo-intellectual types do appear everywhere; be it in one's family, church or bowling league.<br /><br />THESE are the guys who would have society completely disregard and ignore all that went before us; unless, of course, whatever 'it' is does not fly in the face of today's ""acceptable"" language, mores and general ""standards"" of ""proper"" behavior.<br /><br />SO it is that these latter day, high tech book burners have targeted a great deal of what was Hollywood's greatest achievement; namely their participation in our own Allied Propaganda via their unselfishly crafted message and theme films.<br /><br />COLDLY brutal in its generation, the Banned Code and List of Now Unacceptable extends into the Wartime Cartoons that don't meet with the new touchy, feely socially engineered 'official' attitudes; which these ""Thought Police"" have foisted down upon us.<br /><br />WE were truly surprised to see that there seem to be volumes of such animated short subjects. The majority we are aware of are from Warner Brothers' LOONEY TUNES and MERRIE MELODIES; featuring Bugs, Daffy, Elmer & Porky, all in conflict with Hitler, Goerring, 'Il Duce', Tojo and the like. Surprisingly though, we found an ample supply of cartoons from MGM, Walt Disney, Lantz, Paramount-Famous Studios and the Brothers Fleischer.<br /><br />YOU'RE A SAP MR. JAP (Famous Studios/Paramount Pictures, 1942) is a prime example of just what we're talking about.<br /><br />BEING virtually indiscernible from the cartoons that were the output of the Studios of Max and Dave Fleischer before the 1941 business coup-de-tat that moved them out, bringing the new name of ""Famous"" Studios, YOU'RE A SAP MR. JAP bore none of the bland plot elements that would reduce the latter day Popeye Cartoons down to the level of the ultimate formula short movie.<br /><br />WE all remember how we'd have Popeye and Olive Oyl together. Enter Bluto, usually the exponent of wolf whistle and an on acceptable on-screen version of a Male reaction to feminine pulchritude. Olive falls for Bluto's less than honorable attentions; until he gets a little too physical and invariably blurts out, ""Hey Babe, how 'bout a kiss?"" At this point we hear ""Help! Help, Popeye and the diminutive sailor shows up to save the day; replete with the obligatory can of Spinach! DO we exaggerate, Schultz? ONCE again this JAP SAP cartoon is nothing like any of that. Oh sure, it follows the storyline of now having Popeye in the U.S. Navy. The Brothers Fleischer put the little guy in the service in 1941 to conform to the mood in the country and as an open gesture of support for the men now being conscripted in the first Peacetime Draft in United States History. Max and Dave even put Popeye in service aboard the mythical Battleship, the U.S.S. Pensyltucky.<br /><br />OUR point is just this. YOU'RE A SAP MR. JAP and others like SPINACH FER Britain aren't cartoon vehicles for comic relief in the Theatre's program at all in the true sense. Rather they are a sort of grouping of Editorial Cartoons much like those from any ""Great Metropolitan Newspaper"". These animated shorts, much like those still one panel illustrations, have characters that are highly symbolic and representative of Nations, Ideas and Ideals, such as a just and lasting Peace. In most cases, the hero (Popeye, Bugs Bunny or whoever) is alone with the symbol of the Enemy. Both are highly exaggerated visual metaphors for abstract concept and thought; even if they are cloaked in humorous trappings for wider palatability.<br /><br />OUR liberal stupidgencia (the antithesis of intelligencia) may not see themselves this way; but for this sort of behavior, they are no more than Neo Nazi Book burners.<br /><br />PLEASE, allow the future generations to view and appreciate a view of past happenings that is both Historical and Humorous.<br /><br />POODLE SCHNITZ!!",positive
"Oh how awfully this movie is! I don't know if it is a horror film or a drama, cause the story and the both genres are not established very well! The story is not moving, it is slow, boring, and sleepy from the beginning to end. This movie really bores me! But I really liked the camera work, it is authentic, fresh and clear, the acting is great too, the little boy was the great performer in this movie, but it hasn't made me to jump from my seat. But this movie makes me grab a pillow, lay on the bed and sleep until the credits roll...<br /><br />Boring! Not worth watching! I tell you, this movie sucked!<br /><br />1/10",negative
"I'm not really sure how to even begin to describe how bad this movie is. I like bad films, as they are often the most entertaining. I love bad special effects, bad acting, bad music, and inept direction. With the exception of the music (which was better than I had expected), this movie had all of those qualities. <br /><br />The special effects were amazingly bad. The worst I've seen since my Nintendo 64. Some scenes to watch for include the Thunderchild, the woman being crushed by the mechanical foot, the Big Ben scene, the train wreck... Wow, there are so many bad effects! On the plus side, though, SOME scenes of the alien walkers are well done.<br /><br />The acting was about as bad as it could possibly have been, having been based directly on H.G. Wells' book. For having such good source material, it's almost as though the actors were trying to be so over-the-top as to make it funny. And then there's the mustache... the single most distracting piece of facial hair I've seen in a long time. Of course, only half the movie contains acting. The rest is characters walking around aimlessly and poorly rendered effects shots.<br /><br />To say that Timothy Hines is an inept director would be an injustice to inept directors. With the use of different colored filters between shots for no particular reason, the use of poorly rendered backgrounds for even inside scenes, the bad green screening, it's amazing to me how this man ever got approval to direct a movie. I wouldn't imagine it would be possible to turn a brilliant book into this bad a movie. Bravo, Mr. Hines. Bravo. <br /><br />My advice to anyone who plans to see this movie is to do what I did: have some friends who enjoy bad movies over, drink, play poker while watching it, keep drinking, and maybe you'll make it all the way through. It does make for an excellent bad movie, so have fun and laugh yourself silly with this disaster.",negative
"Three horror stories based on members of a transgressive Hindu cult that return home but changed in some way. In the first story our former cult member is now in an insane asylum and is visited by a reported who wants to find out about what went on at the cult. Somewhat slow going as story is told in flashbacks while the two sit on chairs and face each other. Reporter is particularly interested in what lead to the death of the participants. What seemed rather boring suddenly turns very exciting with a surprising twist in the story. Things get quite bloody.<br /><br />Second story has a violent young criminal visiting a psychiatrist for mandatory therapy. The patient seems to have some type of agenda but the psychiatrist is up to the task. Again, things slow down a bit and get weird. Then there's a strange twist in the story that is very well written and surprising.<br /><br />Final story deals with spiritual healer who claims to be able to remove the persons illness from them with his hands. One of the patients is a former cult member, so the successful healing gets more complicated. Again, we are surprised by a twist. Has a pretty gory scene in there.<br /><br />There some nice female full frontal nudity as well as male full frontal nudity for some reason. I found the stories to be very well written and the director succeeds entirely in setting up each story with its surprising twist and the gory aftermath.<br /><br />Note: review of the German DVD.",positive
"Oh boy! Oh boy! On the cover of worn out VHS has a picture of Sandra Bullock and her name written on top. I think only reason they had chance to sell the movie in nineties, was because of Sandra Bullock's name. Bullock's fans don't have to disappoint. Sandra is only thing to watch in this movie and her performance is the only you can call acting. Rest of the movie It's fun to watch in first fifteen minutes because it's bad but after that it's going worse. Much worse. Directing is awful. Acting is awful. Script is awful. Dialog is awful. Action is awful. Music is quite good actually. Typical score for eighties action movies. This movie is so bad that it goes close to anything Andy Sidaris has ever produced. It's so bad that there isn't proper word to describe this poor attempt to be a movie. But still, there was Sandra Bullock. And super cool (sarcasm) Jake LaMotta who tried to be Marlon Brando. <br /><br />I think they can now bring the film out on DVD. It could be cool! And they should write on the cover: ACADEMY AWARD WINNER SANDRA BULLOCk IN HANGMEN<br /><br />1 out of 10",negative
"Definitely a very good idea,screenplay was just OK.Could have been better,The positives are that it doesn't bore you if you're an adventure lover,A new idea about the lost world of Atlantis.Negatives are that I personally feel that this idea had so much more potential than this.They should've ended up with a better adventure than this.It wasn't bad at all but it would have been much better with some more runtime.Enjoyed it a lot though,Cant say that it was boring or wasn't good..A good one for the people who like adventure animations like Sindbad,like The road to el Dorado.This movie is also recommended for people looking for a nice little adventure with a very nice happy ending.",positive
"This movie is a true reflection of the Australian resourcefulness that has been required to make this country what it is over the last 200 years. Not pompous like the British, not Gung-Ho like the Americans. If either of those countries had attempted what this crew did, it would have failed dismally. Either due to ignorance on the British part, or too much faith in superior firepower on the American side. ""True"" Australians (i.e. non-imports) are the only ones who can excel in modern military conflicts because they have had to improvise most of their adult lives. Just look at examples like Gallipoli; Paschendale; Tobruk; New Guinea and Vietnam.",positive
"This was obviously the worst movie ever made...ketchup was the starring role in this movie and would be the only nominee for an award..cause the plot, actors, and anything related to this farce was absolutely horrible and ridiculous. I could have made a better horror flick in my backyard within two hours with a hand-held camera using grass stuffed dummies as the actors, atleast the acting would have been better! Don't waste your time or money on this one...it's extremely cheesy and horrible!!",negative
"This second film is just as interesting as the previous one except that there is no suspense. We know what he is going to do and what is going to happen before it is even hinted at on the screen. Then the pleasure comes only from the way the various tricks happen and the succession of them. We know there will be dynamite in the car, that he will lose a wheel, that the car will have a crash, just to speak of the car. And that is what happens. Now the details and the particulars are for you to discover them in the film. That he may be baited by some dumb woman is obvious and has to come but we know that he has already seen through her and that he knows he is being dragged into a trap. Now, how is he going to get out of it? That's what you must discover by yourself. And don't worry he will get the main trafficker but how is another story. A speed boat is no match to our busy beaver on the river. We also know when he is going to be wounded. They did not know what bullet-proof jackets were in those days. It's true recently it was discovered that some GIs did not have that kind of equipment in Iraq. But what is the meaning of such a film? This insistence on hunting the traffickers and this blindness that does not see that it is the prohibition that creates the problem. But the film is a constant and perfect illustration that there is no value what so ever that can stand in the way of this moralistic crusade against the forces of evil. Why not simply legalize these goods so that they can be properly observed and under surveillance? When something is not illegal or pushed out of the way it is all the less fun to use them, to do them. It is the forbidden or the restricted that is attractive.<br /><br />Dr Jacques COULARDEAU, University Paris Dauphine, University Paris 1 Pantheon Sorbonne & University Versailles Saint Quentin en Yvelines",positive
"""Sir"" has played Lear over 200 times,but tonight he can't remember his opening lines.Sitting at the mirror,his eyes reflect the King's madness. His dresser prompts him gently,mouthing the words.There is an air of desperation about both these men.The great actor knowing his powers are slipping away,his valet cum major domo cum conscience cum surrogate wife - aware of his boss's decline into madness and knowing he is powerless to do more than ease his passing. ""The Dresser"" is really a love story between the two.Over the years they have become mutually dependent on one another to the extent that neither can conceive a future without the other. Set during the second world war,it concerns the fortunes of a frankly second - rate touring Shakespearean Company comprising an equal number of has - beens and wannabes led by ""Sir"", a theatrical knight of what might kindly be called ""The Old School"".Whatever part he is playing he grabs centre - stage and bellows out over the footlights,bullying his audience into applause.But,somewhere inside him,buried most of the time deep beneath the ham he regularly dishes out,there still remains an occasional glitter of his earlier greatness.It is to catch a glimpse of this that his audiences fervently hope for. Mr A.Finney very cleverly concentrates on the ham,often to the point of caricature,and,just when you are ready to dismiss his performance as mere hyperbole and bluster he will produce a moment of exquisite subtlety and vulnerability that makes you realise that a great actor is playing a great actor. The same goes for Mr T.Courtenay.It's easy to write off his portrayal<br /><br />of Norman as an exercise in stereotyping.Here we have a middle - aged effeminate rather than camp theatrical dresser sashaying his way through life,enjoying the company of ""The Girls"" and loving the wicked Insider gossip rife in ""The Theatre"".There were - and I strongly suspect still are - many men just like Norman in The Profession.Infinitely kind and patient,knowing more about the plays than many of the actors,they run backstage with wisdom and affection.I believe the vast majority of them would hoot with approving laughter at Mr Courtenay's portrait. I saw ""The Dresser"" on the London stage where,against the perceived wisdom,Mr Courtenay's ""Norman"" was rather more subdued than in the movie.""Sir"" was played by the great Mr Freddie Jones to huge acclaim from the audience.It was a memorable performance that overshadowed Mr Courtenay's,reducing him rather to an ""also - ran"" as opposed to an actor on level - billing.The idea that ""Sir"" and ""Norman"" might be almost incomplete without each other went right out of the window. ""Norman"" was reduced to being his puppet,which I'm not sure was what Ronald Harwood intended,but made for breathtaking theatre. Messrs Finney and Courtenay redress the balance in the movie,restoring equality to the relationship. Both men have come a long way since their early appearances in the British ""New Wave"" pictures when they became the darlings of the vaguely Leftish,""middle - class and ashamed of it"" movement.When the British cinema virtually committed Hari - kiri in the 1970s they quietly concentrated on the theatre apart from a few roles to keep the wolf from the door.With the renaissance of more substantial movies,they re - appeared,blinking in the unaccustomed bright light.<br /><br />""The Dresser"" marked their return,still fizzing with energy and talent, shouting to the world at large ""We're still here"".It's not a big movie but is assuredly a great one.",positive
"An example of genius filmaking. The epic story of three major stages of life for a young boy told with eloquence and raw fearlessness. Rarely does a film come along that causes me to out loud say during most of the viewing, ""this is a really good film...."" again and again. That is exactly what happened when I watched this film. I really do not understand how anyone could not like it. I found myself at moments crying and laughing at the very same moment, unable to control how I felt about the scene. The acting is outstanding. Eric Mabius- why is he not all over movie screens? He was really extraordinary. His seemingly effortless attempt on the screen impacted me in deep visceral ways. I thank him. In my opinion, Eric Schaeffer is one of the best filmakers around, and I hope he continues to rise to the challenges that he faces while trying to give us art in the face of ferocious commercial filmaking.<br /><br />",positive
"No, no, no, no, no, no, NO! This is not a film, this is an excuse to show people dancing. This is just not good. Even the dancing is slow and not half as entertaining as the mediocre 'Dirty Dancing', let alone any other good dance movie.<br /><br />Is it a love story? Is it a musical? Is it a drama? Is it a comedy? It's not that this movie is a bit of all, it's that this movie fails at everything it attempts to be. The film turns out to be even more meaningless as the film progresses.<br /><br />Acting is terrible from all sides, the screenplay is definitely trying to tell us something about relationship but fails miserably.<br /><br />WATCH FOR THE MOMENT - When Patrick Stewart enters the scene and you think the film might get better as he brightens up the dull atmosphere. For a second.",negative
I saw this movie with very low expectations. I didn't know a lot about it so I wasn't sure if it was going to be worth it.<br /><br />The story did an OK job of getting you curious about these ruins they travel to. The suspense continues when the Mayans show up and force them to stay at the ruins.<br /><br />Then the movie turns from somewhat suspenseful to pointless. The amount of gore found in this movie did not balance out compared to whether it was truly necessary or used more for shock value.<br /><br />The fact that they didn't make any attempt to fight the vines from hell. They had fire and didn't try to burn it nor did they try to cut it with a knife to see if they could destroy it or not. They quickly jumped into a victim role and their helpless attitude was not real. It reminded me of the old horror movies where the people just scream and yell and don't have half a brain to try to fight back.,negative
"The superb star quality of Gerard Philipe, who died way too young, leaps from the screen in this witty, funny, sly swashbuckling comedy with plenty of sword fencing and knockabout antics. Charmingly loopy in its' storytelling, impossible to resist. A sweet romantic comedy with a very young Gina Lollobrigida as the love interest. A movie one will remember with great affection.",positive
"The following ""review"" is one from the wrong side of the tracks, meaning two things: You will hear nothing but praises coming from me and don't be fooled by my rating. I also could tell you that this review contains no spoilers, but technically... that's a lie.<br /><br />Well,... Screw the review. I'm just going to ramble a bit. It has been a while since I had so much fun with such a bad film. And if you cannot enjoy this piece of utter drivel, then you simply have no sense of humor. First off, this movie was meant to be taken seriously, and that's the main aspect were the fun is coming from. The story? A doctor's son is terminally ill. Daddy-Doctor decides that a hart-transplant must be the only way of saving his son. So, in true mad-doctor-style, he decides that the heart of a gorilla will do the trick. Of course, the gorilla-heart is ""much too potent for a human"", so sonny-boy transforms into this hideous Ape-Man that immediately breaks free and goes on a killing and raping spree (because that's simply what any horny beast would do, isn't it?). The make-up of our Ape-Man is hilarious. There's simply no other way of putting it: The guys' face looks like a turd! I'm talking human excrement here, the solid brown kind! Beautiful! The gore in this flick is wonderful too: Aside from real footage of an open-heart surgery, we also have incredibly fake (but quite nasty) looking blood & gore effects: a decapitation, an eye-gouging, a throat-ripping, the scalping of someone's skull,... It's hilarious, and indeed it's quite incomprehensible why NIGHT OF THE BLOODY APES ever made it to the notorious UK Video-Nasties list, because all of the nasty things portrayed in this film are simply too ridiculous to be taken seriously. Oh, and there's only one bloody ape running around in it too, by the way. So, needless to say that LA HORRIPILANTE BESTIA HUMANA is a much more accurate title for this terrifying and convincing tale of science gone horribly wrong.<br /><br />When not trying to shock with poorly staged acts of bloody violence or random portrayals of female nudity, this movie manages to be highly entertaining with ingredients like nonsensical dialogues, cheap cardboard sets, plot stupidity and incredibly bad acting. Just a few random examples, maybe? About the sets: One can clearly see that the set-designers just used the same walls, doors, windows (etc.) over and over again to be build various different interior sets (e.g.: One side of the hospital room - the window side - where the unconscious wrestling girl lies, looks suspiciously similar like the window side of the basement-laboratory from where Ape-Man escapes; The set-designers also took one of the side-windows from the laboratory, made it a bit larger and just placed it in the conference-room of the hospital; All the walls in any building are the same grey-ones;...). Then there's the setting of the park. Clearly shot in a studio, you can see (on several occasions) that the grass is loose. Whenever there's some struggling/fighting/raping going on, the grass just shifts and shuffles and you can see the grey concrete from the studio-floor beneath it.<br /><br />Just a few random lines that come out the actors' mouths: <br /><br />-- In the conference-room where all the doctors are debating the disappearance of Unconscious Wrestling Girl (a disappearance that would of course mean bad publicity for the hospital), Daddy-Doctor intelligently utters ""We find ourselves in a situation that is difficult"".<br /><br />-- During that same debate a colleague-doctor cleverly remarks ""A sleepwalker! Any sleepwalker gets up."", hereby providing a solid excuse for the disappearance of Unconscious Wrestling Girl.<br /><br />-- After our investigating detective, through the amazing process of his own logical deduction, concludes and tells his superior that the murderer must be a half man/half beast, his superior answers that it's absurd, adding the line ""It's more probable that of late, more and more, you're watching on your television many of those pictures of terror""... Truly one of the best lines of the movie.<br /><br />Other sources of laughter: <br /><br />-- The two scenes were Daddy-Doctor and his Igor-like assistant kidnap the gorilla from the zoo and Unconscious Wrestling Girl from the hospital - these well thought-out acts of abduction are like taking candy from a baby.<br /><br />-- Daddy-Doctor speaks to God a lot, doesn't he?<br /><br />-- Sonny-boy calling Daddy-Doctor ""Papa"" on more than one occasion.<br /><br />-- An old lady screaming ""Aaargh!!! A dead man! A dead Man! A Dead Man!! A DEAD MAN!!!"".<br /><br />-- The plot periodically stops to wallow in scenes of women wrestling, only to go on again and do nothing with that concept. Sure, Daddy-Doctor replaces Sonny-Boy's gorilla-heart a second time with that of Unconscious Wrestling Girl, but do you think something spectacular happens after that? Like Ape-Turd-Man growing breasts or something, trying to rape men this time? Our leading living wrestling beauty (Norma Lazareno) doesn't even go into a climactic wrestling contest with Ape-Turd-Man near the movie's finale... But Ape-Turd-Man does start to show some motherly love near the end... almost (and I say ""almost"") in true KING KONG-style (i.e. the top of a building and people on the ground pointing and screaming).<br /><br />Okay, I think that's enough now. I chipped in more than my two cents here. Vomitron's Rational Rating for this sleazy piece of hilarious dreck: 2/10. Vomitron's rating From the Wrong Side of the Tracks: 8/10. Go see this film, people. It is well worth it!",negative
"It would be wrong and reprehensible of me to advise you to watch Killjoy 2, you must have better things to do, washing the car, throwing stones in a stream, but at the same time it's nowhere near as awful as you probably think it is. It's almost a proper film, which a lot more than most straight-to-DVD sludge can manage. Killjoy 2 is helped a great deal by Trent Haaga's manic turn as the eponymous clown, he throws himself into the role with such fevered abandonment that he almost tips the scales in the movie's favour, but, of course, it takes more than one man in big shoes. Tammi Sutton gives the most entertaining director cameo since Roger Corman in Creature from the Haunted Sea and the whole thing is nearly destroyed by the rushed, sugary ending. All over the place and almost good fun.",negative
"Well, basically, the movie blows! It's Blair Witch meets Sean Penn's ill conceived fantasy about going to Iraq to show the world what the ""War on Terror"" is really about. The script sounds like it was written by 8th grader (no offense to 8th graders); the two main actors over-act the entire film; they used the wrong kind of camera and the wrong type of film(not that i know anything about those things--but it just didn't look like real documentaries I've watched), and worst of all Christian Johnson took a great idea and made it suck. It reminded me of the time I tried to draw a picture of my dog and ended up with a really bad stick figure looking thing that looked more like a giant turd. I'd rather watch the Blair Witch VIII, than sit through that again.",negative
"I have no read the novel on which ""The Kite Runner"" is based. My wife and daughter, who did, thought the movie fell a long way short of the book, and I'm prepared to take their word for it. But, on its own, the movie is good -- not great but good. How accurately does it portray the havoc created by the Soviet invasion of Afghanistan? How convincingly does it show the intolerant Taliban regime that followed? I'd rate it C+ on the first and B+ on the second. The human story, the Afghan-American who returned to the country to rescue the son of his childhood playmate, is well done but it is on this count particularly that I'm told the book was far more convincing than the movie. The most exciting part of the film, however -- the kite contests in Kabul and, later, a mini-contest in California -- cannot have been equaled by the book. I'd wager money on that.",positive
"I honestly fail to understand why people love this show so much. A friend of mine watches this and since I like sci-fi, I tried to watch along since the plot of the show sounded promising, but in truth it really is a very boring show. The only thing that will keep you awake during this show are the video game-like CGI-effects and the complete overuse of muppets. Note that I call it muppets because they actually really look like muppets, not like the aliens they should be.<br /><br />Speaking of which; the muppets and make-up effects are horribly overused in this show. You have this guy who could be best described as a alien/dwarf-hybrid, you have a pale girl who looks like a cheesy vamp-girl, you've got a floating potty-mouth frog-alien... It just feels very unnecessary and furthermore even to the point that you feel distracted from the whole storyline about a lost astronaut.<br /><br />Every episode is also too much of a stand-alone. The creators of this show directed this in such a way that every episode almost feels like a whole other show. At least up until the point that you see the main-characters/muppets again, that is. The whole plot about the main-character getting back to earth is way to much pushed to the background at points. The acting is also quite bad.<br /><br />Conclusion: if you want good sci-fi, just look somewhere else. This isn't even real sci-fi to begin with in my opinion, since the show is more aimed at fantasy-elements with all the puppetry and weird dreams going on. And if you just want to see muppets then I suggest you watch the Muppet Show and feel glad that this abomination of a show has come to a end.<br /><br />By the way; doesn't anyone have dejavu's with the concept of a living spaceship? Ohyeah thats right; Doctor Who started that concept almost about 30 years ago! This show is like a collection of 'sci-fi' leftovers. Scripts and events that were abandoned for a good reason, only to be picked up by this horrible show.",negative
"This is the second Baby Burlesk short to be released, and probably the most popular one, is a spoof of the 1926 silent film What Price Glory.<br /><br />I watched this and I do not understand the kiddie-porn that is being claimed. It is just a cute little film. I have seen family shows that I grew up watching in the '80's and '90's that had little girls dressed more provocatively acting in a 'mature manner'. It was more provocative because they WEREN'T dressed in diapers. There's nothing provocative about a diaper unless you have one of those fetishes. (just a joke) I read that description of the movie and where it states only a pedophile would enjoy watching this. That is sick. To me, if you watch this and are bothered by it, then maybe you need to look into your own psyche and try to figure out why it bothers you. It is an innocent film that was made as a parody of another film. All of the B.B. films were parodies, nothing more. The parodies/spoofs of today are graphic in nature and have true almost pornographic scenes and quite vile language. Shouldn't those be more appalling? I can watch those without issue, but they sometimes take children's stories and turn them into filth on those parodies. That is what should get under your skin. Not that they babified (not a word, I know) an adult movie from 1926, because we know how PORNOGRAPHIC those silent films were, huh? Not to mention those 'Forbidden Hollywood Pre-Code era films' so vile and filthy. They would NEVER make such filth today? (note the sarcasm)",positive
"Project A II is a classic Jackie Chan movie with all the kung fu, crazy stunts and slapstick humor you expect. Not as good as the prequel but still it is a great movie if you just want something fun to watch. The story is simple, jackie chan versus the evil men. So if you want a movie that you don't have to be a braniac to understand, i would suggest this one.",positive
"Much like the comedy duo of its title, ""The Sunshine Boys"" has become a forgotten classic 30-odd years later. It's hardly mentioned alongside other great film comedies of the 1970s. This makes no sense given the singular specialness of this film, perhaps the best Neil Simon ever wrote.<br /><br />Walter Matthau plays Willy Clark, once half of a legendary vaudeville comedy known as Lewis and Clark, now a bitter 73-year-old solo act who can't get a job in a potato chip commercial. His nephew and agent Ben (Richard Benjamin) is sure he can get work if Willy will only agree to reunite with his estranged partner Al Lewis (George Burns) for an ABC-TV celebration of show business nostalgia.<br /><br />Nostalgia is what ""Sunshine Boys"" has going for it in spades, right from the start when a series of 1920s film clips showcasing various entertainers from long ago flickers before us to the accompaniment of Cole Porter's ""Be A Clown"". Then there's the film's present-day setting in Manhattan, where flared trousers and wide polyester ties abound. The periods collide in Willy's glorious mess of a Manhattan apartment, where framed photos and cartoons of long-dead celebrities stare out from the walls at lurid tabloid headlines and empty Zabar grocery bags. If you were alive in the 1970s like me, you might even feel like you were in that apartment.<br /><br />Willy clearly has been living there too long. He's sleeping in front of the television when the kettle in the other room boils. Willy wakes up and picks up the phone.<br /><br />""Hello, who is this?"" A pause. ""Never mind, it's the tea.""<br /><br />Old men living alone can be sad material in almost anyone else's hands, but Simon's deft wit and unerring feeling for character turns this adaptation of his 1972 stage hit into comedy gold. The amazing thing about ""The Sunshine Boys"" is how much it rubs your noses in Willy's almost existential condition without turning you off at all. ""89 years old and just like that, he dies of nothing'"" Willy says of one old songwriting friend, before deciding the man probably died from writing a song that rhymed ""lady"" with ""baby"".<br /><br />Burns won an Oscar for his understated performance as the gentle but steely Lewis, but it's Matthau who brings this one home, his make-up and proud but ragged bearing really selling you on the idea he was already 73 when he made this. Willy is obnoxious in the extreme, fully deserving Ben's description ""crazy freakin' old man"", but you root for him throughout, enjoying his small victories even when they come at the cost of others' patience. His lines kill you, too, especially when he's trying to kill Lewis, for whom the TV reunion turns out to be a bad idea.<br /><br />""You're out of touch!"" Willy tells Lewis at one point. ""I'm still in demand. I'm still hot!""<br /><br />""If this room was on fire you wouldn't be hot,"" Lewis replies.<br /><br />Director Herbert Ross shoots everything in a very casual and understated way, with low lighting and mid-range shots even in emotional moments so as to leave room for the comedy and the film's overall zen message of grace through quiet acceptance. You never get the feeling you are watching a movie, one of ""The Sunshine Boys"" many charms, and Ross's direction, like the acting of the three principals, goes a long way toward achieving that end.<br /><br />Comedy is hard, especially when the subjects are people watching life pass them by, but ""The Sunshine Boys"" makes it all seem a pleasure, because, for us watching, it is.",positive
"""Deliverance"" is one of the best exploitation films to come out of that wonderful 1970's decade from whence so many other exploitation films came.<br /><br />A group of friends sets out on a canoe trip down a river in the south and they become victimized by a bunch of toothless hillbillies who pretty much try to ruin their lives. It's awesome.<br /><br />We are treated to anal rape, vicious beatings, bow and arrow killings, shootings, broken bones, etc... A lot like 1974's ""Texas Chainsaw Massacre,"" to say that ""Deliverance"" is believable would be immature. This would never and could never happen, even in the dark ages of 1972.<br /><br />""Deliverance"" is a very entertaining ride and packed full of action. It is one in a huge pile of exploitation films to come from the early 70's and it (arguably) sits on top of that pile with it's great acting, superb cinematography and excellent writing.<br /><br />8 out of 10, kids.",positive
"Went to see this as Me and my Lady had little else to do on a sunday afternoon I like films that deal with sleazy,loser characters and this is full of em. After a slow start we get some good turns from the cast but it is the actual 'Bellini' that both makes and lets the film down. The 'Bellini' is one of the funniest scenes I have seen in a film for a long while but is too short and could have made this a masterpiece overall 71/2 out of 10",positive
"This is what I was expecting when star trek DS9 premiered. Not to slight DS9. That was a wonderful show in it's own right, however it never really gave the fans more of what they wanted. Enterprise is that show. While having a similarity to the original trek it differs enough to be original in it's own ways. It makes the ideas of exploration exciting to us again. And that was one of the primary ingredients that made the original so loved. Another ingredient to success was the relationships that evolved between the crew members. Viewers really cared deeply for the crew. Enterprise has much promise in this area as well. The chemistry between Bakula and Blalock seems very promising. While sexual tension in a show can often become a crutch, I feel the tensions on enterprise can lead to much more and say alot more than is typical. I think when we deal with such grand scale characters of different races or species even, we get some very interesting ideas and television. Also, we should note the performances, Blalock is very convincing as Vulcan T'pol and Bacula really has a whimsy and strength of character that delivers a great performance. The rest of the cast delivered good performances also. My only gripes are as follows. The theme. It's good it's different, but a little to light hearted for my liking. We need something a little more grand. Doesn't have to be orchestral. Maybe something with a little more electronic sound would suffice. And my one other complaint. They sell too many adds. They could fix this by selling less ads, or making all shows two parters. Otherwise we'll end up seeing the shows final act getting wrapped up way too quickly as was one of my complaints of Voyager.",positive
I can't get over how lazy the director is with this movie. Instead of setting up scenes in a creative way he relies on boring old zombie clichés.<br /><br />Where the two unarmed leads have to get down the college steps into the van he surrounds them with zombies yet neither of the leads is bitten. He can't be bothered to direct a decent fight scene so we see the leads shove their way down the steps.<br /><br />Sometimes the zombies limp about and at others they run like the wind. This is really convenient for the director because he can set up anything he likes without bothering with continuity in the behaviour of the zombies.<br /><br />With careful planning and a lot more inspiration this movie could have been so much better.,negative
"Saw this on SBS TV here in Australia the other week, where it was titled ""Laputa: Castle in the sky"". I had enabled subtitles and I think SBS provided their own for that, which, as usual, was of very good quality.<br /><br />Just looked up ""Laputa"" on Wikipedia and it confirms what I suspected...the floating island of this tale is taken from the classic Jonathan Swift novel ""Gulliver's travels"", which was published in the early to mid 1700s.<br /><br />Anyway, this is an engaging Japanese fairytale, which features an English speaking voice-cast. It's suitable for young children, I think, but it does run at just over two hours in length, so it may be too long for some, though not for an adult like me.<br /><br />The story concerns two children who seek to find a legendary floating island which has a castle on it. The children are not the only ones looking for this island. They have pirates, the army and spies looking for the island too, and looking to capture the children (Sheeta, the girl, voiced by Anna Paquin, and Pazu, the boy, voiced by James Van Der Beek) in order to help them find it.<br /><br />The graphics are magnificent...sort of photo-realistic at times, especially the scenes of stonework lit by torch-light, or the pretty scenes of bright, sunny days, with white clouds, or mist.<br /><br />Recommended.",positive
"No movies have grabbed my attention like this one has. You see, I have wanted to watch this movie again for over twenty-five years. The one and only time I saw it was as a teen-ager which may have been the year it was released, 1977.<br /><br />What I do remember of the movie is that it touched those deep-held emotions so profoundly that there is still an overwhelming desire to watch it again. The intrigue this movie provides by the human element of father/son seeking and searching is sure to touch every human soul who watches it. Why this movie has not been brought out of storage and shown as often as many other movies of lesser depth, I do not know.<br /><br />Postscript: Received copy of movie and after watching it again was delighted to see that my memory held true. Rating reflects movie content. Would like to watch this movie on DVD as seeing this 1977 production on a used VHS tape took away from the overall quality.",positive
"This movie is about a very delicate argument and if you are searching for something that makes you think here you are right. Tim Robbins has made a wonderful job and the result is a kind of docu-drama that should be shown in schools (for the strong themes treated). What about the actors? Well, they are simply great; Susan Sarandon is truly 'the face of love' and Sean Penn is unbelievable as almost always. An absolutely must-see!",positive
"I want very much to believe that the above quote (specifically, the English subtitle translation), which was actually written, not spoken, in a rejection letter a publisher sends to the protagonist, was meant to be self-referential in a tongue-in-cheek manner. But if so, director Leos Carax apparently neglected to inform the actors of the true nature of the film. They are all so dreadfully earnest in their portrayals that I have to conclude Carax actually takes himself seriously here, or else has so much disdain for everyone, especially the viewing audience, that he can't be bothered letting anyone in on the joke.<br /><br />Some auteurs are able to get away with making oblique, bizarre films because they do so with élan and unique personal style (e.g., David Lynch and Alejandro Jodorowsky). Others use a subtler approach while still weaving surreal elements into the fabric of the story (e.g., Krzysztof Kieslowski, and David Cronenberg's later, less bizarre works). In Pola X, Carax throws a disjointed mess at the viewer and then dares him to find fault with it. Well, here it is: the pacing is erratic and choppy, in particular continuity is often dispensed with; superfluous characters abound (e.g., the Gypsy mother and child); most of the performances are overwrought; the lighting is often poor, particularly in the oft-discussed sex scene; unconnected scenes are thrust into the film for no discernible reason; and the list goes on.<br /><br />Not to be completely negative, it should be noted that there were some uplifting exceptions. I liked the musical score, even the cacophonous industrial-techno music being played in the sprawling, abandoned complex to which the main characters retreat in the second half of the film (perhaps a reference to Andy Warhol's 'Factory' of the '60s?). Much of the photography of the countryside was beautiful, an obvious attempt at contrast with the grimy city settings. And, even well into middle-age, Cathering Deneuve shows that she still has 'it'. Her performance was also the only one among the major characters that didn't sink into bathos.<br /><br />There was an earlier time when I would regard such films as ""Pola X"" more charitably. Experimentation is admirable, even when the experiment doesn't work. But Carax tries nothing new here; the film is a pastiche of elements borrowed from countless earlier films, and after several decades of movie-viewing and literally thousands of films later, I simply no longer have the patience for this kind of unoriginal, poorly crafted tripe. At this early moment in the 21st century, one is left asking: With the exception of Jean-Pierre Jeunet, are there *any* directors in France who know how to make a watchable movie anymore? Rating: 3/10.",negative
"This is just a long advertisement for the movie ""The Death Tunnel"". Although it is an interesting history of the Waverly Hills Sanatorium, the whole ghost theory is up to your interpretation. More ""Ghost Orbs"" which you can duplicate with dust in front of a flash camera, and the ""Ectoplasmic Mist"" is just someone's cigarette smoke lit up with the camera flash. I couldn't see any ""Shadow People"" until they drew an outline around the blurry distortion of the image. No scientific explanations were suggested for the phenomena, only paranormal. Perhaps these are only events one would have to see to believe, so be sure to make plans to visit the Sanatorium on your next vacation in Louisville, Kentucky.",negative
"Although I'm a girl, thankfully I have a sense of humor and realize that this really IS a funny anime! Watching it does give you an overwhelming feeling that it's definitely a guy show but that doesn't take away from the fact that its hilarious! 10/10",positive
"It is a real shame that nearly no one under 30 knows the ""over the top"" writing of Michael O'Donoghugh- magazine articles and SNL skits that were genius for the time...and so it is a true shame that anyone who may take the opportunity to research his work will no doubt take the easy way out and watch videos- thus leading them to MR MIKES MONDO VIDEO. <br /><br />This movie has clever elements that never fully connect to the funny bone. The viewer experiences such things as cat diving/swimming with the man who thinks he's found feline happiness by hurling these kittens into a pool which the camera follows in slow motion and montage sequence. Then we are taken to an island to where all past fads are retired (hula hops, pet rocks, rainbow dread wigs etc.) Then we enter the music world (punk was a new variety of music at the time of this film) where ""D"" rate bar performer Rootboy Slim performs ""boogie till you puke"" in his own lazy style of dirt and eclectic sleaze. Now the real beauty of all this is the back ground music. In many different styles with many different instruments the sound of TELSTAR plays and replays- for those who don't understand Telstar was the first American Satellite launched into space and the theme was created to celebrate mans genius and triumph. MR MIKES seems to have been meant as a signal of societal decay ridiculous wastes. Now one thing the theater offered that the video release does not was a live performance of Sid Vicious (ex sex pistol not the wrestler) singing MY WAY. His version is very different than Sinatras as one might imagine but frankly I feel it is very much worth the listen...it's good! That is the sad part- in the VHS release Paul Anka refuses the rights of his song and the viewer is forced to experience 3 1/2 minutes of silence with an explanation rolling across the image of the singing dead sex pistol. <br /><br />I would give the theater release a 5 or 6 the video is closer to a 4 and now that so much is passé I can see where many people would give it a 3 or 2.5. If you want to see a good O'Donoghugh script watch SCROOGED...it is a better tribute to the mans insight and talent.",negative
"I really really love this show! I have always liked the 1990's shows of Space Ghost! This show was hilarious and I can't believe why Cartoon Network's Adult Swim would take such a funny show like this off the air. I hope they put this show on DVD or something. The show is about Brak (from the Space Ghost cartoons, SGCC and Cartoon Planet) who lives his every day life with his Mom and Dad and his best friend who likes to drop in a lot, Zorak! My favorite episodes were the one where Zorak gets this really good singing voice and then his voice doesn't give him any money that Zorak made from singing at all. Another episode I like is the one where Brak and Zorak didn't finish their homework and then they go back from Sunday to Friday and they just goof off and then they go back to the day homework was invented and then when they go back to the present homework didn't exist! Another episode I like is the one where Brak's Dad and their next door neighbor, Thundercleese the Robot keep getting into this agrument and then they get eaten by a giant worm. Another episode I liked was the one where Zorak makes a bully stand and then some new guy took over his stand. I also like a lot of the other episodes! One thing that never fails to make me laugh is when Zorak is getting beaten up, blasted and zapped!",positive
"That is what this movie is. Good God the special effects suck in this movie. It is difficult for anything to suck more than this movie's plot, but the special effects manage to pull it off. Let me try to explain just how bad this movie is.<br /><br />First, there is the plot. There are four punk-ass teenage dirt bikers who are riding around in a forest in Duluth, MN. One of them is a dumb-ass and tries a ridiculous jump and breaks his leg. A paramedic comes to help him, but gets stranded with them when the helicopter breaks. Then all five realize that there is a forest fire, which we see is started by some guy dumping tons of gas all over the forest. All they show us is his boots, and they show scene after scene of this guys boots walking around dumping gas and starting fires. Meanwhile, the teenagers try to escape the fire, only to find that boot man has somehow managed to get ahead of them (while they were speeding through the forest on dirt bikes!), dump gas all over the area they were riding through, and start more fires. He does this several times, and the paramedic finally catches him and starts him on fire. I won't spoil the ending, but this guy's resilience will have you shouting ""WHAT THE BLOODY HELL?!?!"" at the screen. Anyway, they are now surrounded by fire, and their only escape is through a mine which is filled with methane gas. Yes, methane gas. I'm not even going to try to describe the ending, because it is too ridiculous, and you'll enjoy it more if you don't see it coming. Which you won't, because you can't possibly expect what happens. This is because of the second major problem with this movie: consistency.<br /><br />Is some semblance of consistence too much to ask for? Apparently so. I cannot even count the number of broken limbs in this movie (they keep breaking arms and legs while crashing their bikes). I think each character breaks at least one limb, and several more than one. They then limp around until the scene ends, and then forget that they're supposed to have broken limbs. There is one scene where three of them who are supposed to have broken legs start dancing. But then their injuries suddenly return when the plot needs them to.<br /><br />Finally, the CGI. If there is a hell, it consists of watching the fire in this movie. All they did for the forest fires is line the dirt paths with CGI fire. You can clearly see that the only CGI fire is along the paths, and all of the trees more than two feet from the path are left untouched. And then they zoom out and show the whole forest being engulfed in flames. It's hard to describe in words how ridiculous it looks, but I assure you that the ridiculousness is quite impressive.<br /><br />This movie is one of those so-bad-its-good types. There are some occasions where it descends into the painful-bad category, but for the most part it stays above the line and is laughably inept. I can't wait to check out the other Nature Unleashed movies that came in the four-pack with this one.",negative
"The only thing worse than surfers without any waves is a film about surfers without any waves. For viewers who love surfing this film will be a gigantic disappointment since the total number of minutes of surfing footage struggles to reach three.<br /><br />The story is a slice of life about beached surfers who are waiting not for the perfect wave, but for any wave at all. J.C. (Sean Pertwee) is an aging super surfer who is flirting with a commitment with his girlfriend Chloe (Catherine Zeta Jones). Just as he is about to find grown up bliss with the woman he loves, three old surfing friends turn up and convince him to hit the beach looking for monster waves at the Bone Yard. The trouble is, there are no waves until the very end of the film, so most of the story dissipates itself on a meandering succession of disconnected beach happenings.<br /><br />The acting is mostly mediocre. Sean Pertwee has a few comical moments, but mostly his acting was mundane. Ewan McGregor was decent as the drug dealing wild man, by far the most interesting and peculiar character of the bunch. Probably the funniest performance was turned in by Peter Gunn as Terry who turned his corpulent body into a continual sight gag. Catherine Zeta-Jones was sexy as usual, but her character didn't really have enough meat for her to show much acting ability.<br /><br />There is really not much here on which to comment. I rated it a 3/10. It's a real beach bummer.",negative
"Currently playing at the 2007 German Film Festival in Australia http://www.goethe.de/ins/au/lp/prj/ff07/enindex.htm thanks to Peanutqueen and especially AriesGemini for her rundown on the actors in this ensemble cast.<br /><br />In Australia these movies were sub-titled in English and while French movies here often get a mainstream release, German movies are still to gather that sort of commercial audience. But like BMWs and Mercedes when Germans get it right I really like their films. Like PQ the time here went so quickly, lots of laughs from the audience as each of the 9 men and 9 women moved down the speed dating line 5 minutes at a time.<br /><br />While many films are overlong this one I could have watched much more of. It had the sort of characters and character development for a series. Given time I will re-read AriesGemini100 review and reference the actors I liked and their other work with a view to keeping an eye out from them. I agree....most of these actors will go onto bigger and better things. Some very good character actors in this fine film. I did see it in the program listed as a mockumentary. Mock or otherwise it felt very real. And quite romantic in it's way.<br /><br />Viva la Deutcsh!",positive
"Every great gangster movie has under-currents of human drama. Don't expect an emotional story of guilt, retribution and despair from ""Scarface"". This is a tale of ferocious greed, corruption, and power. The darker side of the fabled ""American Dream"".<br /><br />Anybody complaining about the ""cheesiness"" of this film is missing the point. The superficial characters, cheesy music, and dated fashions further fuel the criticism of this life of diabolical excess. Nothing in the lives of these characters really matter, not on any human level at least. In fact the film practically borderlines satire, ironic considering all the gangsta rappers that were positively inspired by the lifestyle of Tony Montana.<br /><br />This isn't Brian DePalma's strongest directorial effort, it is occasionally excellent and well-handled (particularly the memorable finale), but frequently sinks to sloppy and misled. Thankfully, it is supported by a very strong script by Oliver Stone (probably good therapy for him, considering the coke habit he was tackling at the time). The themes are consistent, with the focus primarily on the life of Tony Montana, and the evolution of his character as he is consumed by greed and power. The dialogue is also excellent, see-sawing comfortably between humour and drama. There are many stand-out lines, which have since wormed their way into popular culture in one form or another.<br /><br />The cast help make it what it is as well, but this is really Pacino's film. One of his earlier less subtle performances (something much more common from him nowadays), this is a world entirely separate from Michael Corleone and Frank Serpico. Yet he is as watchable here as ever, in very entertaining (and intentionally over-the-top) form. It is hard to imagine another Tony Montana after seeing this film, in possibly one of the most mimicked performances ever. Pfeiffer stood out as dull and uncomfortable on first viewing, but I've come to realize how she plays out the part of the bored little wife. Not an exceptional effort, but unfairly misjudged. The supporting players are very good too, particularly Paul Shenar as the suave Alejandro Sosa.<br /><br />Powerful, occasionally humorous, sometimes shocking, and continually controversial. ""Scarface"" is one of the films of the eighties (whatever that might mean to you). An essential and accessible gangster flick, and a pop-culture landmark. 9/10",positive
"A labor of love. Each frame is picture perfect and grabs you. Then the sheer emotion and story-telling take you through a dream that stays with you long after the movie. The director gets your heart and leads it through 100 minutes of visual poetry. You are a part of the emotional ride of the characters. I have seen this movie at 2 festivals and it got with standing ovations at every showing. The remarkable story-telling transcends nationality and language and I felt I was a part of the drama unfolding before me. The casting is as perfect as one can get. Vijay Raaz, Camille and Benoit each hold their own. <br /><br />I strongly recommend this film to everyone who appreciates good cinema. I can't wait for the commercial release of this movie.",positive
"Awwww....yes, it is heartwarming and all that some unlucky family gets adopted by ABC/Sears and has their home ""renovated."" That's where the humanistic appeal ends. I liked it early in its run, but now this show has become disgustingly excessive.<br /><br />Ten needy families could be given relatively luxurious homes with lots of goodies for every one family that each episode of this show splurges on. The people at Habitat For Humanity must be shaking their heads in disbelief. For example, is it necessary for a healthy sixteen year old boy to have a jacuzzi in his bedroom, or have his bed tricked-out with ""Low Rider"" hydraulics? Does the mom really need her dilapidated, non-running and rusted out old pick-up truck restored and ""pimped"" by some of the best customizers in California? A new one would have done the job quite nicely, and probably for a third of the price. Do people really need a sixty-five inch plasma screen in every room of the house? And then there's the issue of who pays the increased property taxes and utility bills. Even after the zaniacs at ""Makeover"" leave, somebody still has earn a living. I doubt the friendly folks down at Social Services will see the humor in all of this largess.<br /><br />This show is nothing more than a ratings grabber for ABC, and a tacit commercial for its sponsors.",negative
"Back in 1994, I had a really lengthy vacation around the Fourth of July - something like 17 days off in a row what with two weeks paid vacation, weekends and the holiday itself. I stayed in town during that time, hanging out at my parents' house a lot.<br /><br />I didn't have a TV in my apartment so I used to watch my parents' tube. I had just finished watching a segment of the X Files when a program came on called Personal FX. I was hooked instantly. I had always been fascinated with items in our home that had come from my parents' family homes and through inheritances from relatives' estates, and often wondered about their history, value, etc.<br /><br />After my long vacation, I used to go to my folks' house on my lunch-hours just to catch Personal FX.<br /><br />I can remember one episode during which co-host Claire Carter announced that the New York apartment in which the series was filmed was being renovated and that once said renovations were complete that Personl FX would return to the air.<br /><br />It never did! Personal FX was the first -and best - of the collectible shows. And it vanished from the air! Almost fifteen years later, I'm still sore.<br /><br />Way to go, FX.",positive
"I wanted to watch this, to get a inside look at the show. It told the story more of Robin Williams, then Mork & Mindy. Still, thought it was great. We got to see, Robin always being 'on', no matter what. The performance of Diamontopolous was awesome.<br /><br />The introductions of the main players, seem so real to me. Roebuck as Garry Marshall was wonderful. He was so charming in this, which helped me get through all the Williams energy. The little behind the scenes pieces of his other shows (Happy Days, and Laverne & Shirley), was enlightening. I also thought Richmond-Peck's Harvey was also a nice rock in the pond. (This is a good thing).<br /><br />This movie told the age old story of Hollywood folks, going through the ups and downs of stardom. It kept me glued to my TV, and I learned to love Robin, well hell, mostly everybody seem to be the super people I sometimes think Hollywood is. Go figure.<br /><br />I sometimes wonder why the network people are always played to be idiots. We never saw the head of ABC. Just heard him, like Charlie from Charlie Angels (I wonder if this way planed?). It seems so sad, that a show at number 1, could be so destroy by their own network.<br /><br />I think this story could be told about anyone's life, as they climb the ladder of any job. Movie, and TV stars are always loved or hated by so many people, that you grew up with, you just want to reach back in their past, to remember your own past. I Remember watching the show, and always wondering what does happen in their personal lives.<br /><br />Mork and Mindy, will always be part of me, and I got to see part of them. It may not all be the truth, it's also all not a lie, but in the end, it told me a wonderful sad, happy story.",positive
"I was never all that impressed by Night Gallery, but this one episode stands out.<br /><br />A TV network executive auditions an odd act - a young, nerdy boy who proceeds to make prognostications. The exec dismisses the whole thing as a flaky waste of time until both predictions come true the next morning.<br /><br />What first seemed a parlor act becomes a hit show as the kid's predictions prove consistently accurate.<br /><br />Then, one day, he refuses to do the show. Facing imminent showtime, everyone's at wit's end, even threatening him with legal action if he doesn't fulfill his contract and make his daily predictions.<br /><br />The young boy relents, and foretells a seemingly utopian tomorrow.<br /><br />After the show, the befuddled executive asks for an explanation, only to learn why the complete truth is too terrifying to reveal.",positive
"This was indeed an amazing adaption. I missed the first episode so I unfortunately missed out on the bonding between the characters and the smooth flow of the storyline. But as soon I watched the second and then the third instalment I was just blown away. I ordered the DVD less than a week later and unable to wait for it to come I went straight out and brought the book. From the moment I opened it I was hooked, I just couldn't put it down. I decided to finish the whole book before I dare watch the DVD at all. I preferred the book because it got inside the characters minds, you could understand totally where they were coming from and what there role was within the story. They missed a lot out of the adaption which was disappointing as the book is a master piece and I think they could have done it superbly if they had been able to stretch it over a longer period of time. But considering only being able to be fitted into a 3 hour slot I think it was done excellent. It followed the main twisted storyline brilliantly. And the actors which were enrolled as the main characters where amazing! The love making scene was pure beautiful. It was so tender and loving and just showed how natural homosexual love can be. I was totally blown away with both the book and the TV adaption! I loved both of Sarah Waters previous novels and also found the Tipping the Velvet adaption quite enjoyable. But when I read and watched Fingersmith I knew none of her previous novels/adaption could beat it. Sarah Waters has indeed exceeded herself this time! I recommend that you watch this adaption! If Tipping the Velvet wasn't your thing, then don't let it put you off this one. Fingersmith is a whole new ball game. It is a beautiful yet dark twisted story about love, greed and betrayal...<br /><br />A MUST SEE!",positive
"I really enjoy this movie. The first time it was on Turner Classic Movies. All the actors did very well but Brynner steals the show again like always ( he is so sexy!).This is one of the movie that you do see Brynner's emotions. Actually this movie this is the first I ever seen him laugh because he plays very strong, larger-than-life and serious roles in other movies. In this movie you see both a masculine, tough and sensitive side of Brynner .Brynner seems to be a ""ladies'man"" in this movie.That is amazing how Brynner eats the glass cup and speaks in his Russian tongue it drives me crazy in love. I don't understand when both Brynner and Kerr ( they both have very good chemistry) stars in a movie together and then Brynner always die at the end it kind of reminds you ""The King and I"" in a way.",positive
"Calling all D-sciples! Grab your friends, hit the theater and see the hell out of this movie. From the opening sequence until after the credits you'll be laughing your self breathless. <br /><br />This movie is a wild ride through the history of the D, and not just some bull-crap list of the things they've done, but a chronicling of their rise to power. I am a huge fan of Rage Kage(Kyle Gass) and Jables(Jack Black), so naturally I loved the movie. <br /><br />It helps to know about the show they had, and their first CD, but it's just as funny if you don't. From the hilarious and vulgar lyrics, the rocking rhythms, the massive amount of pot smoking, and the cameos, down to the outright insanity that is the story line, this is a movie for D-sciples and newbies alike. <br /><br />Many of their songs are referenced, such as Two Kings, Tribute, and Kielbasa to their many audio tracks like Cock Push-ups, every fan in the audience will be saying I remember that as well as new comers saying ""That's F'ing hilarious!."" I highly recommend this movie to any body that's ever rocked out. This movie is certainly in high competition for being the next ""This is Spinal Tap."" One of the best ever.",positive
"I bought this movie sight unseen at a sci-fi convention and I got what I deserved for doing something so silly. Simply put this movie is implausible, boring and unwatchable.<br /><br />I was so bored and disgusted with the lack of plot development that I turned it off to watch a repeat of Mythbusters. I understand that this was a very low budget move, or least it looked like a very low budget move, but that does not excuse the horrible acting, terrible plot and even worse camera work. It looks like something a group of college students did in between classes and getting drunk.<br /><br />Maybe if the villain wasn't so laughable and the plot was something that actually could happen in real life with respect to law enforcement it might become so bad it's funny. This movie isn't funny, it's just bad.",negative
"Just as Tom Berenger put you into the soul of Sgt. Barnes, he has done it again with Thomas Beckett. If I thought his world was folding in on him in the first scenes, it was nothing compared to how much more I felt during the last scenes. Great movie, even for a girl.",positive
"If you want to be cynical and pedantic you could point out that the opening where a RAF Lancaster bomber is mortally wounded on the 2nd of May 1945 is somewhat unlikely since German air defences were as lively as Adolph Hitler on that day but this isn't a movie that should be viewed by a cynical audience and I guess a character being killed in literally the last hours of the war adds to the poignancy . In fact you'd have to have survived the second world war to fully appreciate the intellect , beauty and soul of Powell and Pressburger's masterpiece . The scenes of heaven are painfully twee when viewed today ? Again you have to view the movie of the context when it was made . RAF bomber command lost 58,000 men during the war , the same number that America lost in 'Nam but during a shorter period and a far , far smaller pool of active combatants , there's no atheists in a fox hole and I doubt if you'd lost a relative during the conflict you'd view material atheism as being a sensible thing . When Richar Attenborough's young pilot looks down in awe at the sight below him many war heroes must have openly wept at this scene as they remembered much missed comrades who didn't survive the war . Also bare in mind that despite losing several million people from 1939-45 there seems to be very few people from Germany passing through the pearly gates . it's obvious Nazis don't go to heaven <br /><br />The plot itself where dashing young pilot Peter Carter arguing for his life in front of a celestial court wouldn't have had much appeal to me if it wasn't for the subtext , you see A MATTER OR LIFE AND DEATH is a highly political and visionary film that laments the end of the British empire as it's replaced by American ambitions . There's little things that show up the film as being made by people aware of American history and culture . One is the ethnic mix of America , even today many Britons think that the USA is overwhelmingly composed of White Anglo Saxon Protestants when in fact only 51% of Americans are "" White European "" . The film rightly contains a scene where a multitude of different races confess "" I am an American "" as Peter is judged by Abraham Farlan , an Anglophobe who was the first revolutionary killed by British forces in The American War Of Independence . As for the "" special relationship "" between Britain and America - What special relationship ? Powell and Pressburger know their history when it comes to Britain and America . They obviously know their future too <br /><br />So remember to watch this movie with some of your mind in the past and some of your mind in the present . It's strange , beautiful , poignant and clever but most of all it's a film that would never ever work if it were made in the last 40 years . Can you imagine if the story was set in 2003 and revolved around a British soldier killed in Iraq ?",positive
"Over the years I've watched this movie many times from seeing it on ""HBO"" and I now own a copy on DVD. I must say it's very memorable and entertaining in the meantime it's interesting and educational too. As any TV fan can relate to the time of the early 90's when the time came up to replace Johhny Carson the TV living legend of ""The Tonight Show"" who's it gonna be Jay or Dave? This original film from HBO ""The Late Shift"" stays true to form and depicts the real events very well showing the behind the scenes battle between networks heads of NBC and CBS and even ABC they were all fighting for the services of Jay and Dave. The acting makes it seem real as very little actual TV footage is shown with real life people as the actors portraying Leno and Letterman make it seem so real. I haven't read the Bill Carter book so I don't know if it stayed true to the pages, but I have highly enjoyed this film over the years. From the moment when it starts showing CBS entertainment heads watching Leno sub for Johhny and they decide they want to get in on the late night game. Yet when Carson announces his unexpected retirement NBC wants to stay loyal with Leno yet conflict arrives when Letterman wants a crack at the slot at 11:30 too. It was fun to watch the wacky meeting with Michael Ovitz(Treat Williams)who makes all networks want to consider Letterman for a show. It was interesting to see the scene of Johhny telling Letterman by phone in a direct way to walk from NBC and consider CBS. And by the way Rich Little was terrific as Johhny Carson his portrayal couldn't be matched. And plenty of tense moments were provided by showing the bickering and firing of Leno's talent manager Helen which NBC heads pressured him to do. Overall great film that showed what TV is really like and it proves that networks are power and money hungry while showing that's it's a cutthroat business. Clearly there's no business like show business. Great work from HBO very memorable and a watch anytime it showed the true story of the late night wars.",positive
"My friend gives me these 3 huge boxes. ""They're laserdiscs of Flash Gordon serials,"" he says. ""I'm gonna have some giant coasters,"" I say. But not so. This serial rocks. (But I had to whine & moan to almost everyone I knew to find a laserdisc player for em).<br /><br />There is really a little of everything in this serial: There are lion-men, hawk-men, shark-men, Earthmen, & I guess you'd call em Mongo-men. The sets & costumes combine, Greek, Roman, Oriental, Egyptian and there's even armour like English knights. Awesome costumes. And some of it was a riot. Those horrible tights with shorts over em worn by Zarkov are beyond description. And the guys in the furnace scene seem to be wearing boxers.<br /><br />It's also funny the way they renamed the octopus to an octosack, the orangutan to orangapoid, and the tiger to a tigron. There's even a dragon (a Godzilla-like creature who threatens Flash on a couple of occasions before being killed off).<br /><br />You like the Invisible Man? This has got you covered. You like sword fights, wrestling (both animals & men), fist fights? Plenty for any taste. We have an underwater city, a sky city, a city on top of a mountain, and tonnes of secret passages and caves.<br /><br />Hokey effects? Massive amounts. The sky city is supported by radium furnaces stoked like old-time steamships. The rocketships are ""powered"" by fireworks and have constant backfires and/or humming noises. Lots of wires are visible holding things up (like food when Flash was invisible and of course rocketships). There's clouds out in space, but none around the earth when viewed from Mongo. ""Giant"" lizards show up briefly. Fighting sea creatures supposedly threaten Flash & co. on the way to the shark-men's underwater city. The ""gadgets"" in Dr. Zarkov's lab crack me up. And they seem to be the same ones no matter what lab he's in (he worked in Ming's lab and Vultan's).<br /><br />And yeah, we have romance. Everyone wants Dale; Ming, Vultan, Flash. But at least one person wanted Princess Aura (Prince Baron) just not the person she would have preferred. In fact, it seems a lot of the sub-plots concern intrigue on the part of Princess Aura to try to win Flash.<br /><br />Man I think the characters are awesome. That fat, horse-laughing, King Vultan was hilarious. How he managed those wings was pure artistry. And Ming! What can I say about Ming? He was perfect. They should have had him for the emperor in Starwars. Ming has got to be my favourite character in this serial. Princess Aura was quite a little character too. And she pulled it off nicely. I think she's a better actress than Dale Arden by a long shot. Even the sneaky high priest had a distinctive role. Zarkov was good, but not the strongest character---and he always stood in the background during fight scenes holding Dale. Now we get to Flash: Flash, of course, was the strong point, the leader, the hero---and he did it well. Crabbe is a good actor and this role fit him perfectly.<br /><br />After watching this, I think I know where George Lucas got the main idea for Starwars. Watch this, you'll see what I mean.<br /><br />If you ever considered watching an old serial (or any serial for that matter), this should be your first choice. The only reason I didn't give this one a 10 is because of a few story holes that could have been fixed easily, the way the giant lizards seemed just tacked in there, and a couple of weak characters (king of shark-men & king of lion-men).",positive
"A comparison between this movie and 'The Last Detail' is made by some, but 'Chasers' is flatter than a stretch of Interstate highway in west Texas. And like the scenery in the desert, there's nothing much to distinguish it, not even the fact that a female prisoner is being transported by two navy escorts this time around. No one in the cast comes off too well; with this lame script that's not surprising. Dennis Hopper, the director, won't give much space to this one if he ever writes a memoir, I don't think.",negative
"I haven't read a biography of Lincoln, so maybe this was an accurate portrayal......<br /><br />And maybe it's because I'm used to the equally alienating and unrealistic worshiping portrayals that unnaturally deify Lincoln as brilliant, honorable, and the savior of our country......<br /><br />But why would they make a movie representing Lincoln as a buffoon? While Henry Fonda made an excellent Lincoln, his portrayal of him as an ""aw shucks, I'm just a simple guy"" seemed a little insulting.<br /><br />[Granted, that was Bushie Jr.'s whole campaign, to make us think he was ""just a regular guy"" so we wouldn't care that he's a rich & privileged moron -- but that's a whole other story.]<br /><br />Not only did the film show Lincoln as sort of a simple (almost simple-minded) kind of guy , the film states that Lincoln just sort of got into law by accident, and that he wasn't even that interested in the law - only with the falsely simplistic idea of the law being about rights & wrongs. In the film he's not a very good defense attorney (he lounges around with his feet on the table and makes fun of the witnesses), and the outcome is mostly determined by chance/luck.<br /><br />Furthermore, partly because this was financed by Republicans (in reaction to some play sponsored by Democrats that had come out) and partly because it was just the sentiment of the times, the film is unfortunately religious, racist and conservative.<br /><br />Don't waste your time on this film!",negative
"""9/11,"" hosted by Robert DeNiro, presents footage from outside and inside the Twin Towers in New York, on September 11, 2001.<br /><br />Never too grisly and gory, yet powerful and moving. ""9/11"" is a real treat. Anyone not moved by this television show is immune to anything.<br /><br />5/5 stars --<br /><br />",positive
"I saw Insomniac's Nightmare not to long ago for the first time and I have to say, I really found it to be quite good. If you are a fan of Dominic Monaghan you will love it. The hole movie takes place inside his mind -or does it? The acting from everyone else is a little rushed and shaky and some of the scenes could be cut down but it works out in the end. The extras on the DVD are just as great as the film, if not greater for those Dom fans. It has tons of candid moments from the set, outtakes and a great interview with the director. Anyone who has gone through making an independent film will love to watch Tess (the director), Dom and everyone else on the very small close personal set try to bang out this little trippy creepy film. It was pretty enjoyable and I'm glad to have it in my collection.",positive
"i stopped this movie at 48 minutes and change... i don't know...maybe it's because i'm not Swedish...or french(the cannes commenter)...or any of those OTHER sleepy places from which the previous reviewers held forth... born and raised in NY. lived near san francisco for a quarter of a century. and now Holland. i love a good independent film as much as the next movie enthusiast... but this, in a word, isn't funny. see? now THAT's funny...that you're thinking that i made a mistake. i said, 'in a word' but then said, 'isn't funny'... nope. no mistake. if this is your type of humor, i'd say you haven't really had much of a life... consider your appreciation of this film a symptom... and PLEASE don't EVER write another review...i have a tendency to believe them when they're unanimous. even if there only were about 3 reviews before mine...i figured i might ACtually be able to save someone ELSE the boredom...the anticipation of laughter that never materializes... i DID smile once or twice, though... when i started the movie...and when i stopped it. that should be 10 lines.",negative
"this became a cult movie in chinese college students, though i havnt watched it until it is broadcasted in channel4, UK.<br /><br />full of arty giddy pretentions, the plot is mediocre and unreal; the 'spirit' it wants to convey is how independent artists 'resist the commercisliation of music industry' and maintain their' purity of an artistic soul' and wouldnt 'sell themselves for dirty money'. that is really giddy and superficial; the diologue are mainly pathetic. acting is poor. sceenplay is full of art pretention. it is a fantasy movie for kids and that;s all<br /><br />",negative
"1989 was already a year in where Eddie Murphy wasn't that longer hot and started making movies that soon would be forgotten. Funnily enough, it was also the year in where Murphy directed his first film, but it also would be the first and last experiment. ""Harlem nights"" wasn't exactly what you can call a success even if it was great to see the two best black comedians together namely Murphy and Richard Pryor. Don't blame it on the actors as they all played their roles like you expected them do, even if you have to face (again) the typical Murphy-laugh. The worst thing from ""Harlem nights"" are both the scenario and its terrible decors. Everything is set in the roaring twenties and everybody has their profit from the forbidden clubs. Sugar Ray (Pryor) and his adopted son Quickie (Murphy) are gathering easily 10000 dollar per day but of course soon the mob and the corrupt police come around the corner to claim their part of the cookie. Sugar and Quickie aren't guys who give their money for free and have their own plans. You can watch ""Harlem Nights"" that's for sure, but if you puke from the moment you hear the name Murphy you better avoid as after all this movie is nothing but a lame excuse to see some good jokes.",negative
"No more corned beef and cabbage for her!<br /><br />This little romantic comedy clips along from scene to scene with a few exotic twists (some imaginary scenes and a costume party). All of this is centered around the wife of the husband(s) who is looking to break out of the doldrums, played by Gloria Swanson (she is twenty here!). Both the leading men have a natural air that is convincing and of course Swanson is perfect in all kinds of moods, from frivolous to worried to hopeful. <br /><br />Behind all the games and apparent lightheartedness is that old serious problem of staying in love and not straying in love. There's a little corniness, but director DeMille is on top of keeping it snappy and believable in all. As with many films from this period, the subtitles do not just tell what they are saying (or thinking) but often give a kind of philosophical insight, as if to justify the tragedy (or raciness). And there is that higher purpose here, probably better without the instructional text, but it's part of the narrative style, and it's kind of quaint. <br /><br />If you are looking for visual or formal amazement, you won't find it here. But as a story, well acted, and filmed with precision and economy, it's really a great example. The events might not come as a total surprise, but it's such a modern love story, set almost a hundred years ago, it's a gas. And did I saw Swanson was perfect?",positive
"I found the pace to be glacial and the original story blown way out of proportion to the content. My wife slept through most of it and I did not try to wake her because I felt she was not missing anything.<br /><br />When Holmes and Watson enter the house and then are potentially caught, it is unclear how they could hide all of their entry and burglary tools so quickly. It is also unclear how the door to the study is locked, preventing the servants from getting in.<br /><br />The thing that puzzled me was right at the end when there was a glint in the eye of the broken statute. I have no clue what this was supposed to represent.",negative
"Well, EYEboy, I must say that it pleases me to no end when someone singles me out and tries to make fun of me, especially when it is someone who seems as intelligent as you do. My favorite part of your post was ""But no big bang-bang good-guy bad-guy here, kimosabe. Me suggest you stick to movie with lotsa bang bang.""<br /><br />Well said! I do like action movies, especially if they are well done, but I also like movies that don't have a whole lot of action, as long as THEY are well done. I'm sorry, but Secret's and Lies does not fit into that category and is simply a very bad movie. I really don't see very many non-American films, so maybe I was spoiled, and didn't realize how bad foreign films really were when I saw Secrets and Lies. Perhaps if I judge foreign movies by a different standard I could some day see how Secrets and Lies could possibly be one of the highest rated movies on the IMDB. Hmm... If true, that is very scary.<br /><br />Jeremy Barger bits@midohio.net(new e-mail)",negative
"This is only the second time I stopped a video/DVD part way through.<br /><br />I was willing to give this film the benefit of the doubt at first, even though it managed to be both shallow, clichéd and stupid.. AND joyless, plodding and pretentious.<br /><br />It was like an After School Special directed by that weird grade nine kid who thinks nobody understands him... creepy and sad, with voice-over narration that only the most deluded adolescent would consider poetry... and some singing, and... no, really, the poor child's suffering...<br /><br />Enough, already, especially when it morphed into a brazen, clumsy, and insulting Clockwork Orange ripoff. And did I mention the singing?<br /><br />This isn't the worst film I've ever seen, but certainly the one I've felt least compelled to sit through. I don't recommend it to anyone.",negative
"This is the only full length feature film about the world of bridge. I found the first 10 minutes a bit slow, but after that, the movie is absolutely perfect in describing professional bridge players and how they go about earning a living. <br /><br />Some of the scenes are very funny. I don't think that a non-bridge player would get the charm of this movie. <br /><br />Some of the dresses are really beautiful, pity the movie is in black and white - I can only imagine what they would look like in colour. The way the media are portrayed is absolutely hilarious. There is no way on earth bridge will ever be like that. <br /><br />Watch it as soon as you can, and tell your friends about it.",positive
"I read a couple of good reviews on this board for ""Mr. Scarface"", but for anyone uninitiated in the genre of Italian gangster films like myself, the picture will probably make very little sense. Indeed, after the initial setup involving the ten million lira scam, the picture devolved into a fairly routine revenge flick with a minor twist in the identity of Rick's (Al Cliver) character. The whole gang war plot got muddied up for me with the inclusion of Vinchenzo Napoli (Vittorio Caprioli), but as most other viewers commented, he's about the only one who gave this picture any life with his often ineffective attempts at violence. I found it somewhat unbelievable that Manzari's goons who chased Tony through the streets didn't actually stroke out before Tony even laid a hand on them. For all of his buildup as the title character, Jack Palance was wasted rather unceremoniously in an anticlimactic near finale, making the U.S. working title, ""Mr. Scarface"", rather moot. I've seen enough spaghetti Westerns to know that they don't all work; I guess in this case, my first look at a spaghetti gangster flick didn't quite make it either.",negative
"This typical Mamet film delivers a quiet, evenly paced insight into what makes a confidence man (Joe Mantegna) good. Explored as a psychological study by a noted psychologist (Lindsay Crouse), it slowly pulls her into his world with the usual nasty consequences. The cast includes a number of the players found is several of Mamet's films (Steven Goldstein, Jack Wallace, Ricky Jay, Andy Potok, Allen Soule, William H. Macy), and they do their usual good job. I loved Lindsay Crouse in this film, and have often wondered why she didn't become a more noted player than she has become. Perhaps I'm not looking in the right places!<br /><br />The movie proceeds at a slow pace, with flat dialog, yet it maintains a level of tension throughout which logically leads to the bang-up ending. You'd expect a real let down at the ending, but I found it uplifting and satisfying. I love this movie!",positive
"What a terrible film. It sucked. It was terrible. I don't know what to say about this film but DinoCrap, which I stole from some reviewer with a nail up his ass. AHAHAHAHAHHAHAHAHAHAHAHAHAHAHHAHAHAHAHAHAHAH!!!!!!!!!!!!!!!!!!! sigh.. It's not Roger Corman that I hate, it's this god-awful movie. Well, really? But what can you expect from a movie with Homoeric computer graphics. Which is another thing, the CGI sucked out loud; I hate this movie dreadfully. This is without a doubt the worst Roger Corman B-Movie, and probably the gayest B-Movie too. It's-it's--- DINOCRAP! I'm sorry, I must have offended some nerds in these moments. It's just an awful movie... 0/1,000",negative
"This Columbo episode is one of the better and perhaps one of my personal favorites. The cast includes Rosemary's Baby John Cassavetes as the maestro, his wife played by Blythe Danner (Gwyneth Paltrow's mom) and his mother-in-law played by Myrna Loy (one of America's greatest leading actresses in film of our time). Anyway I disagree with anybody who criticizes against this film. This episode is one of my favorites because you have an excellent cast who do a superb job in performing. I love watching Columbo with his beloved dog who he never names in the series. This time, the episode focuses in on classical music at the Hollywood Bowl, one of L.A.'s attractions. Of course, Columbo becomes as interested in classical music as he does anything else involving a crime.",positive
"One of my favorite movies. Great cast, lead by Jonathan Silverman and Blythe Danner. Serious drama situations with brilliant comedic punches. An exact mixture of character and story. Real people with real problems, and everyone has a different relationship with each family member. Sensitively moves from slightly-sad to hilariously-funny. Read the quotes. This is the best adaptation of a Neil Simon play.<br /><br />If you wanna see more of Eugene check Biloxi Blues (starring Matthew Broderick who played in both stage versions) is OK, a bit on a darker side. Get away from the made-for-TV Broadway Bound.",positive
"If you decide to watch Wild Rebels, don't expect anything deep and meaningful. If you're looking for a film that explores the relationships and structure of a motorcycle gang, Wild Rebels is the wrong movie. If you're looking for an expose on the breakdown of the American educational system and the problem of juvenile delinquency, Wild Rebels is the wrong movie. If you're looking for a movie that examines how undermanned rural police departments are when facing a well-financed, well-organized gang, Wild Rebels is the wrong movie. But if you're looking for an absurd movie filled with scene after scene of unintentional humor, horrendous acting, a paper-thin plot, and community theater style production values, Wild Rebels is the right movie.<br /><br />Wild Rebels is the story of a down-on-his-luck stock-car driver named Rod Tillman (Steve Alaimo). After a fiery crash (which Rod walks away from completely unscathed despite having only a cotton pants and a London Fog style jacket for protection), Rod decides to give it up. With no plan for his future other than to wander aimless through the back-roads of the South, he stumbles on the Satan's Angels motorcycle gang (a gang being three of the stupidest guys to ever zip up a leather jacket and a woman they seem to share). This group of hoodlums spends their time terrorizing a rural town in Florida by committing such atrocities as stealing a newspaper from a neighbor's mailbox. These bumbling idiots need someone to act as their driver during some larger crimes they have planned. Apparently, these three Einsteins can only drive vehicles with two tires, not four. So they recruit Rod to perform feats of daring that only an experienced stunt driver would be capable of like keeping the car in the middle of a gravel road during a low-speed chase. Eventually, they hold-up a bank, get into the aforementioned low-speed chase, and have the lamest gun battle with the police ever put on film. I could go on forever, but you get the idea.<br /><br />I hate the term ""so bad it's good"", but that seems to aptly describe Wild Rebels.",negative
"I am normally a Spike Lee fan. It takes some time to really get into his ""mojo"", but once you see the clear message and the ability to tell the story that is close to his heart, Lee is a genius. Unlike The 25th Hour or Bamboozled (two of my favorite films of his), there was no clear story in this film. I was able to understand the struggle between Washington and the choice to play well or be influenced by others, but for some odd reason Lee was never able to get the true feeling out. Washington did a decent job with what was handed to him, but you could tell that this was not Lee's favorite film. Not only did Lee direct this film, but he also wrote it. You could tell. The camera work was horrid and the writing only contributed to the decay of the film. This film was coming full circle and it wasn't going to be pretty. Lee was not 100% behind this film as he was with Do the Right Thing. Of all the films I have seen Lee direct, this was the brightest and more modest of his films. It was almost as if he created a Hollywood movie instead of one that was all his own. I don't know if he saw the money from Do the Right Thing and ran with it, or what  but this film did not demonstrate his true talent.<br /><br />For anyone out there that has seen this film, and perhaps stopped watching anything directed by Spike Lee afterwards due to this film, I suggest you give him a second chance. Don't get me wrong, I see exactly where you are coming from with this film and why you would want to put this behind you, but Lee does grow up. His work becomes more of his own, and you can see the transformation from a desire to make money to just wanting to make good films. It took me awhile to watch The 25th Hour, but when I did, it was sheer brilliance. Perhaps it was the actors, perhaps the story, but Lee crafted an amazing film out of one man's journey into the unknown. I guess that is what I was hoping Mo' Better Blues would turn out to be. This really dark journey into the life of a man that really never grew up, but instead all I got was Denzel being Denzel. He really is one of the most versatile actors of this generation, and I do consider him the Sydney Poitier of cinema, but this was not the film to showcase his talent.<br /><br />Another issue that I had with this film was the use of Spike's sister playing one of the love interests. I don't know about you, and your family, but I do not think that I could have filmed a sex scene with my sister. I don't care who the actor is or how much money I am getting paid, I would never do it. It is just something that I never wish to see, but apparently that is different for Spike. He went ahead and showed the full nude image of his sister without any remorse. It was sad and it even made me blush. Also, I need somebody to answer me this. What was Flavor Flav doing introducing this film? So, I am sitting there on my couch, ready to start the film, when suddenly there is a voice from the past spelling out the studio that made this film, then he acknowledges himself. That did not build for a strong remaining of the story. Again, I felt that Lee was going for money on this film instead of actual talent. Perhaps that is how he could afford both Denzel and Wesley in the same movie without any explosions.<br /><br />There were two great scenes in this film that made it worth watching through to the end. Don't get me wrong, this was a very bad movie, but there is always a diamond in every alleyway. The scene when Bleek accidentally forgets which woman he is with was mesmerizing. He continually went back and forth, weaving truth to confusion in a way that proved that Lee was actually behind the camera. It was a visionary scene that was probably lost in the shuffle due to the remaining poor scenes. The other scene that was worth watching was the way that Lee introduced and ended the film. By keeping the same pacing and direction, he was able to bring this tragic character around full circle and give him the chance to change his life. Other than these two moments, the rest of the film was pure rubbish, not worth viewing unless you are about to go blind.<br /><br />Grade: ** out of *****",negative
"I'm sure this is a show no one is that familiar of and might not think good of it; after all it is almost close to Baywatch Hawaii. With the cast, the location, style of the directing and its publicity  shows women walking around on the beach and all that. No wonder people have misconception and decide not to watch it.<br /><br />It was wrong of them to do that. Cause after I decide to watch the show, there are actually more thing going on, real juicy story and conflict, turn out to be really exciting to watch and pretty much  addictive.<br /><br />The story of the hotel clerks, the manager, the owner and their complicated love life. Also enter the troublesome hotel's visitor and powerful man trying to steal the hotel. It actually more exciting than it sounds here.<br /><br />I won't deny that the acting suck but it ain't that bad that you'll look away. The story is not so consistence but good enough. The soundtrack is fitting pretty well with the scenario and the action is all the time. I took me couple of episode before there is actually anything happen solidly so be patience.<br /><br />Recommendation: I Really Do Enjoy Watching This. Zillion Times Better Than Expected.<br /><br />Rating: 7.5/10 (Grade: B)<br /><br />Please Rate My Review After Reading It, Thanks.",positive
"The movie actually has a fairly good story, but gets bogged down in several key places. It's almost as if the director threw the movie together without taking the time to make some essential cuts in the film. Dennis Quaid does a fairly decent job in his role... but something is clearly missing from several key scenes.<br /><br />This 2.5 hour movie could have been reduced to about a 2 hour movie. And probably would have been a much better film had it not had the feel as if it was thrown together.<br /><br />",positive
"The Salena Incident is set in Arizona where six death row inmates are being transfered from the state prison for reasons never explained, while driving along the heavily armed prison bus gets a flat & the driver is forced to pull off the road. Then two blonde birds turn up & after seducing the incompetent prison guards manage to get the better of them, the six prisoners are released but in a shoot-out their getaway car is damaged leaving them all stranded in the middle of the Arizona desert. They decide to head to the nearest town, Salena several miles away & take the cops with them as hostage. Once they reach Salena they find it odd that the place is completely deserted with not one single other person in sight. They soon discover that the entire town has been killed by flesh eating aliens & they are firmly placed on the menu...<br /><br />Also known as Alien Invasion Arizona in the US on DVD & apparently having the working title Terror Town this rubbishy low budget sci-fi horror flick was co-written, co-produced & directed by Dustin Rikert & has no real redeeming features at all, to be frank The Salena Incident is the sort of film which gives films a bad name. The film could roughly be divided into two parts, the opening forty or fifty odd minutes focuses on the prisoners in a thriller feeling opening, the guards & the escape although it's pretty poorly written & staged stuff. The dialogue between the two blonde birds & the prison guards is so bad it's unintentionally funny as the two fit birds chat up the two not so fit prison guards. Funny stuff actually, unfortunately The Salena Incident is supposed to be a sci-fi horror film not a comedy. Then once the escaped cons & their prison guard hostages arrive at Salena it goes into sci-fi horror mode as the aliens turn up & start killing our clichéd character's off which is good because they are annoying. Look, the whole film sucks as it's badly written, thought out & made. I can't really be bothered to go into why but trust me The Salena Incident is awful on every level.<br /><br />As well as being just a bad, boring & stupid film The Salena Incident is also poorly made. The action set-piece scenes are awful, the aliens looks terrible & are never shown on screen at the same time as the human character's & as such it's sometimes difficult to tell what's happening. The special effects are poor too, the aliens look rubbish & the CGI computer effects are absolutely terrible as well. The editing is poor, the cinematography is poor, the sets are cheap & the whole thing is just an eyesore really. There's a bit of gore, there's some gunshot wounds, someone is ripped in half & a severed hand is seen.<br /><br />Obviously shot on a low budget The Salena Incident has low production values & looks cheap from start to finish. Filmed in Superior in Arizona. The acting is terrible from no-one I have ever heard of although the actress who plays the female doctor is pretty good looking.<br /><br />The Salena Incident is a rubbish sci-fi horror film that is terrible in just about every way, not worth 90 minutes of yours, mine or anyone else's time.",negative
"It is hard to imagine anyone making a Tom Cruise film look good; hard indeed, but this one makes him look good. Very good. Actually, it makes him look like Sir John Gielgud celebrating Very Good Acting Day with a bravura performance.<br /><br />The acting from the entire ensemble struggled to rise above the risible and failed. The fault was, in part let us be fair, that the plot bore as much resemblance to the HG Wells original as did the butchered carcasses of the human victims in the film to their living predecessors: both were bloodied and violated remnants of more attractive predecessor. But to describe a plot such as this to be a bit holy is to say of the Colander ""My, this kitchen utensil has a remarkable lot of holes"", unless, that is, holes are your bag; in which case this film will commend itself to you.<br /><br />The fault in the other part was that these were demotivated, jobbing, DVD actors who knew full well, one assumes, that this was their exhibition that would wind up on the $5 DVD shelf. And overpriced at that.<br /><br />So should you watch it? Why yes, of course, you should. You are a miserable sinner and deserve punishment.",negative
"This isn't ""so bad it's good""--It's ""so bad, it violates the Geneva Convention's prohibition on cruel and unusual punishment""! Only by reading the Synopsis can you even figure out the ""plot"" of this Straight to Video disaster. It's a hodge-podge of grainy stock footage spliced together with some of the all-time worst acting you'll ever have the misfortune to see. Comparing this incompetent, turgid, humorless mess to ""Dead Men Don't Wear Plaid"" is like saying that ""Gigli"" is like ""Citizen Kane"". The talentless cast are costumed in cheap, J.C. Penney ""Goin' to Church"" clothes, and there isn't the slightest attempt at period hairstyles or make-up. If you really want to see how this sort of ""homage"" can work, check out ""The Lost Skeleton of Cadavra""--It's clever, well-written, and best of all, performed by actual actors who aren't such agony to watch. For that matter, seek out the work of Phoenix artist Paul Wilson whose Sci-Fi short ""The Attack of the 70 foot Courtesy Lady"" leaves this film in the dust. The people in Terror In the Tropics look and sound like they were pulled off the street and given their scripts to read during the one and only take. This is an insult to Bela Lugosi, Boris Karloff, Lon Chaney, and anyone else involved in the films they cannibalized to make this schlock-fest! Money isn't the problem--A lot can be accomplished with very little expense. A good script, decent actors, and above Z-Grade costumes and production design should have been a given before the so-called director created this stinky pile of cinematic offal. Let's hope the ""promise"" of a sequel doesn't come true--That was by far the scariest thing shown in the whole movie!!",negative
"This is a pretty simplistic romance. Girl finds boy, girl loves boy, girl loses boy, girl finds boy. Colleen Moore is the outstanding ingredient in this recipe, delivering a wonderfully varied dramatic/romantic performance, well deserving of an Oscar nom. Equally fine are the aerial combat special effects.<br /><br />Moore plays a French girl whose mother has turned over their field to a British aerial squadron during WWI. She is the ""daughter of the regiment"", loved as a little sister. Into this mix comes a fill-in for a downed flyer, Gary Cooper. At first they hate each other, then they love each other, then the entire squadron is sent out on a suicide mission. Cooper returns but crashes in the village and a red cross unit removes him. Moore searches for him, is told at a hospital he is dead, then wanders the streets until he calls from a hospital window and they are reunited.<br /><br />It's a nice little romance, but hardly more than that. Recommended for fans of Ms. Moore and Mr. Cooper",negative
"Korine's established himself, by now, as a talented and impressive image-maker. The promotional posters for Mister Lonely all include the film's most impressive compositions (though there's one in particular I've yet to see in promo material: that of a blue-clad nun teasing a dog with a stick, surrounded by green forest with torrential rain pouring down). The opening images of this film, of Michael Jackson lookalike (Diego Luna) riding a small motorbike round a track, is strangely compelling and beautiful: Roy Orbison's ""Mister Lonely"" plays on the soundtrack, and the images unfold in slow-motion. There's also a funny and terrific sequence in which the same character mimes a dance, without music (though a radio sits like a silent dog next to him), in the middle of a Paris street; Korine splices in sound effects and jump-cuts that evoke both a feeling of futility and dogged liberation in the character's dance routine.<br /><br />The first instance of the segment dealing with the nuns is also strangely poignant; Father Umbrillo (Werner Herzog) is an autocratic priest about to fly with some nuns over, and drop food into, impoverished areas nearby. In a scene that is both light-hearted and affecting, Herzog must deal with a stubbornly enthusiastic local who wishes to make the plane trip with them in order to see his wife in San Francisco. As the exchange develops, Herzog draws out of the man a confession: he has sinned, and his frequent infidelity is the cause of his wife having left him in the first place. This scene, short and sweet, gains particular weight after one learns its improvised origins: the sinner is played by a non-actor who was on set when Korine and co. were filming - and his adulterous ways had given him, in real life, a lasting, overwhelming guilt.<br /><br />Henceforth, the film is hit-and-miss; a succession of intrinsically interesting moments that add to a frivolous, muddled narrative. Whereas Gummo and Julien Donkey-Boy maintain their aesthetic and emotional weight via coherent structural frameworks, Mister Lonely feels like a victim of editing room ruthlessness. A few scenes were cut from the film, which would have otherwise painted fuller pictures of certain characters, due to continuity errors in costume - a result, no doubt, due to the absence of a shooting script and Korine's tendency for improvisation. One deleted scene in particular - in which 'Charlie Chaplin' (Denis Lavant) and 'Madonna' (Melita Morgan) have sex - would have added much more emotional conflict to a scene later on in the film (I won't spoil it, but it's there to deflate any feeling of warmth or celebration, and, as it is, only half-succeeds).<br /><br />The two strands of the narrative, unconnected literally, are best approached as two entirely different stories with the same allegorical meaning; one compliments the other and vice versa. (It's something to do with the conflict between one's ambitions and the reality of the current situation.) But there's not enough of the Herzog scenes to merit their place in the film, and so any connection between these two allegorically-connected threads is inevitably strained - and the inclusion is, in retrospect, tedious.<br /><br />This is an ambitious step forward from Julien Donkey-Boy that suffers mostly, at least in the lookalike segments, from having far too many characters for the film's running length, a flaw that would have been even worse had big star names played everyone (as was originally planned).<br /><br />With many of the imagery's self-contained beauty, and moments of real, genuine connection with the soundtrack, this feels like it'd be much more suited to an art installation or photo exhibition. As an exploration of mimesis and the nature of impersonation, it'd lose none of its power - indeed, for me, it would perhaps be more impressive. The loneliness attached to iconic performativity (such as that encountered by both the icons themselves and those who aspire to be like them) is well-captured in images such as that wherein 'Marilyn Monroe' (a gorgeous Samantha Morton) seduces the camera with a Seven Year Itch pose in the middle of a forest, or when 'Sammy Davis, Jr.' (Jason Pennycooke) settles, post-dance rehearsal, with his back to the camera overlooking an incredible, tranquil lake.<br /><br />As it is, moments like these, and all those where the titles of randomly-chosen Michael Jackson songs crawl across the scene, are married to one another in a film narrative far less affecting than it should be.<br /><br />(For those who see it, I lost all faith during the egg-singing scene, late on. You'll know which scene I mean because it sticks out like a sore thumb, as some sort of gimmicky attempt at the new cinematic language for which Korine has previously been hailed.)",negative
"How i deserved to watch this crap??? Worst ever. The acting was awful, when i read that this was a comedy i expected at least to smile, once - or twice, but.... If you are wiling to loose hour and a half of your lives, this is the right movie. I recommend just look in a wall or something, anything else but watch this ""film"". Yoy can even watch a documentary (if you are a guy) about pregnant women, i guarantee it will be more entertaining :)The actor in this one (i forgot his name) is not that bad, and i am surprised how hi accepted the role. Anyway ""I want someone to eat cheese with"" is the right film if you want to punish someone.",negative
"What can you say about this movie? It was not terrible, but it was not good! Two days earlier I had watched Lillies and that was one of the best Gay films I have ever seen. So this was not the best time to watch a mediocre Gay flick.<br /><br />The story was silly and the acting was OK. It was not bad enough to turn off, but it had some bad moments and some terrible stereotyping. It was not very well cast either.<br /><br />Would I recommend this movie? No you would be wasting your time and money. I don't understand why movies like these are made and who is funding them. Spend your time Watching Noah's Arc on Logo instead. I think this is where this movie was trying to go but never got there.",negative
"Yes, it might be not historically accurate(actually only 6 soldiers of 9th rota were killed there), and yes, it has some mistakes and exaggeration(bended machine gun? come on! or the that ""history lesson"" about how Afghanistan was never conquered by anyone - educated Russian officer would know history much better than that - take for example British campaign in Afghanistan). And yes, it does not have multi-million dollars Hollywood-style special effects, but it's strongest point in showing soldier's life there, their relationships and their feelings when the best friends are being killed in front of their eyes. In my opinion 9ya rota really does a good job showing all those things.<br /><br />Again, movie has it weaknesses, but, in my opinion, it appears to be one of the strongest Russian movie for the past few years.<br /><br />8/10",negative
"In terms of the arts, the 1970s were a very turbulent era. In literature and the visual arts, it was the closing of a great fifty or sixty year period of creativity that has yet to be restarted. In music it was a decade that many see as a low point, due to corporate rock and disco. On television it was a Golden Age for situation comedies, from The Odd Couple to the Mary Tyler Moore Show to M*A*S*H to All In The Family, but in film it was even a greater period of creativity, in all genres, that saw the rise of the American auteur- directors like Robert Altman, Francis Ford Coppola, and Martin Scorsese- from the ashes of the old studio systems that had dominated Hollywood for over half a century. These directors wanted to craft literate, arts films for the masses, of the sort that had been staples in Europe since the end of the Second World War. Yet, the studios were trying to keep pace, with socially aware films of the sort not seen since the 1930s.<br /><br />But, unlike the films of the 1930s, starring actors like Jimmy Cagney and John Garfield (usually co-starring the Dead End Kids), that dealt with social issues in a gritty realistic way, or as realistic as one could get on a sound stage, the social consciousness of the late 1960s and early 1970s manifested itself most in science fiction films, which allowed the Left Wing of Hollywood to preach to the masses under the guise of what most considered little above comic strip entertainment. There was precedent for this approach, for several of the flying saucer films of the 1950s dealt with the political zeitgeist of the McCarthy era- most notably The Day The Earth Stood Still and Invasion Of The Body Snatchers. And the early 1960s saw Rod Serling constantly subverting the political conservatism of the time by casting social issues into science fiction settings on his classic sci fi television anthology show The Twilight Zone. Among the studio offerings of this time were the ecologically sensitive Silent Running; George Lucas's first film THX 1138, which dealt with consumerism, group think, and existentialism; and Logan's Run, which hammered away at Communism and state control versus the rights of an individual. Some of the film's references are quite heavyhanded- and reek of the then current Arab oil crisis and rampant inflation. A few jarred strawberries cost $150, and Soylent rations its assorted colored foods- Soylent Yellow, Soylent Red, and the new Soylent Green, reputedly made from 'the finest undersea growth,' in a manner not unlike the gas rationing of the time. Scenes of food riots are eerie echoes of the oil riots at many gas stations during the year of the film's release, and the scenes of crowding, and bodies, live and dead, lying all about are still chilling, as well as influential. A later film like Escape From New York is an obvious progeny. The rest of the script, by Stanley R. Greenberg, however, is rather pedestrian, and fairly standard for a dystopian flick, but Fleischer and cinematographer Richard H. Kline do a great job of filling the screen with interesting images and sounds, to spice things up. The use of soft, dimly lit visuals, murkily filtered, add a Stygian feel to the New York of the film, almost like a colorized version of Carl Theodor Dreyer's Vampyr. The only light in the film comes from artificial sources, and were it not for the fashion faux pas the film could truly seem timeless.<br /><br />The end of the film, where Thorn sneaks into the processing plant where human corpses are made into Soylent Green wafers, is both chilling, and oddly drama-less. In the end, the Soylent minions hunt Thorn down, but he survives long enough to utter the film's catchphrase to Chief Hatcher. Yet, one does not know if it is enough, for Hatcher has already been co-opted, and has a track record of taking the easy way out. Yet, that fact, and its ambiguity, shows that the film does not recapitulate its characters' dilemmas, and has a depth many later, better made films, sci fi or not, do not have. It is also why Soylent Green is still a film worth watching.",positive
"This is one of the worst films I've seen for years. The storyline has potential that is never realized. The actors are a poor choice, but considering the screen writing, their talent isn't wasted. I really wanted everyone dead as quickly as possible so I could get out and watch something else. Unfortunately, I did stay to the end and had a laugh at the murmurs of people moaning about how crappy this is. There wasn't booing, after all, this is England, just gentle moans about how crap that was. Then, I look on IMDb and see 288 people have given it 10 out of 10. I really just cannot see how those people are able to give that score. They must be a PR company working with the distributor. There's a hilarious set problem towards the end of the film, when in the graveyard and the hick attacks, look out for the dodgy scenery that rocks when touched (supposed to be a brick wall) - the blood effects are waaaay OTT - the film feels like everyone is making a spoof horror except the Director.",negative
"Jack Webb is riveting as a Marine Corp drill instructor in the D.I.. Webb play Sgt.Jim Moore, a tough but fair Marine whose job it is to prepare young teens for possible combat. No one could have played this role any better that Jack Webb. As a former Marine,I can assure that this is the most accurate film dealing with basic training in the Corp. Extremely entertaining!",positive
"This is my kind of film. I am fascinated by strange psychotic nightmares and this movie is just that. But it is also a dark comedy. While I see it mostly as a horror/thriller, there will be others who might see it as a black dramatic comedy.<br /><br />But either way, it is a fascinating descent into madness. The ending caught me off guard, but what an ending! It leaves the viewer a lot to think about.<br /><br />Powerful performances, a complex and detailed plot, a great script filled with dread and dashes of humor, and an eerie atmosphere make this a film worth watching.<br /><br />Personally, I think that I will need to watch this several more times to pick up and understand all the subtleties that are within. But it is such a film that it will be a pleasure and not a chore so to do.",positive
"Tyra Banks needs to teach these girls that it's not all about being beautiful on the outside. The inside counts for something too. A lot of the past winners have looked semi decent but are horribly cruel and starting trouble for the other girls. I see Tyra less involved with the girls in every season. About the only thing worth watching Top Model for is Mr. Jay Manuel. Recently, Tyra had a contestant who was a pre-op transsexual. I felt that she should have done more to encourage her. It was obvious that she had insecurities about her original anatomy showing through her feminine look. Tyra should have given her tips or perhaps she could have sent resident Trannie Ms. Jay to help the girl out. Instead, the contestant was met with harsh criticism and not enough positive criticism. It's a shame because I truly enjoyed the first 3 seasons. There's a reason why Project Runway has all 4 seasons out on DVD and Top Model only has 1 season on DVD. It's called taste. Top Model seriously needs a lot of revamping an some more humanity.",negative
"As Americans, we have come to expect crapiness as ""par for the course"" when it comes to HORROR and unknown directors directing unknown actors acting for unknown writers. We truly expect this to suck & when they don't suck,it becomes an over night success.<br /><br />This is NOT an over night success, nor is it an over the weekend or over the month success. This blows from start to finish and my only recommendation is this: GO INTO THIS KNOWING IT SUCKS, enjoy it for what it is, for what it isn't & if you have something better to do, keep this on the back WAY BACK burner. It's entertaining in the way watching the elderly cross a busy street during rush hour, but don't expect much-they almost never get hit by an actual car, its just a lot of hoopla.",negative
"Although many audio recordings of great musicians like Jascha Heifetz survive, the cinematic or televised record is limited indeed. This is why musical offerings like ""They Shall Have Music"" are such rare gems. While, with modern eyes and ears, one can quibble about the plot, the perceptive viewer should put this film's unique delights in their proper perspective. The plot was designed to appeal to both young and old audiences of the era, but it remains enjoyable to this day. A important aspect of the experience of watching classic films is to see them through the eyes of the moviegoer of that era.<br /><br />I must take issue with reviewer who complains about a film that is in black and white, or who feel obliged to report that their students express such reservations. These are juvenile complaints which reflect a limited historical perspective. For the teacher, this should offer up an educational opportunity to explain the unique qualities of black and white photography and its place in cinematic history. Color can, in fact, get in the way of a good storyline, or the music. For example, the black and white photography of John Ford's ""Stagecoach,"" is, like the still photographs of Ansel Adams, an artistic masterpiece.<br /><br />As for Heifetz being wooden, I could not disagree more. If you want blatant emotional posturing, go to a rock concert. The role of a classical musician like Heifetz is to move the audience, not him or herself. Heifetz's emotion is conveyed through his playing, not through his body language. He had a rare ability to extract every emotional nuance out of the music and transfer it to his listeners. It is the listener who should be moved, not the artist.<br /><br />Incidentally, one reviewer asked about seeing Heifetz on YouTube playing the 1st movement of the Tchaikovsky Violin Concerto, with Frank McHugh in the audience. This is from the 1947 film ""Carnegie Hall,"" not ""They Shall Have Music"" ""Carnegie Hall"" is an even greater treasure of many great classical artists in their prime. We are blessed that there were film producers who, at least in these limited instances, chose to showcase these artists. In was still an era not totally overwhelmed by the lowest common denominator tripe we get today.",positive
"what a relief to find out I am not imagining this programme! the summary from taxman is great. I too remember finding it haunting and not particularly family viewing, I must have been 10/11 at the time I watched it. I think for a girl that age part of attraction was lead's very blond hair, and his permanently sad state. The theme was played on a flute I recall - although I cannot remember how it went. I think the intro showed him playing it - or maybe he played a flute in the programme and especially when he was sad? Maybe I am destined never to know how it ended or to see clip or hear the tune, but at least I now know it is not just me.",positive
"Humphrey Bogart clearly did not want to be in this film, and be forced to play a part-Mexican or he would have been suspended. Believe me , he made the wrong choice! Presumably, after the success of ""Dodge City"", Warners tried a follow-up with Errol Flynn and his usual list of buddies, like Alan Hale, Guinn (Big Boy) Williams, Frank Mc Hugh and the ever-present John Litel, but they made the huge mistake of trying to present Miriam Hopkins as a love interest for Flynn v. Randolph Scott, and as a singer to really make things bad, because she proved one thing, and that is she cannot sing. The story was not too bad, but with Bogie clearly miscast also, it turned out to be a poor Western that was overlong, and on a low budget, but in fairness, color would not have helped.",negative
"Julien Hernandez is certainly an attractive and likable on screen persona. In fact, his character pretty much carries this whole film, or what's worthwhile about it. The problem is, with the exception of his gal pal (played by Marisa Petroro) and Paul Lekakis (as a trick/date/ boyfriend for some of the characters) no one else even comes close. Hernandez plays a 30- something director of Cuban heritage, and unknown sexuality, who comes to L.A. and gets a job making a gay documentary. In the process of meeting a group of gay people while finding subjects, he comes out...but very s l o w l y. Even at 88 minutes, the film has obviously been stretched out and padded with various film-school devices, most of which only end up pointlessly interrupting the narrative (which ain't much to begin with) or pointing out the overall amateurish-ness of the film-making. <br /><br />Which is a shame, because there's a love story in here somewhere, and the final three minutes, when Hernandez's Sebastien finally clicks with a wealthy West Hollywood party- thrower (nicely underplayed by Lonnie Henderson) and they share some sexy soulful kisses, it works despite all that came before. But we don't really care about any of the other characters or their situations: Why would handsome Dante have a Eurotrash priss for a boyfriend? He wouldn't. And don't even get me started on Sebastien's friend Paulie's ""rules"" for dating -- no gay man I know, hell no sane person, period, would put such constrictions on himself or others. And please tell me how Sebastien gets a peeled banana (which is normally fairly shmushy, right?) stuck up his butt and has to go to a doctor to get it removed? <br /><br />I noticed Hernandez won an award for this film as a ""short"" -- it probably should have stayed that way. All this said -- I'd look forward to seeing Hernandez on screen again, in a better scripted comedy with more assured direction.",negative
"IT SHOULD FIRST BE SAID THAT I HAVE READ THE MANGA AND THEREFORE MY ARGUMENT IS BASED ON THE DIFFERENCES.<br /><br />This anime greatly disappointed me because it removed the comedy and high quality action of the manga and OVA. What it left behind was merely a husk of what it could have been. Many of the characters lacked the depth that is seen in the manga. Alucard is not the sympathetic character that secretly wishes for death. Walter's story lacks the betrayal. And the Nazi villains that plot to engulf the world in war are completely absent. Instead, the anime provides the Gary Stu villain Incognito who is defeated against what appear to be all odds.<br /><br />My primary complaint is not that the anime diverges from the manga, but that it does such a poor job.",negative
"Whilst I have loved haunted house movies such as Amityville and Poltergeist, this made for TV adaption of Susan Hills book packs a huge punch on the horrors of Hollywood.<br /><br />With a brilliant cast (many of which star in Heartbeat and other TV dramas), great acting, and fantastic setting (which portrays 1920's life convincingly), it has all the right ingredients to entice the viewer into what is a powerful ghost story.<br /><br />Herbert Wise did not need blood, violence, or gore to send chills down the spines of an audience. Using your own imagination, the Woman In Black is a figure of fear and dread, and whose presence is never absent once she first appears.<br /><br />The main character Arthur Kidd, a solicitor, learns about his unseen spectre on his mission to settle the estate. The widow dies and Arthur spends few nights inside her dreary home in which he notices many oddities, which may haunt him for some days. Some of the scenes are very unsettling and claustrophobic, particularly the locked room which opens itself, which turns the generator off and closes Arthur in darkness. The film becomes more harrowing the more you put yourself in Arthurs shoes, and his efforts to shake this ghost off. The writer puts many chilling additions into the story, an example being the tin soldier's re-appearance. One is eager to learn the meaning of it all. The fact we never really learn that much about the widow, leaves more to the imagination and makes it all the more unsettling.<br /><br />The widow for the most part, looks vicious and intimidating. The scene after winding the generator sent the chills down me, a woman who appears out of nowhere on isolated marshy land with a howling wind  having been on such properties myself I can appreciate how isolating this is. And the scene in the inn was perhaps the most horrible things I've seen, one I don't wish to watch in a hurry or show to elderly relatives. I have often woken up at night thinking she was behind me in my sleep.<br /><br />The Woman In Black is a great TV movie and a lost gem. I agree to some extent the Internet hype for this film has been totally overblown and can see why people were disappointed after spending the best of £50 on it, but I think the net has defeated hidden gems because it makes films like these over-exposed. I think it's still brilliant and fantastically acted and I consider it the greatest ghost story of the last century.",positive
"The script for ""Scary Movie 2"" just wasn't ready to go. This is a problem with the film that is blatantly evident, to the actors and the audience alike. Director Keenan Ivory Wayans, and many of the actors are funny people; and so the movie isn't completely humorless. To their credit, the film has several funny moments. But as a whole, ""Scary Movie 2"" is not even close to being as clever and amusing as the original.<br /><br />The first ""Scary Movie"" was a laugh a minute film. It turned the smallest subtleties of the slasher film genre into comedic gold. The humor in ""Scary Movie 2"" is as heavy handed as it is un-original. They even miss obvious opportunities for parody. Two of the movies stars are former cast members of ""Beverly Hills 90210,"" and this was a show that was begging to be parodied! In the final analysis, ""Scary Movie 2"" is like a fine bottle of wine that was opened far too soon. The script needed a lot more time to age. 2 stars out of 5.",negative
"This movie have 4 parts and every is around 170 minutes long. Its based on true story of life of Joe Bonanno and it is telling all how he did see. So in some events we can notice that we heard different about it. Movie make you tied up for chair till the end, i think it is possible to watch all 4 in a row, and not notice i watched 2 in a row and 2 next day in a row. Acting in movie is OK in some scenes awesome but in general could be bather, but this movie is not about acting or special effects and glamor, this one show real thing and story is key to this movie. So the one who look for same spectacular Rambo/matrix/titanic movie you can skip this one. Good thing in movie is that follow the main story so you will not have long and boring love scenes or any different interrupt with something not important to crime business of Bonanno.",positive
"Mmmm, a previous summary says ""if you like aliens and predator you will enjoy this film"" i could not disagree more, this film pays no respect to its weighty lineage and has reduced two of the best loved sci fi strands to little more than a teen horror slasher movie, it has none of the tension or foreboding present in previous alien or predator movies and there is no discernible lead character, i really did not care about any of the characters and i positively yearned to see the stereotypical cast die as soon as possible in the vain hope something better would replace them, it really takes super human incompetence to have two of the most fearsome creatures ever invented positively fail to make a gripping thrilling movie, only watch this if you want to see how NOT to do it.",negative
"Recently, a friend and I were discussing educational and ethical influences when we were growing up in the 1950's versus today. She mentioned Samuel Taylor Coleridge, who, in 1798, wrote The Rime of The Ancient Mariner. Both of us had been required to recite parts of the epic poem in high school and in English Literature courses in college. My friend said, ""Its messages even might be called metaphysical within today's context."" <br /><br />We tried reciting it and only remembered bits and pieces. (I have problems remembering Dr. Seuss.) I said I'd get two copies of the poem so each could read it. That was easy enough, but I was extremely surprised to find it had been made into a film. We looked forward to watching the film to see how it had been interpreted. After all, The Rime of the Ancient Mariner isn't exactly light reading. After each had read the poem, we watched the film together.<br /><br />We considered the film a remarkable achievement, especially considering it was made in the 1970's, before computers, before the so-called ""Ken Burns effect,"" and before special effects too often began compensating for a lack of substance. Particularly noteworthy are the 19th and 20th century illustrations culled from ""lesser known artists,"" such as Willy Pogany, the early Hollywood designer. <br /><br />The film is narrated by Sir Michael Redgrave, whom had taught the poem when he was a schoolmaster, adding a tone of authority and credibility in remaining true to the poem. <br /><br />Its mastery is in the layers of subtle messages, conveyed without ""instructing,"" or becoming an oppressive and obvious morality tale. We found it such a refreshing change from today's 'in your face' and 'clobber them over the head' mentality. Most of today's morality messages in film are two-dimensional: extreme violence, murder and mayhem mark the bad. The bad are really, really, bad, and good are super heroes. It is as if human character lacked any nuance. The Rime of The Ancient Mariner is a celebration of the individual, of character, of an appreciation for celebrating all the richness life has to offer, within the larger context of humanity, i.e., man's capacity to give to others. <br /><br />Proud of ourselves for having found this ""unknown"" gem, we then learned it had won the top award in its category five out of six times at ""name"" international film festivals. Another surprise was learning the film's director, Raul daSilva, is a recognized authority on early animation, and authored six award winning books about film. <br /><br />This film's message is just as relevant today, if not more so, than when Coleridge penned the original epic poem and when Raul daSilva translated it to film. If I still was teaching high school, which I did for five years, I'd grab this one and show it to all my students. There's a level of richness here that naturally leads to discussion about the big and important issues all of us face, whether in 1798, 1978, or today--in fact, as long as humanity has a spiritual component.<br /><br />Highly recommended.",positive
"There's so many negative reviews about ""Stay away, Joe"" in here I just can't stay quiet any longer and let this injustice happen. Here's a side you haven't heard yet.<br /><br />Elvis Presley's movies are my guilty pleasure for a simple reason: they are perfect films for a pure relaxation because I don't have to think when I watch them. That means I don't have to worry about missing a complex plot because there never is a proper plot to start with. I can just kick off my shoes, grab a beer, sit back, switch off my brains and enjoy all the general wackiness and catchy easy-going rock n' roll tunes from the grooviest decade of them all.<br /><br />In my books ""Stay away, Joe"" definitely falls into the ""so bad it's good""-category. Now if you're like me and appreciate ""the trash value"", this is the ultimate 1960's camp experience. It's so bad that it's almost surrealistic to watch and just when you think that it can't possibly get any worse it surprises you in the most imaginable ways. In the end you're so amazed by all the new levels of stupidity you just don't know whether to laugh or cry. In a nutshell: I love it because it's so damn amusing that there once was a generation that actually made films like this. I still give it 1 out of 10 though - once it hits the bottom 100 it will became an instant bad movie classic.",negative
"There wasn't a 0 in the voting option so i was compelled to use the next available figure.<br /><br />It is a sad day for bollywood when such type of movies which have star-cast actors is nothing more are than a bunch of juvenile acting, and an awful script.<br /><br />This movie is nowhere near to be called a clone of Hitch. Salman khan with his usual take-off-you-shirt theme and Govinda with his in-humorous laughs. If somebody had told 2 decades ago that I would be writing a comment on Salman (after his success with Maine Pyar Kiya), I would have written him/her off.",negative
"Why oh why don't blockbuster movies simply stick to their selling point? Everyone in the cinema, young and old, was there to see talking animals make jokes, and whilst they did that we were all happy... And then, as with Lost In Space, came the two killer blows - plot and sentiment. Who really cared what happened to the tiger or whether Eddie Murphy made up with his daughter? Not me, that's for sure.",negative
"I saw this back in '94 when it was finally released. Apparently because Orion pictures was in bankruptcy, I think, the movie had not been released a couple of years earlier.<br /><br />I have problem remembering details partly because I haven't seen it in a long time, but I do remember it as a very dull movie. I kept debating whether to walk out of it. The store was not at all interesting or engaging. Was a 3rd rate America Graffiti imitation. <br /><br />None of the performances make it worth watching either. One of the biggest disappointments since a local newspaper reviewer gave it a high rating.",negative
"There are some things I will never understand; why underwear comes in packs of threes when clearly thats not enough is an example. Similarly, I will never understand this film, and that is brilliant. If you approach this film expecting an actual movie, you might as well be approaching Satan expecting a hug; although that may well be possible if you greet this film's Satanic figures. Take Pitch for instance; the most ineffectual, camp, unhellish portrayal of a devil since Freddy Mercury and Wayne Sleep joined forces to create a ten foot Satan costume from red body paint and horns covered with condoms. However, it does create some of the most hilarious moments of any film ever. Seriously, this is no understatement. The same can be applied to every other character, bar the little girl who acts so sickly innocent she's probably overcompensating for some serious crime she's part of. Then again, if Santa's inter-space recon station is real, there is no chance she could have avoided him this long. Put simply, if you haven't seen this movie, you cannot consider yourself a serious buff. The achingly funny characterisation, acting, concept, and almost-under-the-radar racism makes this a must see above any film to date (if you're after pure laughter that is).",positive
"Uzak (2002), a Turkish film shown in the U.S. as ""Distant,""<br /><br />was directed, produced, written, and filmed by Nuri Bilge<br /><br />Ceylan.<br /><br />This movie is a gritty and somber version of the clash between a ""city mouse,"" Mahmut, played by Muzaffer Özdemir, and a ""country mouse,"" Yusuf, played by Emin Toprak. <br /><br />Both men are superb actors, and the plot allows them to demonstrate their acting skill. (Tragically, Emin Toprak died in an automobile accident shortly after the movie was completed.)<br /><br />In most country cousin/city cousin tales, the contrast between rural and urban life styles is portrayed in a humorous fashion. In this film, there's little humor or even warmth. Both men<br /><br />have lost touch with human society. Mahmut 's work as a<br /><br />commercial photographer for a tile company gives him no satisfaction. He has divorced a woman he clearly<br /><br />still loves, and has no satisfying human relationships.<br /><br />Mahmut has lost his job because of a factory closing in his small town, and doesn't have the skills or the energy to find work in the city. His human interactions are primarily confined to silent observations of the other people who cross his path. He's clearly a warm and caring person, but can't express these qualities in an urban environment.<br /><br />The cousins don't relate well to the world, and they don't relate well to each other. Neither makes an effort to act in a way that would provide an opportunity for bonding or closeness. <br /><br />In a sense, this film portrays an opportunity wasted. <br /><br />Conceivably, each cousin could have provided at least part of what was lacking in the other's life. Instead, they steer parallel unhappy courses. The two men are distant throughout, which is a situation suggested by the film's title.<br /><br />One of my friends mentioned the masterful way in which Ceylan builds detail upon detail. These details ultimately tell us more about the characters than we might have learned by simple exposition.<br /><br />Uzak was shown as part of the Rochester Labor Film series. It's not a ""labor film"" in the traditional sense of that genre. It is a labor film because it demonstrates the harmful effects of unsatisfying work (Mahmut) and unemployment (Yusuf).<br /><br />This is a quiet, absorbing, dark film. Although it doesn't make for happy viewing, I walked out of the<br /><br />theater realizing that I had seen a truly creative and<br /><br />important movie. This film is worth finding and seeing!",positive
"You know that mouthwash commercial where the guy has a mouth full of Listerine or whatever it is and he's trying really hard to keep from spitting it up into the sink? That's a great metaphor for this movie. I kept watching, even though it was really difficult. But keeping mouthwash in your mouth will leave you with a minty fresh feeling. This movie left me with a bad taste in my mouth. I should have spit it out when I had the chance.<br /><br />The premise is corny enough to be fun. For the first time in like a thousand years, Gargoyles have returned to Romania, and all of the priests who knew how to fight and kill these things are long dead. It's up to Michael Pare and some other secret agents to get to the bottom of things before the Gargoyles run amok. Unfortunately, the premise is completely lost in bad dialog and less than enthusiastic acting on the part of the human leads. The best acting is done by the CG Gargoyles.<br /><br />In the end, this movie feels like a poor man's Van Helsing. If you check your brain at the door, this might get you through a dreary Monday night. I gave it 3 out of 10 stars.",negative
"THE ATTIC starts off well. The somewhat dreary story is helped greatly by the two main actors and there's a semblance of a character study going on here but the film goes downhill fast when Carrie Snodgress' character buys a monkey. Not one of those cute little monkeys. She buys a real big chimpanzee!!!<br /><br />This sudden plot device basically kills the movie. It's just not conceivable for a woman like the one Snodgress plays, who has a hard time doing anything because of her domineering father, for her to, out of the blue, buy a chimpanzee. I mean, come on! Forget about it!",negative
"i actually thought this is a comedy and sat watching it expecting to laugh my ass off. pretty soon in became clear this is no comedy, or at least not a 'Jim Carrey type' one. what kept we watching was the characters - the movie starts with some pretty grim, troubled people, gathered together to try and fight one of their basic fears - fear of water, fear of swimming. we start to get bit by bit into their lives, witness their troubles, guess of their thoughts.<br /><br />actually i made it look much darker than it actually is, and besides the chain of events soon brings some light and hope to their lives.<br /><br />i probably wouldn't have watched the movie had i known its not a comedy but rather a drama, but i had good time, enjoyed the story and don't mind i spent about 90 minutes with it.<br /><br />many films treat the alienation between people in the western world, this movie shows how people can get together and help each other<br /><br />""and if in the light of dying day you meet her, don't let her pass you by and leave, don't loose her, she is your gift from the sun...""<br /><br />9/10<br /><br />peace and love",positive
"I don't expect a lot from ghost stories, but I do expect a story to make a bit of sense! Is that asking too much from the screenwriters and filmmakers? When the bad guy, all of the sudden, becomes a homicidal maniac solely because a bunch of crows start pecking him, then I have a problem spending $9.00 for a ticket! Alfred Hitchcock would be spinning in his grave. Didn't anyone learn anything in their college Film 101 class? A good movie has at its roots an INTERESTING story!<br /><br />Here are some of the ridiculous messages in this movie: If you have desperate financial problems move from Chicago to the middle of no-where in North Dakota to grow Sunflowers (I kid you not!). If your toddler has serious neurological problems from a car accident move away from some of the best hospitals and speech therapists in the country to an isolated small town, which, at best, has a community hospital. Hire a drifter to live & work with you, out of the blue, without checking any references, when you have a teenage vixen daughter, a wife and toddler. ( I'm glad they're not my parents!) <br /><br />A town where everyone knows everything would have no problem missing a triple homicide, just outside of town. And, of course, blame the man's lunacy on a bad crop of Sunflowers! (Doesn't anything else grow in North Dakota?) A couple of days after you buy your rundown house - with huge vines growing everywhere - that it reminds you of Jack and the Beanstalk, a guy from the X-Files, ala Smoking Man, (I'm glad to see the cigarettes didn't get him, I guess he doesn't inhale!) will just suddenly sneak up on you while you're working to offer you the sale price of your home, plus 15% more, for absolutely no reason!<br /><br />I think you get the picture. I have seen so many godforsaken awful movies in the past month, it just blows my mind! Is it that difficult to make a movie that doesn't treat the audience like an idiot? I'm glad at least the crows in this sorry film turned out to have the some brains! I wish I could say the same for whomever thinks they are going to make money off this celluloid piece of trash!",negative
"Trapped: buried alive brings us to a resort that has just opened, and is soon to close.<br /><br />We start with a guy in gear blowing up drifts, to avoid the possibility of avalanches. somehow, that doesn't make sense. anyways, he's about to blow away one particularly big one, when he notices the resort is open. despite his best efforts, higher authority tells him his day is over.<br /><br />soon, as everyone expects, an avalanche hits.<br /><br />Look, i'm not gonna reveal any more, all i can say is this was a B-movie designed for the family channel (which i just saw it on, and the fact it had no commercials proves it's a B-movie) anyways, it's a pretty decent film, but it's partially unreal.<br /><br />firsthand, when people are buried by ice and snow, they're buried. not just traced by powder. or, what about a CD for a screwdriver? it's not possible. and finally, what i can't stress enough, is that an explosion cannot stop a avalanche, guaranteed.<br /><br />furthermore, it's worth a rental or a TV viewing, but not owning. 7/10.<br /><br />The movie is rated PG, but maybe it should have received something a little more strong. a boy nearly loses his foot in an elevator, but his leg is cut around the ankle, a guy is toasted by electricity and diesel, and in the weight room, dead people are laying around.<br /><br />enjoy.",positive
"Incarcerated train robber near Yuma breaks free his chain-gang and heads for the retired sheriff responsible for killing his wife (as well as a hidden stash of gold which remains hidden thanks to the screenwriter). Attempt to bring the western genre up-to-date with 1970s-style violence and brutality isn't even in the same league as some of the new-fangled westerns which came out of the late-'60s. It is impossibly simple and square, with the female characters merely around as punching-bags and possible rape victims. As the former sheriff back in command, Charlton Heston gives one of his laziest, least-inspired performances ever (he has one good moment, attempting to read a letter and fumbling for his glasses). James Coburn, as the half-mad half-breed, is pretty much on auto-pilot as well, but Coburn has a way of turning even the hoariest dialogue and situations into something prickly and unnerving. It's his show all the way. *1/2 from ****",negative
"The quality you're likely to remember after viewing The Big Knife is how claustrophobic it is. It's pacing is sacrificed to a uniform texture of dialog. It's talky in the extreme. Modern viewers will feel every point has been made (and then some) but the movie will still not move on, or do the viewer a favor and change the scenery. It's very inert. At the 45 min mark I was sure I had watched two very slow hours. My beleaguered response was, ""Good God, where is this going?"" It feels like Odets was paid by the word...<br /><br />This is a good place to note the decline of drama from it's high point in the 40s through the conceit-laden projects of the 50s and 60s until actual filmic merit was rediscovered in the 70s, only to vanish again. Here we get show-offy, conventional, emotional outbursts from Steiger, Lupino et al. and camera moves pre-arranged to meet over-practiced blocking. This is due to the rise of the Method; the regrettable trend of sacrificing every other merit of film, to grant actors their most selfish wishes. ""Great acting,"" ho-hum, has killed thought in movies.<br /><br />Jack Palance's forehead & pompadour retract and thrust forward every time he reacts to something. It's disturbing.<br /><br />This is awfully boring stuff.",negative
"Just bought the VHS on this film for two bucks, Did I waste my money! Hey, I dig Adam ""Batman"" West and Tina ""Giligan's Island"" Louise, but hello! This third rate production is a rehash of a dozen other biker films; crazed bunch of bikers psychos ride into a hick town, beat up everybody and everything, and then are defeated in the man by a dashing hero. Adam West looks the part as a hero, but he's missing cape, and his Batman uniform. Sorry, just isn't the same. Tina L. looks really nervous and frightened the whole show, but at least we know what happened to ""Ginger"" once she was rescued from the island...LOL! The bikers are a motley group, and known of them ever acted again or at least shouldn't have. Hell Riders is Hell to Watch!",negative
"Hugh (Ed Harris) is a hotshot, bachelor senator determined to run for president. One day, however, he happens upon an old high school classmate named Aggie. Aggie (Diane Keaton) is an accomplished and award-winning author with a lovely face and an independent spirit. Hugh is smitten. He convinces Aggie to become his fiancé. But, will Aggie have to sacrifice her principles of honesty in the world of politics, where things are not always what they seem to be? And, will she be able to withstand the rigors of a harsh media blitz? This is, mostly, a nice romance for those who adore tales of affection. Hugh and Aggie are absolutely in love and their banter and conversation are a good view. However, although the movie tries to show the political life in its reality, it doesn't completely succeed. Nevermind. The production values are high and the script is very elegantly written. With these advantages and the handsome personages of Keaton and Harris, those who sit down to the film will find it to be good entertainment.",positive
"Wonderful family film that should be a staple at Christmas time. It's a mystery to me why it isn't. A true lost film that I first encountered, flickering away on my old 19"" black and white RCA, when the Million Dollar Movie was still in vogue on Channel 9 in New York City. This Rudolph Mate directed fantasy should be nestled under everyone's Christmas tree. But it has never been released on home video. Too bad. I believe I saw part of it on AMC a few years ago, before they cut many of their older films from the rotation. TCM should take up the slack and play it at Easter or on Christmas Eve. Any movie with Santa, Aunt Bee, the Hostess Cupcake Lady, and an actor with the first name King, can't be bad. Ann Blyth as ""Sally"" is a bundle of energy. During her school years, she rushes over to the chapel to pray for St. Ann to help and give guidance to her mixed-up and financially strapped family. It works. So, after she graduates, she places a statue of St. Ann in her own bedroom. At one point the entire O'Moyne residence is moved to another address. I think this was done to put an end to a neighbor dispute between the O'Moynes and the dastardly fellow next door. Blyth is cute as a button. Edmund Gwen can play the reclusive grandfather in his sleep. All-in-all, this is a satisfying movie experience.",positive
"In Frank Sinatra's first three films, he was purely a speciality act: ostensibly playing himself, he merely shows up to croon a song during a nightclub sequence in somebody else's movie. In his fourth film, the very enjoyable 'Higher and Higher', Young Blue Eyes transitions into an acting career by playing an actual role ... a task made easier because he's playing himself in a fictional story that gives him a chance to croon a few numbers.<br /><br />Sinatra's entrance is quite funny. Michele Morgan hears a knock at the door, and asks who's there. From outside, a Hoboken-toned voice answers 'Frank Sinatra'. Sure enough...<br /><br />The opening credits of 'Higher and Higher' may confuse some viewers, as the names of songwriters Rodgers and Hart are prominently displayed. In fact, they only contributed one song to this musical: 'Disgustingly Rich', which this cast manage to toss off as a sort of intro to an entirely different song, 'I'm a Debutante'. Interestingly, that Rodgers & Hart song -- one of their weakest -- is perhaps the least enjoyable song in this movie's score; several others are lively up-tempo numbers, notably 'It's a Most Important Affair', 'When It Comes to Love, You're On Your Own' and 'I Saw You First'.<br /><br />Sinatra's good in this movie, but he would do better work (and sing better material) elsewhere. The real merits of 'Higher and Higher' are the delightful turns by some performers who rarely made films. Paul and Grace Hartman were an extremely popular husband-wife dance team who starred in several Broadway revues: genuinely graceful ballroom dancers, they put plenty of physical comedy into their dance material. (Here, Grace does a high kick that knocks a shoe out of Paul's hands.) Grace Hartman, who died of cancer at age 48, did almost no film work, so it's a real pleasure that this film gives us a rare chance to see her close-up, to hear her beautiful singing voice and to notice how sexy she looks in her maid's uniform. After Grace Hartman's death, her husband had a long career as a character actor, just occasionally dancing solo. (Or alongside Ken Berry in one memorable episode of 'Mayberry RFD'.)<br /><br />Also quite attractive in a maid's uniform here in 'Higher and Higher' is the vivacious teenage singer Marcy McGuire. Why didn't this talented girl make more movies? Perhaps she was just a bit too similar in personality to Betty Hutton. I enjoy Hutton's performances but I like Marcy McGuire even better. Near the end of 'Higher and Higher' there's an amusing bit of physical business featuring McGuire and Mary Wickes as waitresses, taking it in turns to move from table to table in a nightclub. The alternating strides of short McGuire and tall gawky Wickes are hilarious! Regrettably, although Leon Errol plays a large role in 'Higher and Higher', he is given almost no comedy business: not once does he do his famous rubber-legged dance. Jack Haley, despite his prominent billing, is also wasted.<br /><br />Very well-represented here is Dooley Wilson, inevitably remembered as Sam from 'Casablanca'. In that film, Wilson did his own singing but faked his keyboard performance of 'As Time Goes By'. (In real life, Wilson couldn't play piano.) Here in 'Higher and Higher', he sings pleasingly and gives some amusing reactions to the other players. Less enjoyable is Mel Odious, I mean Mel Torme. Victor Borge gives a rare film performance here, handling his dialogue deftly but never doing any of the keyboard comedy which he later did successfully in his stage shows.<br /><br />The plot? Forget it. 'Higher and Higher' is nobody's idea of a 'great' musical, but it's an enjoyable delight, and I'll rate it 8 out of 10. Director Tim Whelan, who worked in Britain as well as in Hollywood, deserves to be much better known.",positive
"I really wanted to like The Pillow Book. Intriguing story, interesting character outlines, Ewan Macgregor in the utterly glorious altogether. Unfortunately, I hated every minute of it. Greenaway got so enamoured with presenting the movie uniquely, and not to the film's benefit. I won't even get into Vivian Wu's abysmal acting.<br /><br />You get distracted from the story with 4 billion teeny windows and calligraphy that rolls on the bottom of the screen displaying the lyrics of the music that's playing. It seems he lost sight of presenting the actual story and developing the plot, and got entangled with foo-foo embellishments that have nothing to do with anything. It's a bit like presenting a John Singer Sargeant portrait in a chintzy Hallmark frame that says ""GRANDMA LOVES ME!"" in big sparkly letters.<br /><br />This movie seems to be a casualty of the director auteur's ego instead of what it could have been - disturbingly and horrifyingly beautiful. In another director's hands (Jeunet? Coppola?), it could have been a masterpiece. In Greenaway's hands, it's best relegated to fine arts classes that also take themselves too seriously.",negative
"This should be re-named ""Everybody Loves Sebastian"". The 1983 rural go-nowhere town high school junior (or senior? - they seemed to flip flop on that one) with weird hair and ""Leo-like"" good looks has a big plate full of issues. His step-dad announces definite plans to have a sex-change operation, upon which his mom calls the marriage quits; Sebastian is called the ""f"" word by everyone and their mother, all-the-while ""kissing around"" with various girls, getting high on Ready-Whip at a supermarket, and saving a ""strawberry"" prostitute from the clutches of her ruthless pimp.<br /><br />Sebastian's ""buddies"" make Eddie Haskal look like a choir boy; bad association doesn't get much worse. Sebastian seems to go for ""Harold's"" suicide attempts record (although he won't admit suicidal tendanccies). For no apparent reason the genius level SAT scoring Sebastian MUST graduate a year early, although he has no clue about the future, nor does he want to attend college (what gives with this nonsense?).<br /><br />This film is a look into a few weeks in the life of someone who is PRETTY MESSED UP. The final scene suggests that things will be alright, although the HOW is left entirely up to the viewer.<br /><br />The makers of this film seem to bank solely on the undisputed appeal of the very attractive male lead. The ""story"" leaves a lot to be desired. Looking for ""what will this gorgeous kid do next...?"" doesn't exactly satisfy. The lackluster production values just don't measure up to other films, independent or otherwise. A low budget and weak story need more than a pretty face to carry it through. The ""results"" of this project are forgettable and an insult to intelligent cinema fans.",negative
"Ladies and gentlemen: the show begins with this documentary film. It's structured in three chapters, each one chronologically arranged. The first presents the classical physics and links to Einstein. The second studies in depth the quantum physics and enters in String theory. The last reveals the Everything theory... The difficult concepts used here are introduced in a very simple way, with daily objects; although you must believe them without checking by yourself -if you are not a scientist- (and even if you are a scientist!!). The film is not a masterpiece by its fabulous technique or the way it's produced; what really imports is the story, and WHAT A STORY!!!",positive
"**WARNING: POSSIBLE SPOILER**<br /><br />If you can get by the extremely unpleasant subject matter, this film does offer a heaping helping of outrageously campy melodrama. Surprisingly enough, this movie has been copied and ripped-off several times over the years, although it's hard to fathom ANY filmmaker being inspired by this trashy drama. Neither one of the Hemingway women can act here (although Mariel HAS improved over the years), Anne Bancroft offers the only touch of class as a prosecuting attorney, and Chris Sarandon is by turns pathetic and unintentionally hilarious as the smirking, smarmy bad guy of the piece.<br /><br />Veteran director Lamont Johnson can't make a silk purse out of this sow's ear of a script, which is stuffed to bursting with howlingly bad dialogue and outlandish situations. For example, the final sequence, where Margaux grabs her shotgun and chases Sarandon down after his latest shocking act is meant to be exciting but elicits hearty chuckles instead. Add a notoriously shrill and spacy musical score by Michel Polnareff and you have a true guilty pleasure, even though you're likely to feel grubby and needing a hot shower after viewing it. Don't say you weren't warned.",negative
"Watching QUINTET is not unlike watching a group of people playing a word game in Portuguese, or some other language you do not understand. You get the idea that they are playing a game, and if you watch closely enough, you may just begin to understand the rules. But, why bother, since it is clear you can't join in and you wouldn't want to if you had the chance.<br /><br />Director Robert Altman is not one to beg an audience to like his films, let alone understand them. Sometimes he lets you slip into the picture to be a part of the crowd, like in M*A*S*H, NASHVILLE and A WEDDING, films so full of hubbub and orchestrated chaos, one or two more bodies in the scene wouldn't make much of a difference. And other times, he seems to resent the fact that someone might even be watching his film; as in IMAGES or THREE WOMEN, where the stories are almost personal monologues made for an audience of one, Altman. With QUINTET, Altman seems to purposely dare anyone to become involved with the narrative. <br /><br />You can't depend on Altman to do the logical or the expected, which is sometimes the thing that makes his films so remarkably iconoclastic. But sometimes doing the unexpected isn't daring, just dumb. For instance, in QUINTET, we are introduced to a young woman who is apparently the last person on earth capable of getting pregnant, and she is, indeed, with child. This last ray of hope in a decaying society is almost immediately extinguished; Altman doesn't even wait until the end to play his last depressing card in this elaborate nihilistic and pessimistic tale. He lets us know how empty and meaningless life is right off the bat. Brave? Maybe. Stupid? Definitely. Devoid of a purpose, he tries to build a story on a rapidly melting iceberg, all the while reminding us how pointless the effort is. <br /><br />For the record, QUINTET, can at least claim to be prophetic. The story is centered on a treacherous game played by the various bored characters. It is a form of TAG (the assassination game): a handful of people target each other for elimination, each as a would-be assassin and each as a would-be victim. Two or more can form alliances to kill a third. As they die off, new targets are assigned. Whoever lives, wins. All of this happens at some exotic, inhospitable wasteland. It is, to a great extent, an extreme, sci-fi version of ""Survivor"" -- minus the commercial plugs and faked ""reality.""<br /><br />It is not a bad concept for a sci-fi epic. A post-apocalyptic setting, a microcosm of the world (the cast is pointedly multinational), a game where no on can be trusted or least not for long, and where no one really wins. Literally a cold war. A steely eyed director with a taste for dark humor and violent invention could have a field day. The mystery in QUINTET is not in the game or how it is played, but in why it exists it all. If the game ""Quintet"" is a metaphor for life, then Altman, seems to see nothing in the material but a chance to show life to be an empty, meaningless game -- a conclusion as obvious as it is untrue. Given the lively, albeit cynical nature of the rest of his diverse films, I don't believe that Altman believes in QUINTET either. And if Altman has no faith in his material, why should we?",negative
"I have to say that there is one redeeming speck in regards to this ""film"". It firmly establishes the bottom of the barrel. Now filmmakers know what to aim above when making a movie. Other than that I regret watching this debacle. What shameless abandon the making of this ""film"" was. What a waste of $100,000 (that's right folks, ONE HUNDRED THOUSAND dollars). This ""film"" reminds me of that ""Adult Video Awards"" show in which of group of ""industrial prostitutes"" stand up a praise themselves, believing that they are real actors, actresses and filmmakers. Ironic then how I've watched blue movies with better acting, directing and writing. I also found it funny that the Executive Producer, Justin Ament, just had to be in the ""movie"". He plays Deputy Jake Barker. I'm sure his ""acting"" career has taken off... Ted Pfiffer, the writer, has a part. He no doubt was wallowing in the clichéd glory he created. It should be noted that Carrie Finklea has a lead role in the movie. You might remember her from Gus Van Sant's 'Elephant'. Though I'm not too sure that she'll want to write this film on her resume. And I'm not sure which is a more depressing point; money was spent to make this film or people are going to watch it. Along with 'Torque', 'Godsend' and 'Sky Captain and the World of Tomorrow', one of the worst films, IF NOT THE WORST FILM, of 2004.",negative
"""Don't Drink the Water"" is an unbelievably bad film. It's based on a 1966 Broadway play by Woody Allen. It stars Jackie Gleason, the comic genius behind ""The Honeymooners"". The director, Howard Morris, has appeared in several Mel Brooks comedies (Life Stinks, High Anxiety, Silent Movie)and has made a mark in animation (characters he has voiced include Gopher from ""Pooh"", Jughead (Archie)and Beetle Bailey) What went wrong?<br /><br />I think the problem is that the premise is played out too seriously to work effectively. Allen's original play was tongue-in-cheek, which is why it worked on Broadway and in Allen's 1994 remake. The screenplay by R.S. Allen and Harvey Bullock beats the premise to death and makes too many changes from the original play. Making Gleason's wife an airhead in this version when she was a headstrong woman in the original is just one example of why this doesn't work.<br /><br />The acting isn't much better. Gleason does the best he can with the material, but he can't save this. Gleason was a comic genius , but also a fine actor as he demonstrated in ""The Hustler"" and ""Soldier in the Rain"". His abrasive personality could have worked here, but the lousy script doesn't even give him a chance. Too bad. Estelle Parsons' airhead wife will drive you nuts after 20 minutes. See how soon it'll take for YOU to want to strangle her. That is also a shame because she is also a fine actress, having turned in two exceptional performances in ""Bonnie and Clyde"" and ""Rachel, Rachel"" None of the other actors do particularly well either.<br /><br />Woody Allen hated this film so much that he remade the film in 1994 with himself and Julie Kavner (Marge Simpson) in the leads. They manage to hit all the right notes and the film itself is a comic masterpiece. It's finally on video after a long battle over rights. Do go out and find that version. All the 1969 original is good for is clearing out unwanted guests who overstay their welcome.<br /><br />1/2* out of 4 stars",negative
"''The 40 Year Old Virgin'''made me laugh a lot. I don't care if it is considered to be a very sexual comedy, I just enjoyed many of the jokes and scenes present in this movie. Steve Carell is perfect as the virgin nerd Andy Stitzer and I think the scene where Andy has his chest hair removed by wax one of the coolest, specially because it is real. Many of the actors and actresses present in this movie are well known or already famous,by the way.<br /><br />Andy Stitzer has a peaceful life. He is a little bit strange and collects lots of toys, but seems harmless. One day, while playing poker with his friends of his work, they discover that Andy is in fact...virgin! And he is already 40 years old! After this surprising revelation, all his friends are trying to make Andy sleep with a woman...the problem is the confusions in which Andy gets in,specially now that he is really starting to like Trish, a woman he met when she was buying a DVD player in the store he works at.",positive
"Early 80's creature feature concerns a long abandoned gold mine that some intrepid miners are determined to check out. Naturally, they find no gold down there but one very hungry monster that slithers along in search of prey.<br /><br />While I have to be honest and admit I found it dull at first (I personally prefer the thematically similar ""The Boogens""), it actually grew on me as it went along. Now, the characters aren't too interesting nor the actors either. The closest to an interesting character is Morgan, played by Keith Hurt. In any event, female lead Terri Berland is quite good looking and Rolf Theison makes his domineering jerk an easy person to hate. The writer played by effects man Mark Sawicki wears thin quickly.<br /><br />It begins in a comfortably predictable enough way, with a nighttime set piece in which two victims are claimed to get things off to an acceptable start. The monster itself is intriguing for its design (as you can imagine, it gets revealed a bit at a time until late in the game) and for being the product of stop motion animation when this process was no longer used very much. Director Melanie Anne Phillips (directing under the pseudonym of David Michael Hillman) and crew deserve some credit for their creation of atmosphere. They manage to make the film look quite claustrophobic and gloomy, and their use of lighting works well. The film does build in intensity towards a pretty good ending. Suffice it to say, they do the best they can on their low budget.<br /><br />An obscure little item worth looking into for die-hard horror buffs.<br /><br />7/10",positive
"I like this film for several reasons. I have a soft spot for films about intricately plotted criminal plots like TOPKAPI. I also enjoy films (like TOPKAPI and BIG DEAL ON MADONNA STREET) that spoof the the genre. One of the best ones is DISORGANIZED CRIME.<br /><br />Corbin Bernsen has met four cons over the years, and he decides they can all be useful in a bank robbery he is planning in a small Montana town. But he hasn't given any details on the crime to the fellows, nor do they really know each other at all. Shortly after he sends for them Bernsen is arrested by two New Jersey policemen (Ed O'Neill and Daniel Roebuck) whom he escaped from before and have a warrant to bring him back. While he is in their custody the four cons (Fred Gwynne, Lou Diamond Philips, Ruben Blades, and Will Russ) show up without a clue about why they are there except that Bernsen was planning something. <br /><br />The first twenty minutes of the film deal with the four cons slowly getting used to each other, with Gwynne and Philips managing to push away their own suspicions to figure out they have to trust each other. At the same time we see Bernsen patiently waiting for the right moment to escape from O'Neill and Roebuck again - not too difficult as they are not the brightest bulbs who ever existed. The result are two sets of plots that will keep juxtaposing against each other throughout the film: the four cons trying to figure out what Bernsen's scheme was, and how to put it into operation, and Bernsen trying to maintain his own freedom from his pursuers and regain his cabin (and hopefully find his gang there for him to take command of). There is also a third, smaller, plot involving the growing annoyance and anger of local Sheriff Hoyt Axton against the idiots from New Jersey who keep getting into his hair.<br /><br />There are many delightful moments in the film, such as Axton, egged on by O'Neil and Roebuck, into surrounding a house in the town that Bernsen is supposed to be hiding inside of, and yelling (through a megaphone, ""Come out, we have you surrounded!!"", only to have the scene switch to a huge, Montana plain that Bernsen is struggling and stumbling through miles from where the police think he is at that moment. There are moments of misadventures by our four cons, who fortunately put the oldest (Gwynne) into leadership position. This does not always guarantee anything. At one point their car won't start, and they have to thumb a ride by truck. Unfortunately it is a truck carrying manure.<br /><br />The conclusion with the gang successfully carrying out the robbery, including disabling all the police cars at the critical time (Philips specialty is cars) is also a gem of timing, suspense, and comic results. The film is very entertaining, and certainly worth watching.",positive
"I loved it, it was really gruesome and disgusting. I thought that the tearing of the human flesh was thoroughly provacative. the way that it was depicting the human crucifix about Jesus Christ was really interesting. The tearing about limbs and jaws was awesome brutally gruesome. Don't watch this if you have a weak heart, you wouldn't be able to stand it.",positive
"What can I say? I think I have to write ""Spoiler alert"" and then ""reveal"" they used the F-word a LOT in this movie - like in every two sentences. I did not like this movie at all - too much hints on sexual perversions, sidesteps and cheating. And that swearing was totally out the window. I gave this movie ""3"" and two of those points are for Mira Sorvino's sexy movements on the dance floor.",negative
"This is what we can do to each other. This is the sort that everbody should see at least once.<br /><br />It does not glorify world. It shows that it is the everyday person who is killed, mained and debased by war. The person on the ""other side"" eats sleeps, laughs and cry just as we do.",positive
"Repugnant Bronson thriller. Unfortunately, it's technically good and I gave it 4/10, but it's so utterly vile that it would be inconceivable to call it ""entertainment"". Far more disturbing than a typical slasher film.",negative
"I am glad to read so many negative comments about the Tritter plot. Everyone I talk to says the same thing. They like House's gruff nature and his intelligence, but really dislike the vindictiveness of this continuing plot. It cuts into the real nature of the hospital story and makes everyone angry at police authority. It needs to have a more caring nature instead of the vindictiveness to everyone at the hospital. Also, there seems to be many questionable legal aspects to what Tritter is actually doing. He alone cannot freeze accounts and have the authority to stop doctors from writing prescriptions for patients. A lot of the vindictiveness he is showing also is hurting the very sick patients at the hospital and the is not a good storyline to portray. I voted the episode awful not because of the story itself, but when you insert the Trittor piece it turns me off and the rest of the plot gets hurt by it, People say they hate to watch the story lines anymore. Please change it. Get Tritter out.",negative
"Footlight Parade is among the best of the 1930's musical comedy extravaganzas. A snappy script and an all-star cast including Jimmy Cagney, the lovely Joan Blondell, Dick Powell, and Ruby Keeler make this film a cut above the rest. Directed and choreographed by the creative genius Busby Berkeley, this film will have you grinning from ear-to-ear from start to finish.<br /><br />Busby, of course, is the undisputed master of the Hollywood musical with ""Gold Diggers of 1933"" and ""42nd Street"" to his credit (as Dance Director). Footlight Parade is graced by hundreds of scantily-clad chorus girls, a Berkeley trademark. The elaborate dance numbers were shot with only one camera and Busby was the first director to film close-ups of the dancers. His obsession with shapely legs and ""rear-view"" shots is amply demonstrated here. The overall effect is highly erotic and mesmerizing.<br /><br />Our boy Jimmy Cagney plays Chester Kent, a producer of ""prologues"" or short musical stage productions that were performed in movie theaters to entertain the audience before the talkies were shown. He's surrounded by crooked partners, a corporate spy, and a gold-digging girlfriend. Although Cagney had a solid background in vaudeville, this was the first film in which he showed his dancing talents. Joan Blondell is memorable as Cagney's wise-cracking, lovestruck secretary. And Ruby Keeler is adorable, as always.<br /><br />The film climaxes with three outstanding production numbers, ""Honeymoon Hotel"", ""The Waterfall"", and ""Shanghai Lil"", each one a masterpiece and not likely to be duplicated in today's Hollywood where so-called ""special effects"" have replaced creative cinematography.<br /><br />Claudia's Bottom Line: Clever and erotic, with some of the best musical production numbers ever put on celluloid. A thoroughly enjoyable Depression era romp.",positive
"I am in a movie club at my school and I was forced to sit and watch this utterly dismal film. The film's story is not dismal, but the entire movie itself is exceedingly dismal. The acting was absolutely dreadful. The children were overly whiny. A metal pole could have done a better job. I wanted desperately to fall asleep, but because the television was so loud, I was kept from peace. The monkey's are neither cute, nor are they funny. The drama is laugh-worthy. I cannot remember when I saw a more dreadful film. The story is weak, thin, predictable, and completely fake. The adults try to be good actors, but they just can't seem to break through stereotypes. The girl even appears to want to leave the film via falling off a hill during the movie in order to leave it, I don't blame her. Micheal Anderson should publicly apologize for this film. Not just to me, but to everyone else who was forced to sit through this awful film. In fact, I apologize to you. Even if I had nothing to do with this project, I apologize for this film, because this means at least someone will. This film even surpasses the dismalness of films that of Rob Schneider and the Cheetah Girls. I would even go as far to say that it is even worse that Hilary Duff's collection of films, but that's pushing it. Just please don't see this film, or else you'll be pushed to write a review similar to this one on how awful this film is. I'm very sorry.",negative
"This ranks way up there on my top list of worst movies I've seen so far on Starz on Demand. They seem to pick up every straight to DVD crap-fest they can find and put it on here.<br /><br />Why? Who knows! Apparently anyone with a digital camera and a shoestring budget can come up with a horror movie and get it put on TV. To be honest, this looked terrible from the moment I saw the trailer--but I did give it a real chance.<br /><br />I always try to have an open mind about low-budget movies. Some of the best movies I've ever seen were films that worked around their low budget or in other cases only required that low budget to be great.<br /><br />This is not one of those movies.<br /><br />You know the plot by now, I'm sure, if you're reading this. Either you heard about it on Starz on Demand or for whatever reason you ended up on this page out of boredom. It's about a pathetic and whiny girl we get to know for all of 3 minutes in an incredibly bad ""heavy metal"" music video. Whoever put it together must have thought it looked really interesting, but it really, really doesn't. Anyway, she kills herself. Then she possesses someone. Then some killing starts. It's really unmemorable and as completely average and boring as possible. When the first gunshot goes off in her apartment it quite seriously sounds like a piece of popcorn popping. Was that the best sound effect they could come up with? I could find a better sound effect to use for free, (with no copyright,) on the internet... right. now.<br /><br />Don't let the other reviews claiming this is a 10 star movie fool you. They are obviously either distributors of the film or maybe even the director trying to con you into thinking this piece of junk is worth buying.<br /><br />Laughable.",negative
"This happens to be one of my favorite horror films. It's a rich, classy production boasting an excellent cast of ensemble actors, beautiful on-location cinematography, a haunting musical score, an intelligent and novel plot theme, and an atmosphere of dread and menace. It's reminiscent of such classic films as ROSEMARY'S BABY and THE SHINING, wherein young, vulnerable women find themselves victimized by supernatural forces in old, creepy buildings with a macabre past. Here, CRISTINA RAINES plays a top New York City fashion model named Alison Parker. Her happy, outgoing exterior masks a deeply conflicted and troubled soul. This is evidenced by the revelation that in her past, she attempted suicide twice- once as a teenage girl after walking in on her degenerate father cavorting in bed with two women and having him rip a silver crucifix from her neck and toss it on the floor, and the second time, after her married lawyer-boyfriend's wife supposedly committed suicide over learning of their affair. Telling her beau(played by a suitably slimy CHRIS SARANDON) that she needs to live on her own for a year or so, she answers a newspaper ad for a fully-furnished, spacious one-bedroom apartment in an old Brooklyn Heights brownstone. This building actually exists and is located at 10 Montague Terrace right by the Brooklyn Heights Promenade off Remsen Street. The producers actually filmed inside the building and its apartments, paying the residents for their inconvenience, of course. The real estate agent, a Miss Logan(AVA GARDNER), seems to be very interested in having Alison take the apartment- an interest that cannot be solely explained by the 6% commission she would earn. Especially when she quickly drops the rental price from $500.00 a month to $400.00. Alison agrees and upon leaving the building with Miss Logan, notices an elderly man sitting and apparently staring at her from the top-floor window. Miss Logan identifies the man to her as Father Halliran and tells Alison that he's blind. Alison's response is very logical- ""Blind? Then what does he look at?"" After moving in, Alison meets some of the other residents in the building, including a lesbian couple played by SYLVIA MILES and BEVERLY D'ANGELO, who provide Alison with an uncomfortable welcome to the building. Alison's mental health and physical well-being soon start to deteriorate and she is plagued by splitting headaches and fainting spells. When she relays her concerns to Miss Logan about her sleep being disturbed on a nightly basis by clanging metal and loud footsteps coming from the apartment directly over her, she is dumbstruck to learn that apart from the blind priest and now herself, no one has lived in that building for the last three years. Summoning the courage one night to confront her nocturnal tormentor, she arms herself with a butcher knife and a flashlight and enters the apartment upstairs. She is confronted by the cancer-riddled specter of her dead father and uses the knife on him in self-defense when he comes after her. The police investigate and find no sign of violence in that apartment- no corpse, no blood, nothing. Yet Alison fled the building and collapsed in the street, covered in blood- her own, as it turns out. But there's nary a mark on her. What Alison doesn't realize until the film's denouement is that her being in that brownstone has a purpose. She was put there for a reason- a reason whose origin dates back to the Biblical story of the Garden of Eden and of the angel Uriel who was posted at its entrance to guard it from the Devil. She is being unknowingly primed and prepped by the Catholic Church to assume a most important role- one that will guarantee that her soul, which is damned for her two suicide attempts, can be saved. At the same time, the ""invisible"" neighbors, who turn out to be more than just quirky oddballs, have a different agenda in mind for her. This is a competent and intelligently done film and one that surprisingly portrays the Church and its representatives in a mostly sympathetic light.",positive
"I didn't really expect much from ""The Night Listener"" and I actually never heard of it until I saw the cover in the videostore. However, the movie is very effective when it comes to building up suspension and tension. On occasion it drags a little, but it actually helps to keep you wondering what's going to happen and more importantly: when. As the movie progresses, the character played by Robin Williams gets dragged into some kind of ""cat and mouse"" spiel to the point where he becomes obsessed with finding out the truth and existence about a 14 year old abused kid that no-one seemed to have ever seen in person. The Night Listener is an interesting story, which is great in building up the suspense throughout the movie and you're pretty much kept in the dark of who is lying and what's real. However, in the end it kind of disappoints and doesn't live up to the potential it could have had. It doesn't really give you a detailed or plausible explanation about the other main character, which would have been helpful and interesting.",negative
"A family (mother-Patricia Clarkson, father-Jake Weber, son-Erik Per Sullivan) go out for a family get together in some remote house in the middle of winter. They accidentally hit a deer while driving there. This angers some of the locals--especially Otis (John Speredakos) and things slowly (VERY slowly) go wrong.<br /><br />I was expecting the worst when I started watching this. The bulk of the reviews for this, on this site, are extremely negative. Well...I disagree. First off it's NOT a horror film. The horror doesn't even begin until the closing 30 minutes. It plays more like a family drama with horror elements thrown in. On that level, it's pretty damn good.<br /><br />First--the bad stuff: The pace is WAY too slow; Jake Weber is a horrible actor; WAY too many false dream sequence scares; the wendigo barely figures into the film and the clear view we get of the wendigo at the end is laughable.<br /><br />The good stuff: Pretty good dramatic script; Clarkson is excellent as the mother; some great direction with eerie sound effects which are a little scary; a pretty explicit hot sex sequence between Clarkson and Weber (which actually is necessary for the integrity of the plot!); pretty good acting by Sullivan (only 10 at the time!) and Speredakos and a completely unexpected tragic ending.<br /><br />I think many people are annoyed with this film because it's being pushed as a horror film--which it isn't. So, if you can ignore that, I think you might like it. I'm giving it a 7.",positive
"This movie was seriously awful. The acting was the worst! It was worse than a student film. Super cheesy, and I think the worst actor was the old lady. At first I thought to myself, well it's an old movie. Then I remembered that that is no excuse! I've seen older movies with way better acting and such.<br /><br />The music was terrible to. It was really choppy. The editing was poor (most of the dialog was out of sync.)<br /><br />Overall, this movie doesn't even deserve a 1. I only watched it because I was so bored, and the movie hardly entertained me. It was just laughable. My dead grandmother's left pinkie toe could make a better movie than this.",negative
"DOCTEUR PETIOT, starring Michel Serrault, is a brutal story about a brutal man. A doctor who heals the sick in occupied France, even if their ability to compensate is not there. Yet, he preys on the weakest amidst the populace. The imagery and cinematography are superb, and lend an additional macabre feeling to this complex story. He is the perfect psychopath. Seductive and altruistic, intelligent and caring, calculating and murderous. A movie certain not to be forgotten soon by the viewer. Kudos to Mr. Serrault, for his chilling portrayal.",positive
"""Caligula"" shares many of the same attributes as the 1970 ""Fellini Satyricon"" with bizarre sights, freakishness, and depictions of sexual excesses all set in the ""glory"" of ancient Rome. But Fellini it ain't... First of all it is not as entertaining. Far too much screen time is devoted to bug-eyed, rubber-faced McDowell in the titular role. His performance is far too fey and campy to be convincing. The portrayals by Jay Robinson in ""The Robe"" (1953) and David Cain-Haughton in ""Emperor Caligula"" (1983) are far more persuasive and believable, with the latter being the most nuanced. Relief could have been judiciously provided by developing the surrounding characters more fully. As it is, they are little more than cyphers. One example is the role of Macro, played by Guido Mannari who has tremendous screen presence in an important role, but is mostly left in the background. The only positive features to credit are the adroit use of some Prokofiev and Stravinsky themes in the music score and the inclusion of some of the distasteful but nevertheless accurate actions of the despot. These two factors are far less than what is needed to relieve the prevailing tedium, however.",negative
"Johny To makes here one of his best style exercises, making a strong film with a good Yakuza's story. The election of the new Yakuza's boss is the beginning of a war inside the organization.<br /><br />In my opinion the violence is wise used in the context, making a very strong gangs film. I specially love the way he tells the history, moving around all the roles inside the Yakuza's family, and making that we see the violence, like the only way they have to solve their problems...<br /><br />Talking about, the technical aspects, the film is a good example of paused, rythmic and planified way of shooting a film. One of the Hong Kong Films of the year. Is like Infernal affairs, but without the easy action-violence scenes, and the confused storyline. Strongly recommended to all Asian films lovers.<br /><br />(sorry for my English, better do in Spanish lol)",positive
"This film really disappointed me. The acting is atrocious. Unbelievable. And it's about actors. The story is incredibly obvious: A group of independent actors stage a Passion Play and, in turn, they start to live out the lives of the characters they play. I've been watching a lot of movies lately, thanks to Netflix, and this is the first one I haven't watched all the way through in a long time. I felt I didn't need to see the end; we all know the end of this story.<br /><br />For some, it seems, this ""modernization"" of the Gospels is either sacrilegious or enlightening. I cannot speak to any of this as I wasn't raised in the Christian church. That being said, I was raised in the US and I live in an increasingly Christian culture. I'm curious enough about Jesus and about the modernization of the religion, for better or worse. I haven't seen Mel Gibson's version, but I'm guessing that those who liked that one will like this, except for the most conservative. I just wish this was a better film.<br /><br />Lots of these reviews praise Arcand's direction and especially the cinematography. I liked neither. The film itself is rather prudish and preachy. I didn't believe the characters' personae and I was never involved with their on screen lives. The play within the play is very much dated and would not, I think, carry it's own weight in a real time production. But that's beside the point. What I really needed for this to work would have been stronger development of the characters and the plot to support the philosophical and theological questions the film would like to be about. And the musical choices are obvious and unoriginal.<br /><br />There were two examples of this that come easily to mind. Firstly, there is a reenactment of the parable of Jesus driving the money lenders from the temple: the lead actor, who has fallen for the woman who will play Magdalene and who is also a model and dancer, becomes enraged that she must debase herself by auditioning for a commercial (with a wicked producer and plenty of panting men in the audience) with her pants off. He trashes the place and chases them all out. I guess this is the level that the film wishes to reach. The romance between these two is entirely arbitrary and not at all emotionally realized and the scene is played out like a high-school rendering of Death of a Salesman, i.e., not well. Please stop hitting me over the head with this high-handed ""significance."" The other is the relationship between the other female lead and the priest who has asked them to do the play and who, eventually, turns against them and betrays them to the nowadays-corrupt Church. Why. Why does she sleep with this guy. ""It brings him so much pleasure and me so little pain."" Ah, the saintly whore and the lovable old coot. It seems to be just enough for Arcand to signify but not worth the trouble to enrich and enliven these characters. They are going through the motions and I'm reaching for the eject button.<br /><br />Feel free to write me off as bored, jaded or just not interested. Feel free to watch this movie and see the Passion, in all its beauty, sadness and inspiration, delivered as an amateurish and gimmicky charade. Feel free to have all your preconceived ideas affirmed and see any shred of artistic integrity forsaken for monotonous drivel. But don't say I didn't warn you.",negative
"""Ripe"" is one of those awful indies which manages to get into circulation and give indies a bad name. Telling a stupidly incongruous tale of pubescent twin sisters who crawl from a firey car crash which kills their parents and then hit the road while happily shoplifting, making goo-goo eyes at some guy, and ending up on an Army post so dilapidated no Army would want it (yeah, right!). An apparent attempt at a coming of age flick, ""Ripe"" is an almost complete loser which wanders aimlessly as the players drift in and out of character finally ending clumsily with nary a shred of credibility to be found anywhere. Not recommended for anyone.",negative
"Okay, I absolutely LOVE Ben Stiller, although I am lukewarm about Jennifer Aniston. I do not think this girl can act in the least. Every movie or sitcom I've seen her in is very hard to get past her fake acting. It sounds like she is just standing there reading right off the script. This movie only had one good thing about it, and that's that Ben Stiller was in it. This plot is so used and abused it's ridiculous. How many movies have this same type of plot?? Can we say ""Forces of Nature??"" Not only is the plot so old, but the outcome is so predictable, it's boring. I knew everything that was going to happen before it did. It was a bore, but watching Stiller is always a delight!!!",negative
"The story-line of ""The Thief of Bagdad"" is complex, owing to its being told in flashbacks and having three separate and equally important strands woven together. The screenplay by Lajo Biros and the dialogue by Miles Malleson keep the story moving skillfully at all points.The young King Ahmad of Bagdad is angry at his vizier Jaffar for executing a man for having different ideas. He discovers while in disguise that people blame him for Jaffar's deeds and hate him. He is imprisoned by Jaffar, where he meets Abu the young thief. The two escape and take a boat to the city of Basra. There the companions spy when men clear the way so none will see the Princess of the city passing by. Ahmad falls in love with her and visits her in her garden. He tells her he has come to her from beyond time and wins a kiss. Then he is captured. When Jaffar comes to win the Princess of Basra for himself, Ahmad attacks the evil vizier who blinds him and turns Abu into a dog. Jaffar then asks for the Princess's hand, and he gives the gift of a mechanical flying horse to the Sultan of Basra. The blind Ahmad then tells his tale in the marketplace, accompanied by Abu as his dog. The Prince has fallen into a sleep and nothing can wake her. So Jaffar sends his servant Halima for Ahmad and the dog, in hopes the prince can rouse her. He does awaken her. She boards a ship to find a doctor to cure Ahmad, but she is captured by Jaffar who then throws the dog overboard. She then allows Jaffar to take her in his arms, on his promise to restore Ahmad's sight and turn Abu back into a thief. The princess sees a vision of Ahmad; he is in a boat; Jaffar sends a storm to beset him and Abu is shipwrecked on a deserted island. Abu finds a genie or djinn who wants to kill him now that he is free after many centuries spent imprisoned in a bottle. Abu tricks him into proving he really came from so small a vessel, then corks him in again. For freeing him, he gets three wishes. His first is for sausages. In the meanwhile, the Princess pleads with her father to refuse Jaffar; but Jaffar shows the Sultan a new mechanical toy, one of whose six arms stabs him to death. Abu makes a second wish, to find Ahmad. The cunning genie flies him to the goddess of the All-Seeing eye. Abu has to climb a great web to get to the gem that is the eye, battling a giant spider, then scaling the goddess's statue. Abu gazes into the 'eye' and sees Ahmad in a canyon. He has the genie take him to Ahmad. Ahmad uses the eye to see the princess. She smells a flower and forgets everything at once. Abu wishes they were in Bagdad, but the genie laughs and leaves; Jaffar tells the Princess that she is in love with him, omitting mention of Ahmad. Ahmad tries to fight his way to the Princess, but Jaffar smashes the 'eye'. Abu finds himself in the ""Land of Legend"", where the old men who rule want to make him their king. He steals a bow and a magic carpet and escapes instead, to hurry to save Ahmad and the princess. The thief arrives in time to save the young king from the executioner, using his bow from the flying carpet, to the wonder of the throng who had come to watch the execution. Jaffar tries to flee on the mechanical flying horse, but another shot from the bow finishes him. Ahmad is ruler again and plans to wed his Princess; but when he tries to make Abu his vizier, the young thief refuses, saying that what he wants is adventure, not hard work and confinement in a palace however grand it may be. This fantastic story was given a sumptuous production by producer Alexander Korda. The production was designed by Vincent Korda who was also art director, while Georges Perinal did the colorful cinematography. The directors credited are Ludwig Berger and Michael Powell, with Tim Whelan, Alexander Korda, William Cameron Menzies and Zoltan Korda participating. The extraordinary and numerous costumes designs were the work of John Armstrong, Oliver Messel and Marcel Vertes. The production, apart from its gorgeous and expensive-looking visual splendors, I claim is dominated by two other elements, the choral music of Miklos Rozsa and the performance by Conrad Veidt as the evil Jaffar. Rex Ingram plays the genie with a curious accent, plus his usual intelligence and power. June Duprez is lovely and effective as the Princess Mary Morris is a sad and beautiful Halima, and Miles Malleson a properly bumbling and avaricious Sultan. As Ahmad, John Justin appears to do most of what can be done with the part of a young prince in love and then some; he is memorably good in his winning role. This film has a spaciousness about it that is found, I assert, in other Korda works also. Its imaginative content stands in contrast to very-strong realistic sets, costumes and set-design elements. This is one of the most memorable idea-level fantasies of all time, worthy to be enjoyed over and over.",positive
"I was dragged to this movie about four years ago by a French actress friend of mine.<br /><br />For the first half hour I was sitting in my uncomfortable seat at the New Beverly theater in Hollywood, hating this film, hating myself and even hating the French actress. And then...<br /><br />I don't know what happened but I was pulled into the film in a way that I hadn't been in years. And this was despite the fact that one of the projectors broke and they had to do each changeover by hand. I was in the theater for close to four hours, but it was worth it. <br /><br />I believe that great movies pull you inside a world, make you a part of it and then drop you off to talk about with your friends over coffee or a drink. This film did that. It was one of the best filmgoing experiences I have ever had.<br /><br /> <br /><br />",positive
"As I sat watching this episode I kept glancing at the clock waiting for something to happen. As the hour wound down I thought they were really going to give us a big pop at the end, and then - nothing. The whole family is huddled around the Christmas tree like something from the Hallmark Channel then, fade to black.<br /><br />Perhaps one of the poorest season finales I've ever seen. Nothing at all to drum up any excitement for next season. The only thing thrown out as any sort of incentive to watch the next season was the ambiguous nugget offered up by Agent Harris while pawing a sub sandwich that the guys in New York were looking to get one of the guys in New Jersey. Wow, really? I would never expect something like that from mobsters, I'm on the edge of my seat.<br /><br />It almost seems like they're trying to get everyone to lose interest. They start more plot lines that end up just disappearing than any show I've ever seen. They tease and hint but rarely deliver any more.<br /><br />What's with the Arabs that hang out at the Bing? They keep throwing them in front of us and magically, nothing happens.<br /><br />Paulie knee caps some kid after Tony promised his mother that nothing would happen to her son and, poof, gone in the wind.<br /><br />And how many more meandering drug montages with Christopher are we going to have to endure? Please, have him get arrested or overdose or something interesting.<br /><br />This was one of the few shows that I used to looked forward to watching but now, forgetta-bout it.",negative
"I have never understood the appeal of this show. The acting is poor (Debra Jo Rupp being a notable exception), the plots of most episodes are trite and uninspiring, the dialogue is weak, the jokes unfunny and it is painful to try and sit through even half an episode. Furthermore the link between this show and the '70s' is extremely tenuous beyond the style of dress and the scenery and background used for the show -it seems to be nothing more than a modern sitcom with the same old unfunny, clichéd scripts that modern sitcoms have dressed up as depicting a show from twenty years ago in the hope that it will gain some nostalgic viewers or something like that. Both ""Happy Days"" and ""The Wonder Years"" employ the same technique much more effectively and are actually a pleasure to watch in contrast to this horrible, pathetic excuse for a show",negative
"I may be biased, I am the author of the novel The Hungry Bachelors Club, self-published in 1994. The screenplay was written by my good friend and hungry bachelor, Fred Dresch, who was the inspiration for the character Marlon in the film. I couldn't be more pleased with the trailer, I hope to see the film in its entirety and I will further comment. But Jorja Fox, who plays Delmar Youngblood, my character, is stellar. She carries the bulk of the emotional vehicles in fine form. I couldn't have done better myself! This looks like real people, hardly formula driven and thankfully drives my statement against racial prejudice home, gracefully and heartfelt.",positive
"This movie received a great write up in Blockbusters 'coming attraction' I was looking forward to the release date,08/07/02. The plot sounds reasonable, the cast alone should have guaranteed a side-splitter, but whoa there; apart from the 'off the wall betting events' this was quite a bore.<br /><br />This will never become a comedy classic, and I'm afraid it has done no help to the fine comedy reputation of John Cleese. Rowan Atkinson, now he was quite funny, in a Rowan Atkinson sort of way!",negative
"This movie is about a man who likes to blow himself up on gas containers.<br /><br />He also loves his mommy. So, to keep the money coming in, he takes his act to Broadway.<br /><br />SEE! CODY POWERS JARRETT BLOW HIMSELF UP ON HIS BIGGEST GAS CONTAINER YET! TONIGHT! 7.30PM! <br /><br />However, one day, his mommy dies and Jarrett goes berserk. He kidnaps the audience in the theatre and makes them all stand on top of a huge gas cylinder.<br /><br />Losing control further, he makes them all scream ""MADE IT MA, TOP OF THE CYLINDER!"" in unison.<br /><br />The noise is so deafening that it bursts Jarrets eardrums, causing him to topple from the cylinder into a vat of acid.<br /><br />This Warner Bros. movie is not all it's cracked up to be.",negative
"I think its time for Seagal to go quietly into the night. What I have just seen makes all his direct to video releases in the last few years look like his early 90's smash hits in comparison.<br /><br />A secret bio lab is making a new kind of drug that jacks up a human's adrenaline system to the point where they become psychopathic killers or something. Somehow Seagal is supposed to stop the infection or its the end of the world...or something. Seagal also went through hit squads like jellybeans, every time I look up he was commanding a new face so it kinda got hard to follow character development as well I know Steven's athsma prevent him from yelling at the top of his lungs but even so why is he constantly being dubbed by people who sound nothing like him? Usually the films plot and action sequences can save it from being a total waste of time but this was not even close. Like I said, it was more of a horror movie with a lot of blood and shank stabbing rather than straight up fighting. The problem was it wasn't really scary and Seagal looked completely out of place because the infected people were supposed to have speed of light movement yet the 40 year old 280 lb Seagal killed them all singlehandedly? I guess the lone highlight of the movie was the first 20 minutes where the new recruits ask Seagal to come to the strip club with them.<br /><br />2 out of 10",negative
"When you think of brilliant Australian comedy you don't think of Skit shows (Although I'm quite partial to a bit of 80's and 90's Full Frontal) or even Sitcoms - you think of SATIRE! Something that we Australians really know how to do well. (Eg: Front Line, The Micallef Program) We know how to take the pi$$, and The Chaser's War on Everything, is a classic example of how to do it, and how to do it really well. <br /><br />I've been a huge fan of Chris Taylor and Craig Reucassel for a long time. I remember listening to them on Triple J's afternoon show. They were, and remain, two of the funniest comedians around.<br /><br />Although I was sad when they left Triple J, I was excited to find out what they were investing so much time in that made them have to leave. (They were doing CNNNN and Triple J at the same time, so I figured this was something much bigger) And what an amazingly HILARIOUS show Chaser is. Biting political and social satire at it's best.<br /><br />I'm also pleased to say that it has recently received a MUCH better time slot than Friday nights and has been moved to Wednesday nights right after Spicks and Specks. THANK YOU ABC!! Finally I don't have to tape it! :)",positive
"I saw this movie in Blockbuster and thought it might be a good Sunday evening movie when there is nothing else to do. So I bought it used, 3 DVDs for $25. Although it was cheap, my money would have been better spent on a nail to drive through my foot.<br /><br />The film started out nicely. Kinda Dark and mysterious. I was always enthralled with vampire and samurai movies as a kid. I thought the combo would be really cool. The first fight scene was pretty cool. I was excited for the rest of the movie. Then the movie took a serious nose dive.<br /><br />I understand that this was a big hit in the east. I guess because of the twins. I don't see it though. This movie, aside from the first 10 minutes, was absolutely horrible. So many movies in this genre have the potential to be great, and blow it terribly. This is just another casualty.<br /><br />Jacki Chan's role in this film doesn't make any sense at all. Whyyyyyyyy? Complete silliness. He probably made a few bucks off it though.<br /><br />The only cool thing in this movie are the swords they use. Nice idea.<br /><br />I wouldn't recommend this movie to anyone.",negative
"This show was so exhausting to watch and there's only two numbers Drowned World (Substitute For Love) and Paradise (Not For Me) were you can sit down and just contemplate it all. The opening of this show will go down in history as the most visually thrilling, as Madonna enters the stage via a gigantic Swarovski crystal ball that comes down from the ceiling and the huge screens from behind it show images of horses galloping. Horses play a role in this show due to Madonna falling off one. The infamous scene of Madonna on the crucifix is in this show as a huge screen counts to 12 million, the number of how many African children are orphaned due to Aids. At the end a website address comes up for anyone interested in donating. We then go into the theme of the environment and again images of politics and religion are shown. There's an interlude and then the show starts again to the music of I Love New York and Ray of Light this part of the show is one of my favorites with the dancers doing there funny hand movements. Towards the end there's the Music number with the song Disco Inferno mixed in with the song and the dancers make more of there presence known. The ending again is full of energy as the show wraps up to the tunes of Lucky Star and Hung Up and hundreds of golden balloons fall from the ceiling at the end the message ""Have you confessed?"" comes up. The DVD is worth buying and when it came out the soundtrack for the show was added as a bonus. Jonas Akerlund did a great job with the footage for this show keeping it consistent with the style of the tour.",positive
"Doll Master is an example of a lousy horror film, fallen somewhere in the space with it's two not so well established genres, a horror film and an emotional drama film. Seems like The Doll Master tries very hard to be a very scary horror film, but it fails. The noise of the dolls while moving is like taken from the croak of Kayako in Ju-On, and the crawls are like sadako esquire. The killing dolls will remember you a cute version of ""Chucky"". But compared to Child's Play, this film is more superb. But the story seems a nothing, the brilliant camera shots and the brilliance of acting was taken away cause of the plot.<br /><br />Don' watch this if you are expecting great shocks.",negative
"Terry Gilliam's and David Peoples' teamed up to create one of the most intelligent and creative science fiction movies of the '90's. People's proved a screenplay with bizarre twists and fantastic ideas about the nature of time  I especially love the idea one can't change the past; it's a nice counterpoint to so many time-travelling movies which say otherwise  biological holocausts and the thin line between sanity and madness. Gilliam visualized his ideas with unique quirkiness, perfection and originality.<br /><br />The story itself is engaging: one man, James Cole (played by Bruce Willis in a heart-warming performance) travels several decades to the past to retrieve information about a virus that's wiped out mankind and left only a few survivors alive living underground: with the information he'll collect, scientists hope to find a cure so everyone in the future can return to the surface. But because their time-travelling technology isn't perfect, he ends up being sent towards different other pasts and complicating things. And from that a brilliant science fiction thriller with shades of film noir ensues as the multiple pieces of a huge jigsaw start fitting together to form a bizarre narrative involving animal right activists, end of the millennium paranoia, biological weapons, the perception of reality, and the definition of sanity. With such a complex movie, it was easy for Gilliam and Peoples to create a mess, but instead Twelve Monkeys is a thought-provoking narrative which will please those who like to be challenged and have patience to appreciate some crazy ideas.<br /><br />I watched this movie once around 10 years ago. It marked me a lot: I remember still thinking about many days after-wards; for my young mind this seemed quite mind-blowing and it was one of the first movies to make me appreciate cinema as something serious and important. I've re-watched this movie a few days ago on DVD and it's better than I remembered it. Brad Pitt still steals all the scenes he's in, playing Jeffrey Goines  almost a prelude to his Tyler Durden character in Fight Club  a rich kid with some anarchist/non-conformist ideas who's also crazy and, according to Cole, perhaps responsible for the virus. The scenes between Jeffrey and Cole in the madhouse are the best in the movie, Pitt's eyes, voice and quirky mannerisms convince you he's really a crazy guy locked in a warped logic only he understands. Pitt's Oscar nomination was well deserved! Surprising was also Bruce Willis' performance: his I didn't remember very well, but it's beautiful and full of sensibility; he plays a man who spent almost all his life underground, and when he comes to the past you'll share his childish fascination with something as simple as breathing the fresh air of the morning or watching the sun go up. Cole is a rather ambiguous character, Peoples' tried to imbue some darkness in him, and he does other disturbing things to other people and to himself: the scene where he removes his own teeth reveals how far his dementia has gone unchecked. Ironically Cole didn't start as a crazy character, but when he starts warning everyone about the end of the world, he's considered mad and convinced it's all in his mind, until he arrives at a point when he can't distinguish past from future, reality from fiction. Willis spends a lot of time looking confused and insecure, and it works perfectly. One of the fun twists in the narrative is when Cole's shrink, Dr. Kathryn Railly, finds undeniable proof he's really from the future and now has to convince him again of his mission to save the world. The screenplay is full with weird twists like this and it keeps the movie in a fast pace. Their relationship is also well-handed, although perhaps a bit compressed for time's sake. But I enjoyed watching Cole and Railly falling in love and trying to escape the authority of the future to live a peaceful life in the past. But then things end in a tragic/bittersweet climax at an airport, wrapping all the pieces together, which will blow many minds away.<br /><br />There are two great endings in this movie, a twist in the sense of Se7en or Fight Club, and a more intimate ending where Railly is crouching next to Cole who's just been shot and looking around for a younger James Cole who's witnessing his future self die; the two share a brief look, and she smiles at him. The twist is brilliant, but I prefer this ending for emotional impact. Madeleine Stowe is very good playing Dr. Railly, she drew many different emotions from me in her performance. The movie is filled with a sense of fatalism with the idea the past can't be changed: this movie shows that in a terrifying way. It reminds me of Chinatown in that sense, the way Jake Gittes messes everything up the more he tries to help. Railly's character shares that fatalism, the more she tries to help Cole  first dealing with his 'madness' then helping him in his mission  the more they're sucked into tragedy.<br /><br />The twist ends with a hopeful note, though, with the feeling Cole's mission hasn't been in vain. Twelve Monkeys is a great movie to watch if one wants to be entertained; it's not supposed to be art, although it's more artists than many artistic movies. It's an unpretentious movie where all elements, from music to editing to costume design, etc., came together beautifully to produce a modern cinema masterpiece.",positive
"Emma is a horribly flawed film based on Jane Austens classic novel. I have not read the book so I really didn't know that much about the plot, and yet I still predicted nearly the entire plot. There were also many scenes that frustrated me because of the bad writing or directing. The film is though for some reason very entertaining and I loved it. Of course there were all the scenes I disliked but the majority was well acted and funny. Gwyneth Paltrow gives one of her best performances as the heroine in Emma. The film also stars Toni Collette(Who has okay but has been much better) Ewan Mecgreger(Who has also been better but he is still very good here) Alan Cumming(Who I have never really been impressed with and is pretty much the same here) and Jeremy Northam(Who's performance is rather wooden at first look but actually fairly subtle, even if that was not what it needed) There have been much better adaptations of Jane Austen books but this one is still very entertaining and worth watching.",positive
"In the opinion of several of my friends and family members, including myself, this is the finest of the entire gamut of Tarzan movies. Johnny Weissmuller never played the part as well in the following issues in the series. It definitely rates a ""10"" in my collection of films.",positive
"""A Minute to Pray, A Second to Die"" is a quality spaghetti western with a solid cast and an interesting storyline. It is filmed beautifully, with a relatively high production value for a film in this genre.<br /><br />Alex Cord does a terrific job portraying Clay McCord, an outlaw who is suffering from increasingly debilitating seizures. He is seeking amnesty before his enemies close in on him, but is being too cocky for his own good when he asks for it. Robert Ryan delivers the best performance in the film as the governor of New Mexico. Mario Brega and Arthur Kennedy are also great here.<br /><br />This movie is very good, but it doesn't stand out to me as being one of the best spaghetti westerns out there. It's lacking too much in style to be in the same league as any of the great ones. It does have some cool spaghetti overtones, but overall it's a bit too much like an American western. This is especially evident in the music score, which is OK as movies go in general, but pretty dull by euro-western standards. The soundtrack kind of reminds me of the music from ""The Unforgiven."" Although there is an interesting story here, it is told in a manner which is a bit too conventional for my tastes. If a spaghetti western fan and a Hollywood western fan had to watch a movie together, this one would be the perfect compromise.<br /><br />All of this is not to say that anyone should avoid this film. I did enjoy watching it very much. As I said, it is a very well-done film and I recommend it to anyone who likes westerns, spaghetti or otherwise.",positive
"Thanks Jymn Magon, for creating Disney's 2 best cartoons ever. This show has improved very much over the years. As a kid, I didn't like it because I thought it was a rip-off of Ducktales, which was my favorite Disney thing at the time (like Grandmoffromero). Then later on though it was good but not great. But after reading the reviews here, I decided to give it another chance & bought the DVD set & watched the whole pilot the first day I got it, & was very pleasantly surprised. It's still my favorite episode, although the series did live up to it. And by the end of disc 1, I knew this was going to be a top tenner.<br /><br />The characters are so complex & charming. My favorite has got to be Wildcat. He's absolutely hilarious and sweet to boot. My next favorite is Baloo, the best pilot on the show. I can see why 'ol Jymn built the show around him. Then it's Kit Cloudkicker. He & Baloo have the best relationship in the series. After that, Louie. Jim Cummings did a perfect job of impersonating the original voice. After him, Rebecca. She has made me laugh pretty hard, and I do believe she and Baloo eventually marry. And finally(for the heroes), Molly. Although she's my least favorite, I still like her. I think she's a very cute character(much better than Webby from Ducktales). And the villains were very original. Don Karnage & his air pirates always crack me up, Kahn is ice-cold and ruthless, and the Thembrians are always at least amusing.<br /><br />As said before, the stories range from hilarious(Time Waits For No Bear, Romance of Red Chimp) to nothing short of touching(The Old Man & the Seaduck, Paradise Lost), to fun, funny & exciting adventures(In Search of Ancient Blunders & my favorite For Whom the Bell Klangs). These are only a few of my favorite episodes. Anyway, Talespin is Disney's best, aside from Gummi Bears Some reasons for this? GB had a decent amount of my favorite character(Cubbi), while TS didn't have enough of Wildcat. But in the end Talespin remains a classic. BOTTOM LINE- 10/10 6th best cartoon ever.",positive
"Yowsa! If you REALLY want some ACTION, check out the babes and bombs on this non-stop thriller! Veteran star MARTIN SHEEN leads a trio of supermodels on a mission to stop nuclear terrorism... but director Dean Hamilton doesn't let this heavy plotline get in the way of massive doses of TEENSY-SWIMSUIT scenes, jiggly beach jogs, hubba-hubba hot tubs and the like! Want action? You'll get more of it here than in PEARL HARBOR. Want babes? You'll get an eyeful every two minutes. Want more? Go out and BUY THIS VIDEO! Yowsa, Yowsa, Yowsa! That's some mighty spicy meatballs!!!",positive
"I may not have the longest of attention-spans, but this is the second movie I have refused to see all the way through, and I even bought it on DVD because of its ""classic"" status. <br /><br />At first, I thought that the director was playing a big joke, so I kept waiting for a resolution, something to laugh at, something to keep my interest, but this resolution never came. Rather, the writing was laughably amateurish, the movie dragged on and felt disjointed, like someone cut a TV series to feature-length. The Academy must have been on drugs when they nominated this movie for no less than eight Oscars.<br /><br />Once again, I repeat myself. This is the second movie I have refused to watch all the way through. The first was ""Exterminator"". I hope this gives you an indication of how bad it really is. 1/10",negative
"Routine suspense yarn about a sociopath (Dillon) who gives his sperm to a clinic of human reproduction and starts to harrass the lives of the woman (Antony) and his husband (Mancuso). Extremely predictable, far-fetched and with undecided tone all the way. Don't lose your time with this one...make a baby instead!",negative
"I was excited at the concept of my favorite comic book hero being on television... and sorely disappointed at the end result.<br /><br />The only ""amazing"" thing was the wall crawling (despite the visibility of the cable). I didn't think Nick Hammond was Peter Parker... and he was visibly of a different build than the guy who did the stunts in the spider suit. You could tell they were two different actors.<br /><br />Granted, I can also spot in the modern Spider-Man movies when I am looking at Tobey Macguire and when I am looking at CGI. But that is from a trained eye and experience working with CGI. Still, the 70's version could have been better despite lack of Special FX.<br /><br />The webs were hokey and looked like ropes that seemed to wrap around things rather than stick to them. And what was up with giving him a spider mobile to ride around in. Hello? He's the web slinger people.<br /><br />Sorry... didn't mean to get so worked up, but our beloved wall crawler deserved better.",negative
"Probably the most accurate Stephen King adaption yet. Not surprising, since King himself wrote the screenplay. The story follows the Creed family moving into a beautiful Maine house. One of the other residents is Jud, a pleasant old man who knows a few things about the area. One is the highway that runs right through their frontyard. The other is a path leading to the Pet Sematary, where children for decades have buried the animals killed by the highway. Soon enough, Ellie Creed's cat, Church, is found dead. Luckily, this happens while the family, with the exception of Louis(the father), is away for Thanksgiving. Jud takes Louis to another burial ground, beyond the Pet Sematary, where Church is to be buried. Later, Louis is greeted(not so politely) by Church. He's returned, appearing to have chewed his way out of the bag he had been buried in. Maybe he was buried alive. Maybe not. Nothing more I can say without ruining the story.<br /><br />Of all the King adaptions I've seen this would be the most terrifying. The characters are real and the situations are normal. Mary Lambert does a great job directing the proceedings. Suspense is kept fairly high throughout the film, due in part to the plot development. The scene where Gage is killed will stick in your mind forever. Then, of course, we have the conclusion. Easy to determine what's going to happen, but Lambert pulls off some genuinely scary, and sometimes disturbing, moments.<br /><br />Overall, this is a good film and an excellent adaption. If you enjoy being scared and don't mind being haunted by some occasionally disturbing images then ""Pet Sematary"" is just what you're looking for. Non Horror fans will want to avoid this.",positive
"These writers are trying to re-create the characters they have on ""scrubs"" in a different occupation however the characters they are stuck with have no charisma or acting ability not to mention the writing seems poor and effortless. These guys are trying to create something that would be good if the writing wasn't so disgusting which is leaving the shows only lifeline to be two attractive teachers that that are barely keeping it alive. The humor in this show seems like it is trying to target an audience with an I.Q. of 40 or below. Another reason why this show is becoming a failure could be that the writing on the show ""scrubs"" is excellent and this show has to follow it up leaving the viewer in an odd position not knowing whether to cry or to just lose hope in new sitcoms all together. This is just my opinion but i think these guys should stop now before they humiliate themselves anymore than they have already.",negative
"In Holland a gay writer Gerard (Jeroen Krabbe) gives a lecture. He stays overnight with a beautiful woman Christine (Renee Soutendijk) and has sex with her (by imagining she's a boy). He plans to leave the next day, but gets a look at a picture of Christine's hunky boyfriend Herman (Thom Hoffman) and decides to stay to have a try at him. Then things get strange.<br /><br />A big X-rated art house hit in the US in 1983. Why was it X rated? Let's see...there's strangulation, full frontal male and female nudity, castration, mutilation, simulated sex, a scene in a church with a cross that will shock most people, a gay sex scene in a crypt...and it's all a comedy!!!!! Paul Verhoeven made this after ""Spetters"". ""Spetters"" was attacked by the critics for it's extreme sexual sequences and denounced as trash. So, Verhoeven filled this film with very obvious symbolism thinking the critics would think it was art and praise it. He was right! Critics loved the film not realizing that Verhoeven was playing a big joke on them. Still, it's a great film. <br /><br />It's beautifully shot by Jan de Bont (now a director himself) and there's so much symbolism and obvious ""hidden"" layers in the dialogue that you're never bored. All the acting is great--Krabbe plays a thoroughly despicable character but (somehow) has you rooting for him; Soutendijk is just stunning to look at and plays her part to perfection--the little smile she gives when Gerard agrees to stay with her is chilling; Hoffman is extremely handsome with a great body--he deserves credit for doing the church sequence and going at with Krabbe in the crypt.<br /><br />This is not for people easily offended or the weak of heart, but if you like extreme movies that playfully challenge you (like me) this is for you! A 10 all the way.",positive
"When I reviewed the video for a local magazine, I called it ""the greatest achievement in the history of the American cinema."" That was not wholly tongue in cheek. TW&TL remains Milius' best work, and it's sad that he has so little opportunity to work anymore. However, TW&TL remains a striking exposition of what once was known as The American Character, largely on the strength of Brian Keith's superb portrayal of Teddy R. (Obviously Milius--and Keith--admired TR tremendously to make two films about him, including ""The Rough Riders."") It's hard to fault this film at any level: a splendid balance of action, levity, relationships, and the serious topic of America coming of age in the world. Furthermore, TW&TL has exceptional appeal across the board: note the stats showing it rates best with under-18 males, females 18-29, and over 45! Clearly Candy Bergen struck a responsive chord with women as well as men.",positive
"If you like The Three Stooges you'll undoubtedly like this 17 minute short. There were certainly some amusing moments in it, but like all the Stooges' work, this revolves around their particular style of slapstick comedy, and I have to confess that somehow the Stooges just never really did it for me. Their slapstick always seemed angry rather than funny, and even though it was obviously fake, their antics always seemed more likely to cause hurt rather than to cause laughter. In this short, the slapstick revolves around the attempts to find Shemp (who is a Professor of Music in this) a wife, because he's just inherited half a million dollars on condition that he marry within 48 hours of the will being read. One of his students is interested, but once word of the inheritance gets out , there's suddenly a long line-up of potential brides, and a pretty good cat fight emerges between them. Fans of the Stooges will enjoy. For me, it has all the elements that drive me nuts about them. 4/10",negative
"I had two reasons for watching this swashbuckler when it aired on Danish television yesterday. First of all, I wanted to see Gina Lollobrigida - and here I wasn't disappointed. She looked gorgeous. Second of all, through reading about the film I had gotten the impression that it featured absurd humor not unlike that which can be found in Philippe de Broca's films. On this account, however, I was sadly disappointed. I found the jokes predictable (apart from a few witty remarks on the topic of war) and the characters completely one-dimensional. Also, the action scenes were done in a strangely mechanical and uninspired fashion, with no sense of drama at all. I kept watching until the end, but I got bored very quickly and just sat there, waiting for the scenes with Lollobrigida.",negative
"Robert Downey Jr. in a 17th century wig and dress was enough to make me shudder, but I couldn't believe a great actor like Sam Neill actually took a part in this movie. The whole thing was unbelievable. I especially like Merivel's ""cure"" for the crazies. They dance...and hey presto! everyone's happy and they're all better! I guess I just didn't like the character Merivel too much. Therefore, watching a whole movie about his supposed transition from a whoring buffoon into a great physician was grueling. <br /><br />Also, I'm not entirely sure, but I didn't think the plague as well as the famous fire of London took place simultaneously.",negative
"I really have problems rating this movie. It is directed brilliantly, there is obviously a lot of money in it. Gere and Danes are intense (although her screen personality could use a bit more defining and spicing up), editing and cinematography are excellent. On the other hand, it is one of those really really sick movies where one cannot help but wonder whether the director himself likes to stage specific scenes, and, yes, one cannot help but wonder how many copycats will such a movie inspire.<br /><br />In purely artistic terms, it is a 9, but I really have to ask myself who these people are giving their money to produce such a movie ....",negative
"I normally am a glutton for poor movies, but this thing stunk.<br /><br />Do not watch this movie.<br /><br />Terrible effects and very little humour, what the hell was the point of making this movie? No gore to speak of and no acting to speak of.<br /><br />I could only manage 45 minutes of this rat dropping of a movie, and that is rare for me.<br /><br />Something positive to say about this drivel? cover art was OK, I am pretty sure the movie has a ending too, even tho I did not make it to it.<br /><br />The rats were unorganized and blew their lines constantly,they lacked intensity and seemed just to be going through the paces for their paycheque. The actors were worse.",negative
"ok we have a film that some are calling one of the best movies ever..but i'm sitting here thinking hell the f!, the storys sux{ which there is no story], the diolouge is quite plain, artisticly nothing great!, and the acting is nothing real out standing, so if you want to pretend to be arty say you like it, but if you have a real view say you don't like it or if you did explain why!",negative
"Even though this is the first film by the broken lizard group, it's the last one I saw. Having mildly enjoyed Super Troopers, and managed to sit through the crap that is club dred and beerfest, I was surprised to hear they did an earlier film. Now i didn't sit down with high hopes, but was hoping for a funny campus romp. My friend asked me to keep in mind they are younger (obviously) and its their first foray into film. I did and was still disappointed. Not taking away the acting and comedy skills of the BL guys, they were OK. The whole film was tiresome, clichéd and frankly boring. Some of the other actors in the film were really poor at acting. And the Rugby game didn't even resemble rugby. Poor showing. They improved drastically with Super Troopers and have declined since. Lets hope they get back on form with Super Troopers 2",negative
"So I'm looking to rent a DVD and I come across this movie called 'End Game'. It stars James Woods and Cuba Gooding JR and has the synopsis of a taught political thriller. Well worth a look then. Or so I thought.<br /><br />Boy, was I wrong.<br /><br />End Game has just about the most ridiculous plot I have ever had the displeasure of enduring. Now being something of a whodunnit, I can't really tear into it as I would like without 'ruining' it for those who have yet to experience this monstrosity. But questions such as 'Why has he/she/they done this?', and 'Where on earth did they get the resources to pull this off?' are all too abundant following the film's unintentionally hilarious conclusion.<br /><br />As for the acting - you know those films where you can almost feel that an actor's realised that they've made a terrible mistake in signing on for a movie, and this then shows in their performance? This is one of those. Accompany this with a laughable script and seriously flawed, irritating direction and you have the recipe for cinematic poison.<br /><br />Of course, this didn't make it to the cinema, and for the same reason you should not allow it into your living room; it is appalling.",negative
"This movie is full of pseudo deep thoughtfulness and it's cloying in its writerly-ness, that includes a canned ham voice-over and some unbelievable dialogue. Dialogue that is tinny and tone deaf the way Spike sometimes (not always) is when writing ""certain"" characters. For those that like nonsense films like Pieces of April and One Hour Photo, this is another one for you.<br /><br />That said, this comment is nothing against Ryan Gosling who has shown his awesome chops in The Believer. A film that proves that movies are a director's medium, and when a movie is rotten it's fair to say the fault lies there and not in the actors.",negative
"A wonder. One of the best musicals ever. The three Busby Berkely numbers that end the movie are spectacular, but what makes this film so wonderful is the incredible non-stop patter and the natural acting of Cagney and Blondell. (Keeler is also lovely, even though she may not have been a great actress). There's a freshness in the movie that you don't see in flicks today, much less in the usually stilted 30s films, even though the plot, involving the setting up of movies prologues, is quite dated.",positive
"<br /><br />""step aside for hollywood veterans?"" (the wayan brothers were 'asked') thats what hollyweird demanded and thats what it got. However, like so many of its recent decisions this one was a stupendous mistake.<br /><br />The director is SO out of touch with todays audience, attempting to bring back physical pratfalls and gags in place of funny dialogue is just a DISASTER. I knew it, the audience knew it and the CAST knew it.<br /><br />What a shame, why did they EVER consider changing directors? Not only that but the two Wayan brothers played as two of four primary characters, without them its just a farce and a sad one.<br /><br />SP<br /><br />",negative
"For me personally this film goes down in my top four of all time. No exceptions. James Cameron has proved himself time and time again that he is a master storyteller. Through films such as Aliens, The Abyss and both Terminators it is clear that he was a brilliant and confidant director as far as action and science-fiction goes. He sees a story and adds a strange quality to the film. But Titanic is so much different to his other strokes of brilliance. The film is exceptionally moving and allows room for surprises, plot development and interesting character developments in a story that everyone knows. The story of the famed voyager sinking on her maiden voyage is legend so the challenge was for Cameron to make a truthful, interesting and entertaining film about it. The acting is wonderful as Leonardo DiCaprio who plays Jack and Kate Winslet who plays Rose became superstars overnight with the release of this film and in most films I get annoyed when the supporting characters aren't given a lot to do but in this film it is more purposeful because as an elderly Rose (Gloria Stuart) tells her story it is quickly apparent that it is Rose's and Jack's story alone, no one else. Emotionally it is entirely satisfying and can leave no dry eye in a theater or home. The music has become iconic and legendary. It is composer James Horner's finest soundtrack ever and evokes so much from the film and the audience. The song after so long has become annoying but I still appreciate it for the phenomenon it is and this film is. Only one problem, the usual James Cameron problem, is the dialogue which is memorable but in a bad way as in how cheesy it is at points but all that aside. James Cameron has delivered a masterpiece and a romantic epic that sweeps you away on a journey of a lifetime. My heart won't go on from this one.",positive
"I first saw this movie when I was very little. I was born in 1985, so it was around the age when 80s cartoons were big. My mother taped it one day thinking I might like it. I had never even heard of the Rainbow Bright TV show before I was introduced to the movie. When I saw it (on one of those old BETA tapes...) I loved it. I became addicted to it. There are people who say it's badly written and all that, but it's a kid's movie, and things like that don't matter much to children. I loved the story, and especially liked the songs and all the female characters. Of course I pretended to be them, and in the scene where Rainbow first met Krys and they were repulsed they had to work with the opposite sex, I could totally relate. The story was the basic good vs. evil that children enjoy, and there were enough happy moments to balance out the scary ones. The world is a fantastic place that would stimulate the imagination of any young child. I am very glad I had an opportunity to see this movie when I was little. It made a big impact, and watching it now brings back happy memories of childhood. I would recommend to any parent with young children to rent this movie. It will trigger their imagination and provide plenty of entertainment. You're only a child once, so don't let them miss out on this one!",positive
"""Ice Age"" is one of the cartoon movies ever produced by Blue Sky Studios and released in 2002 as the company's first. We are introduced to the main characters: a squirrel named Scrat (voiced by Chris Wedge, AND PLEASE NOTE: the sound of Scrat's screams is the sound of Tom's screams from the ""Tom and Jerry"" cartoons), a woolly mammoth named Manny (voiced by Ray Romano of ""Everybody Loves Raymond""), a sloth named Sid (voiced by John Leguizamo of ""Titan A. E.""), and a saber toothed tiger named Diego (voiced by Denis Leary of Pixar's ""A Bug's Life"").<br /><br />The movie opens with Scrat trying to bury an acorn and right after that, he caused an avalanche. We then see a herd going south for the coming Ice Age (except for Manny, who is going the other way looking for other mammoths that looked like him). Sid comes out of his cave yawning, and saw that his family abandoned him. He then pays toll with some aardvarks. Unfortunately, he gets pursued by Sylvia (voiced by Kirsten Johnston of ""3rd Rock from the Sun""), a female orange sloth, who wants Sid to go migrating with her. Sid eventually teams up with Manny, and they became friends.<br /><br />Meanwhile, nearby a human tribe, Soto (voiced by Goran Visnjic), an evil saber toothed tiger, wants revenge against the tribe's leader for wiping out half of his pack just by stealing his infant son, Roshan, away from him. In the morning, he, Diego, and Soto's henchmen, Lenny (voiced by Alan Tudyk), Oscar (voiced by Diedrich Bader), and Zeke (voiced by Jack Black) attacked the tribe, but the leader's wife escaped with Roshan and gave him to Manny and Sid to look after. Eventually, Diego joins them, and went on a journey to return Roshan back to his tribe, who are also looking for him as well. Relax and watch the rest of the movie and find out, okay? Besides Manny, Sid, Diego, Scrat, Sylvia, and Roshan, the supporting characters in there including a pack of wolves that Roshan's tribe are using, and not to mention a fat female purple sloth named Jennifer (voiced by Jane Krakowski), and a skinny female yellow sloth named Rachel (voiced by Lorri Bagley), to whom Sid shows them Roshan as they relax in a tar pit. Incidentally, the two rhinos, Carl (voiced by Cedric The Entertainer of PDI's ""Madagascar""), and Frank (voiced by Stephen Root of Pixar's ""Finding Nemo""), who go after Sid for ruining their meal and confront Manny on a cliff, are simple minor characters. Same went for the dodos, who are using melons as their food supply.<br /><br />The gags in this movie are very funny. For instance, Manny talks through his trunk saying, ""I'M NOT GOING!"" When Jennifer and Rachel are out of the tar pit, Sid asks Jennifer ""What do you say if we jump into the gene pool and see what happens?"" Jennifer then responds to him, ""What do you say if you go jump into the TAR PIT!?"" Rachel also then kicks Sid in the waist. Sylvia sees Diego holding Sid by the neck with his teeth, then she asks Sid if he's holding his breath, tells Diego to eat him, and promptly walks off.<br /><br />Since ""Ice Age"" is not only a success, but it has 2 sequels: the first one was ""Ice Age: The Meltdown"", which was released in 2006, and the other was ""Ice Age: Dawn of the Dinosaurs"", which is going to be releasing next year. I can hardly die waiting to see what ""Ice Age: Dawn of the Dinosaurs"" will be like.",positive
"I saw the premier of this movie during the 2005 Phoenix Film Festival and was very impressed with the skill Director, Jeff Hare, exhibited in bringing this timely topic to the screen. The cast of characters meshed perfectly and allowed us to examine the issue of a senior wishing to die on ""his own terms"" in a very warm and humorous way. Peter Falk was brilliant as Morris and the supporting group of family members and friends were perfectly cast in their roles. The interaction of the family, friends and outsiders with Morris created a realistic view of how families address the issue of their parents aging and their wishes to die with dignity.<br /><br />Although this movie is ostensibly a movie about a Jewish Actor and his family, it is truly a movie about all families. The jokes the family and Morris crack during this romp through the life of a ""Force of Nature"" are fresh and realistic. Childhood rivalries, adult successes and failures, and hope for the children are integral to this screenplay. While many will question how you can make the topic of suicide ""humorous"", I thought the treatment logical and timely. If you are not afraid to shed a few tears or laugh at the quips of a family struggling with this issue, then you MUST SEE THIS MOVIE.<br /><br />The movie was awarded ""Best Picture"" at the Phoenix Film Festival.",positive
"The name (Frau) of the main character is the German word for ""Woman"". I don't know if that was intentional or not, but if sure got some giggles from the German audience at the Fantasy Film Festival last year, when it was shown.<br /><br />But those were the only giggles the movie got. Not that it was aiming for giggles, it's a horrible movie for heaven's sake! A horrible movie in more than one meaning. It's a shame that a premise like that was wasted with horrible even unbearable moments for the viewer (definetely not for the faint of Heart!!)! And it wasn't even necessary to show all the things that are shown. I'm not even going into a moral obligation (because movies don't really have that kind of task or function) discussion of what is shown here, but this is a new low on the whole ""torture movement"" that has grown in the last few years!",negative
"The numbers don't lie, 109 people have voted for this film. That says a great deal about the standing of one of the most intuitively insightful comedians of the late 20th century. And for those of you who know the work of Bill Hicks, if he were alive today, imagine what he would have to say about the boy president from his home state? That his short career remains unrecognized is a sad situation and this film, or rather these two films explain why. First, you see how his talent was obvious from the start, again and again, those who knew Bill Hicks always say he was not only funny, he was also unique. The film also shows how the quality of his material was too challenging for many in the entertainment industry. His drinking also contributed to his career problems, but that is less evident in this film. And then the second film is a complete performance. If you have never seen or heard Bill Hicks, this is a wonderful introduction to the person and his dark but intelligent humor. Especially due to the fact that the topics are now almost 14 years old, yet remain ironically up to date is underlined by the fact that many of the events took place under the first President Bush.<br /><br />Watching them together - first the biography and then the performance - makes you aware of how greatly talented this young man was, how quickly his life passed and how the American media can sometimes act as the great big homogenizer. Let's make sure nothing is too provocative, nothing will be too interesting And the result? Well, as the man himself said, go to sleep America, your government is in control........... In his lifetime, at least in Great Britian this artist was recognized for his talent and was successful there. 11 years after his death, 109 people at IMDb can say something about the film. After you've seen them both, I hope you understand why more people should be listening to Bill Hicks.",positive
"Okay, I grew up on Who, but haven't loved a Doctor since Tom Baker. Christopher Eccleston made me love Who again and I'll be furious with him forever for leaving. <br /><br />The writing is grand, the acting superb, the directing (which was dreadful in the old days) is just fantastic. I was very skeptical about this programme, and watched it merely out of being forced, but am now a huge fan and love it (I have a ringtone of a Dalek screaming ""Exterminate"" then). <br /><br />A few of the things I love about the new programme -- 1) people actually notice when Rose (Billie Piper) disappears off the planet. Some of the old shows an assistant would drop off for a while, and then come home like nothing has happened, no one noticed. 2) Chris Eccleston's doc loves Rose -- romantic or not will be debated, but there is no doubt that 9 loves and cares about his companion. He'd destroy the world if he had to to save her, which the old show was lacking -- often a doctor wouldn't care if he never saw his assistants again. 3) They talk and think like real people -- when Rose is shown something outlandish or new (such as aliens) she acts like a real person would -- gobsmacked. I never liked it when an assistant from the old show, who never saw anything alien, would just fit right in and adapt instantly. I want to see the surprise on Rose's face when she sees a plastic dummy come to life. She gives that to me. <br /><br />The few things I don't like about this series: 1)nearly everything happens on earth (London or Cardiff) and I was sort of hoping for a more off-world sort of show. 2) That Eccleston left so quickly, he really made the show brilliant. <br /><br />But I can let those few things go -- I far more enjoy the series than I ever expected to, so I don't mind if they have stuff set on earth. <br /><br />Just don't take this show seriously -- it's fun, it's smart, it's entertaining, but it's not a super-serious heavy duty show. It's pure fun, and pure British, and I can't get enough. Watch it with an open mind, and just put your brain into neutral and enjoy!<br /><br />ps -- don't watch series 2 or later. series 1 was brilliant, the first few episodes of series 2 were good, but don't watch it once it gets to Love and Monsters. Utter rubbish, completely destroys the show.",positive
"If this movie was written directed and produced with the intention of creating a bad movie cult classic, it might (i say might) have been a hit. Have you ever sat and watched a movie that was so absolutely awful that it becomes fascinating in terms of its faults? Well this is it. Every one of the acting cast should be nominated for worst acting performance awards. It would be hard to find another film, with this kind of production budget, that contains so little of any value whatsoever. The whole thing, from the opening scenes defies logic. Dialogue is completely unbelievable and illogical. Ditto for the behaviour and general storyline of the film itself. What is really mind boggling, is that some buffoons in a boardroom actually made decisions to spend money on this piece of trash. Wow.",negative
"I don't understand why this movie was released, it looked like something that you show your mates after you borrowed your mums handycam she bought in 1987. I am Australian and work for a video store in the UK and thought that if an Aussie film made it into our store it can't be all bad... boy was I wrong!<br /><br />If anyone writes a good comment about this movie they are either lying or the makers of the film.<br /><br />The picture was BAD, the sound was HORRIBLE and the acting, oh the acting, it was the WORST acting in the HISTORY OF FILM. <br /><br />It makes me embarrassed and offended that they used the word 'Aussie' in the title because I am proud to be Australian and this movie is seen in other countries and may give people the wrong idea.<br /><br />Please anyone who reads this and has seen this movie, take the time to find other Aussie movies to watch because you could choose any one of them and it would be better than that one.<br /><br />I could have made a better film if I took a camera, filmed my but for an hour, ate the film waited for it to pass through my body then threw what came out at the television... no offence.<br /><br />DO NOT WATCH THIS FILM!!!!!!!!!!",negative
"Perhaps once in a generation a film comes along that is perfection. For me, ""The Railway Children"" is that film - a timeless classic that was directed and performed most beautifully. It depicts all that is worthwhile in humanity and climaxes in the conquest of love and faith over cruel injustice. Every performance is a gem, though Bobbie stands out and, like Judy Garland as Dorothy before her, Jenny Agutter makes it impossible for us to imagine anyone else in the role.<br /><br />The world is all the better for this film and the children of today would be much the better for watching it.<br /><br />Of course, like so many young men of my generation, I fell hopelessly in love with Jenny Agutter and her hold was as strong when I had the great good fortune to meet her a few days ago - the bewitching smile and voice like dripping honey were still there to send me weak at the knees as they first did all those years ago!",positive
"Hilariously obvious ""drama"" about a bunch of high school (I think) kids who enjoy non-stop hip-hop, break dancing, graffiti and trying to become a dj at the Roxy--or something. To be totally honest I was so bored I forgot! Even people who love the music agree this movie is terribly acted and--as a drama--failed dismally. We're supposed to find this kids likable and nice. I found them bland and boring. The one that I REALLY hated was Ramon. He does graffiti on subway trains and this is looked upon as great. Excuse me? He's defacing public property that isn't his to begin with. Also these ""great"" kids tap into the city's electricity so they can hold a big dance party at an abandoned building. Uh huh. So we're supposed to find a bunch of law breakers lovable and fun.<br /><br />I could forgive all that if the music was good but I can't stand hip hop. The songs were--at best--mediocre and they were nonstop! They're ALWAYS playing! It got to the point that I was fast-forwarding through the many endless music numbers. (Cut out the music and you haver a 30 minute movie--maybe) There are a few imaginative numbers--the subway dance fight, a truly funny Santa number and the climatic Roxy show. If you love hip hop here's your movie. But it you're looking for good drama mixed in--forget it. Also HOW did this get a PG rating? There's an incredible amount of swearing in this.",negative
"........and an extremely bad one at that!!! How long did this train-wreck last?? 14 episodes or something?? I can see why now.<br /><br />I bought the ""Serenity"" episode from Amazon Unboxed. It was my first purchase, so was free. That is the ONLY good thing about the experience (incident??)<br /><br />I won't comment really on the acting, since these were, I guess, fairly new people who hadn't really gotten the job down just right yet. At least I've never seen them before in any type of major show, theater or TV. If I did, then I have easily forgotten them.<br /><br />But the special effects were absolutely horrendous. True, this isn't exactly a multi-million $$ project, but the original Star Trek did better than this & that was THIRTY-FIVE YEARS ago. I especially got a laugh out of the bad guys (reapers or something like that) ship as it chased the hilarious looking Firefly, with smoke coming out of the engines looking something like a gigantic model rocket. I fully expected to eventually see the Wiley Coyote riding on top, while chasing after the Roadrunner. MODERN jet/rocket engines don't even do it that bad.<br /><br />And that wasn't even the worst of it. The wild-west type shoot-outs had me wondering if I was actually watching a sci-fi film or a Gene Autry one.<br /><br />Regardless of the hype, don't waste your time...I did...all 80-something minutes of the disaster called ""Firefly"".",negative
"Like his early masterpiece ""The Elephant Man"" Lynch proves to his detractors that he can tell a straight, simple story without losing his artistic touch. This is a true story of an elderly retired man (expertly played by Richard Farnsworth) who decides to ride a tractor across a few states to pay a final visit to his estranged brother who now stands at death's door. A beautiful score from Badalamenti, exquisite photography of rural life (love those aerial corn-field shots), and a sly director's hand that reveals man's basic humanity, this is a beautiful slice of life film. Its extremely slow pace may lull some viewers to sleep, but those who stay for along for the ride will be well rewarded in the end.",positive
This started out as a good sketch comedy. The first few shows were very good and I was looking forward to a long run. What was really funny was the Mariah Carey imitation and the take off on Beverly Hills 90210 featuring the hair fight. The Delta Burke vs William Conrad heavy weight battle was also good. Unfortunately the following shows went downhill relatively quickly. The writing became uninspired and oh so predictable as if the show had acquired a cult following in it's young tenure. Nothing fresh was being offered and the recurring skits were boring. One example is the gun family (or whatever it was called) which became a weekly feature. This sketch was not all that funny to begin with let alone being a regular feature. An example of a quick promising start then a sudden fall.,negative
"One more of those brilliant young men who went all out and dared to make a teen romance film( can i actually call it that?- it would invoke the devil out of its fans)on a micro budget but packed with such taste, sensitiveness and maturity. Peter Sollett- you deserve more admiration and respect.Thanks once again for demonstrating to the powers that be in the ""industry"" that stereotypes can be flushed down the toilet. One location,a handful of rich characters, low budget,good acting(and that too amateurs),decent lighting - worshippers of true indie cinema should watch more of this and STOP watching...well...you know what.",positive
"THE WATERDANCE (1991) The main character of The Waterdance, played by Eric Stoltz, finds himself in a rehab center with some others similarly injured. And there he must face an harsh new life, confined to a wheelchair. It's an interesting, and promising premise, but unfortunately, it fails to deploy. What ensues instead is largely Hollywood schmaltz, with some interesting moments. Certainly the cast (Eric Stoltz, William Forsythe, Wesley Snipes, et al) is brilliant, and perform well here as one would expect, but their talents are wasted. The characters are mainly stereotypes of one kind or another, and most of them are thoroughly unlikeable (the Snipes character being the exception). I suppose this is some kind of attempt to break through people's ideas about the handicapped being ""crippled"" or ""weak"", by depicting them, for the most part, as in-your-face pricks, but it makes for an entirely annoying experience. Admittedly it will show you something of what those with permanent disabilities go through, in a way that is not softened or romanticized, which is useful, and a good idea, but while the process being depicted can make one a difficult person to get along with, and that's worth dealing with, it is not part and parcel to that that these characters must be, to varying degrees, despicable. They wouldn't have to be Disneyfied, either; surely there's a middle ground somewhere. By the film's conclusion, the Eric Stoltz character has come to accept his status as a handicapped person, but since he is such a flaming narcissistic monster from the beginning of the film to the end, we couldn't care less. <br /><br />In addition to its character problems, the film suffers from that weird syndrome that so many Hollywood movies suffer from; the syndrome doesn't really have an official name, but you might call it ""Inexplicable Forgiveness Syndrome"". It goes something like this: characters abuse the crap out of each other, and then without so much as an apology, all is forgiven (an especially obnoxious example of this is in the movie The Breakfast Club, in which one character spends most of the film verbally bullying everybody within earshot; as a resultthey love him. In one of the the latest examples, Spiderman 3, supervillain The Sandman lays waste to a chunk of Manhattan, then wails on Spiderman for what seems like about 15 monotonous minutes before being waved off with what amounts to ""bye, now""). The most egregious example of IFS in The Waterdance is a sequence in which, after being called the n-word by William Forsythe's racist biker character and his friends in the previous scene, the Wesley Snipes character whoops it up with the same Forsythe character in the next scene, as if nothing had just happened just a short time hence. Again, without so much as an ""Oh yeah, sorry about that business back there where I, you know, called you the n-word"". It makes me wonder, do these people actually watch these movies before they release them, or do they just film them with their eyes closed, kind of slap them together in the editing room according to scene number, and call it a day's work?",negative
"""Journey of Hope"" tells of a poor Turkish family and their odyssey of hope which spirals downward into despair as they travel to Switzerland in search of prosperity. Although this Oscar winning film is fairly well crafted, it is lacking in substance and has many implausibilities. Much of the film's 1.7 hour run time is get on the bus, get off the bus, get on the boat, get off the boat, get in the van, get out of the van, etc.; time which could have been better spent or left out completely. The story has a predictable conclusion, especially for those who have an awareness of the common crime of trafficking in illegal immigrants. A worthwhile and reasonably entertaining watch but over-rated.",positive
"The 1983 BBC production of ""Jane Eyre"" starring Zelah Clarke and Timothy Dalton (LOVE HIM) has always been and will always be my favorite Jane Eyre. If you watch any other version of Jane Eyre without reading the book, it will be like watching some regular movie which you will forget the next day. But watching this one almost equals to reading the book. I used to watch these miniseries a lot when I was little, and they inspired me to read the book. At the time I didn't pay attention to how close this television production was to the book. Recently, I watched the 1996 version of Jane Eyre and was very disappointed. It was only 2 hours long and didn't have many important scenes from the book (such as my favorite gypsy scene). After that I fell in love with This ""Jane Eyre"" even more because it includes all the important scenes of the book and it just tells the whole story( the other versions don't, if you haven't read the book). <br /><br />The cast of 1983 Jane Eyre is excellent. It's true that Timothy Dalton is a very handsome actor (handsome enough to play Butler in ""Scarlet"", and Julius Caesar), but he is so great as Rochester that I can't imagine anybody else playing this role. And Zelah Clarke is, without a doubt, the only Jane that follows the description of the book. The other thing that makes this film so great is the clothes and the makeup of the actors. Jane looks so modest and naive, just as Bronte describes her (although she doesn't look 18, but do you actually pay attention to that?...) <br /><br />Some people say that this ""Jane Eyre"" is too long, but I would rather spend my whole day watching it than spend 2 hours watching some other version. Some say the movie is dull and boring because Jane is not passionate enough, or because there are not enough ""kissing scenes"". I hate when they make Jane Eyre some ""Hollywood movie"" with inappropriate kissing scenes. You don't have to include ""crazy, madly in love"" scenes to show the love between Jane and Rochester. And both Zelah and Timothy express this love so perfectly that there are no other scenes needed!! I am 19 years old, and many girls of my age refer to this film as ""boring and old-fashioned"". But I can only feel sorry for them because they don't appreciate the purity and beauty of it. After all, the novel is set in 19th century, and that old-fashioned look makes it more attractive and more like the book. <br /><br />I don't think there will ever be any other version of Jane Ayre that will have the popularity and love of this one. No matter who plays Jane and Rochester in other movies, the real Jane and Rochester (for me at least) will always be Zelah Clarke and Timothy Dalton!",positive
I wasn't planning on watching wasted when I saw the MTV preview but since I had nothing better to do or watch on a Sunday night I watched it.<br /><br />Wasted was no Requiem for a Dream but it was a very good movie considering it was made by MTV. One thing that drew me to watching it was Summer Pheonix the sister of the late and wonderful River Pheonix stared. I suppose talent runs in the Pheonix family because she was good and so is Jaquien though niether are River. Nick Stahl also gives a great preformance as a junky jock. There isn't much else to say about wasted. It was a dark depressing and insightful look into the lives of three small town junkies. I recomend it to those who like the subject. 8/10,positive
"I'm guessing that we all, no matter if we are fans of cars, luv the sound of a Dodge Challenger as it growls along the road, the noise a 57 Chevy make as it screams with ecstasy when it tears round a corner and, most of all, the blast of sound as a classic vehicle bursts into flames as it explodes. I'm not the biggest car enthusiast by any stretch of the imagination, but any of the above really does rev my engine! There's no denying the importance of transport on cinema. It has even been said that the invention of the train was one of the biggest influences on early cinema (looking out a window almost like a moving picture and the idea of being transported to a different time/space). But the car remains the most popular and most luved, it's even got its own genre: the carsploitation genre. A genre that focuses purely on the beauty of cars. In effect, it's just porn! Car porn! And I'm not talking about that rather nasty documentary on Channel 4 in which men actually had sexual intercourse with cars. Whatever floats your...car, I guess. Moving on... whilst RUNNING ON EMPTY isn't quite as pornographic as VANISHING POINT (Richard C. Sarafian, 1971) for instance, with its close ups of the car in motion, all it's bumps and curves (!), this doesn't mean that the car isn't the main focus of this film. In fact, the cars themselves become characters (more on that later). They're objectified and fetishised as much as the women, in fact, maybe even more. And holy holy, are these cars something! Every car in this film (besides the ones in the background) are simply beautiful  works of art, there's no question about it.<br /><br />As I was saying, these incredible cars are, in a way, given characters themselves. You actually start sympathising with the car! SPOILER  Most notably during the scene in which the car is being wrecked and burnt SPOILER OVER. This has become almost a convention of the carsploitation genre; the evil 1978 Plymouth Fury from CHRISTINE (John Carpenter, 1983), Satan's custom Lincoln Mark III in THE CAR (Elliot Silverstein, 1977), the nifty little Mini Coopers from THE Italian JOB (Peter Collinson, 1969) to the friendly Volkswagen Beetle in THE LOVE BUG (Robert Stevenson, 1968) and of course each car from DEATH RACE 2000 (Paul Bartel, 1975) and even WACKY RACES (1968-1970) all of which had their own character. Ironically however, this emphasis on the car often over takes (!) the human characters! And this is certainly the case with RUNNING ON EMPTY, in which only one human character (the blind character who drives his car with his hearing rather than sight) has any sort of dimension, the rest are very much stock characters. These are all your stereotypical Australian 1980s teenagers; big hair, annoying accents and none of whom would look out of place in NEIGHBOURS, especially the Kylie Minouge look-a-like. But who gives a damn? It's all about the cars racing and crashing! That's it! If you don't like that you really are watching the wrong genre.<br /><br />The car scenes are certainly the selling point of this film, and the best thing it's got going for it. They are fast; very fast! And we're not talking about the rather annoying technique some films seem to use where they record the car 'speeding' at around 40mph, and then speed it up. Oooh no! Not with this film you don't. These cars are zooming along at top speeds in real time  no fancy editing tricks here. So, we've got speed. Check. What about crashes? Check, check, check! Whilst there isn't cars crashing EVERYWHERE a la the incredibly BLUES BROTHERS (John Landis, 1980) , when cars do crash in this film, they certainly crash! It would seem that they use gunpowder or something similar to build the cars as one little hit and KABOOM they're up in flames. It kind of reminded me of THRILLER: A CRUEL PICTURE (Bo Arne Vibenius, 1974) in that sense.<br /><br />Between these simply awesome scenes (especially the very start and the very end) there are quite a few scenes which slow everything done and, in my opinion, fail to add very much to the film. Note: more exploding cars needed! However there are a couple of exceptions here which are great scenes  SPOILER especially the attempted rape scene.<br /><br />So, all in all, this is a man's film! A boy's film! Full of cars vroom vroom vrooming around the outback and a couple of tits thrown in for good measure too. I'd recommend this little film to anyone even if they are keen cyclists (!)  it's a great film which you can just switch your brain off, sit back in your leather chair and put on full volume! I'll give it 3.5 luvs out of 5 luvs  Bruuuuum! P.S  Amazon are selling this for just over £2  it's a real bargain although the DVD lacks any special features whatsoever.",positive
"I never heard of Mishima before I watched this film and although parts of it are a little tedious, I still find myself drawn to watch it when it is repeated on the box. At the beginning of the film, we are told about a celebrated Japanese writer behaves like a lunatic and commits seppuku in public. As the film progresses you are gently inducted into twisted logic of Mishima's mind. The stages of his life are are presented in four chapters. Each chapter itself is a blend of two contrasting narratives, the first continues the story with scenes from Mishima's life and appear in black and white. The second narrative is an adaptation of scenes from a novel and these are staged like a play and filmed in vivid colours. There is a different novel staged in each chapter. Between each chapter, the narrative returns to the present, as Mishima proceeds towards his eventual ritual suicide. This means that the drama and tension is maintained until the end.<br /><br />I suspect that many people will find this film to be boring pretentious and art-house. I respect that, this is not a film for people who want action and a strong story line. If on the other hand you are the kind of person who relishes the opportunity to penetrate the mind a bizarre man while watching his life story told in collage of beautiful pictures set to music by Philip Glass, you will love it. I loved it.<br /><br />",positive
"Even if it were remotely funny, this mouldy waxwork of a film would still be soberingly disrespectful. Stopping just short of digging up the boys' corpses and re-enacting 'Weekend At Bernie's'  but only just  producer Larry Harmon and the director of the frickin' 'Ernest' films use holding the copyright as an excuse to crap all over Stan and Ollie's legacy. Gailard Sartain does a fair Ollie impersonation but Bronson Pinchot wouldn't reach tenth place in a Stan lookalike contest; even if they were both spot on the film would be no less detestable. The less said about the surrounding catastrophe the better. Makes 'Utopia' look like a dignified swan song.",negative
"This is not an entirely bad movie. The plot (new house built next door seems to be haunted) is not bad, the mood is creepy enough, and the acting is okay. The big problem I had is that, being familiar with Lara Flynn Boyle (from Twin Peaks and other shows), I couldn't get over how different she looks with her apparently new, big lips. I kept staring at them. They look so out of place on her face! They make her look completely different (and not better).<br /><br />Mark-Paul Gosselaar, the actor who plays Kim the architect who designs and pours his heart and soul into the house, does a fine job. And Lara (as Col) is also quite good (but those lips!) as the owner of the house next door. Her husband, Walker (Colin Ferguson) is appropriately wooden. The various characters who live in the house were also fine. I particularly liked Pie (Charlotte Sullivan) and her husband, Buddy (Stephen Amell), the first people to move into the house. The attempt to involve us in the overall neighborhood vibe fails, unfortunately, as the other neighbors are not particularly likable.<br /><br />For some reason the director was unable to make the ""haunted"" house particularly ominous. Other movies (such as Amityville Horror, The Legend of Hell House) manage to achieve that spooky feel, but it just doesn't happen here. The closest is when Col paints a depiction of the house.<br /><br />Another thing that didn't work for me is the plot twist that occurs with Kim, the architect. Initially, he appears to be a victim of the house like the others (it has sucked him dry of inspiration), but later he seems to have joined forces with it in evil.<br /><br />Overall, not a bad movie for horror fans if you can take your eyes off those big lips!",negative
"This is an excellent movie with a stellar cast and some great acting. I never tire of watching it. I especially love the scene where Danny Glover's character and Kevin Kline's character namely Simon and Mack have brunch together. Kevin Kline is such a natural and it seems his mannerisms are effortless and one you would encounter often. SO its a very 'real' movie. <br /><br />One of the most powerful scenes in the movie however, is at the beginning of the movie when Simon arrives at the scene where Mack's car has broken down. The movie also has a strong message and is unlike the stereotypical message carrying movie where there's one person preaching his guts out to an audience. Instead the actors' emotions and situations deliver an impactive message that does best without the use of words. And lastly, Mary McDonell is brilliant as always.",positive
"Just to clarify, Matthew Poncelet wasn't a real person, but a character combination of 2 killers who were BOTH convicted and sentenced to die for a murder of two teenagers.<br /><br />I read the User Comments and they react as if Matthew was real. The character is based on a mixture of two killers, Elmo Patrick Sonnier and Robert Lee Willie (who murdered separate people) and the murder itself was based on the one Willie committed. The conflict of both Willie having someone else present and both parties swearing the other did the killing is worked into the story as well.<br /><br />Prejean's approach is unique in that she not only is ministering to the convicts as they wait for their death and aiding them in taking responsibility for their actions, she also reaches out to the victims' families, to help them know that the convict did, indeed feel remorse for what they did-effectively aiding both parties.<br /><br />Everyone posting here seems to have strong beliefs on the Death Sentence. It's not my place to say it's right or wrong-in theory punishing death with death makes some sort of Karmic sense, however denying a person their freedom for the rest of their days, although costly, makes more sense to me-being stuck in a small room 23/7 (with one hour of exercise)for the rest of their days to be reminded of the cruel thing they did seem a more apt punishment-they are technically alive, but denied living. Say someone killed someone so they could get out of the responsibility the person they killed required (like Susan Smith killing her poor kids by shoving her car into a lake). I find it fittingly ironic that they would not get that ""freedom"" they craved and would now have to spend the rest of their days imprisoned.<br /><br />Prejean's point comes through the story very well. She has my respect-she manages to find that balance-she isn't supporting a killer, she is guiding them to accepting what they did. If they didn't feel some kind of remorse, they wouldn't be asking for spiritual guidance.<br /><br />Ona final note, when Poncelet apologizes to Delacroix parent for killing his son, the parents of the girl who was also murdered mutters something about why he didn't apologize for her death. I think the point was that throughout the movie, Poncelet denies killing both kids. There is doubt in Prejean's mind he did both killings-there is a friend who was sentenced but not to death-my thought is that Poncelet killed the Delacroix boy and the other man murdered the girl-hence Poncelet was taking responsibility for what he did. Had he been responsible for the girl's death, he probably would have apologized for that as well.",positive
"This movie was the worst movie I have seen since ""Date Movie."" I was laughing through out the whole movie instead of being scared. It was funny how the snakes would search for particular section of the passengers body to attack for example, the eye, the tongue, the butt, the breast. If we have seen national geographic channel we know snakes wont stay clinched on the body once they bite. For each particular scene the snakes would bite the passengers and would stay on the body biting the person. I believe the producer did not study his information on snakes and their behavior. I cant believe I wasted my money on this movie.So I don't recommend this movie trust just wait until it is at the dollar theatre or rent it.",negative
"My parents may enjoy this show, but I fail to find the humor in it. What is so funny about a dentist husband impregnating his hygienist assistant and the oldest daughter getting impregnated by the captain of the high school football team? Absolutely nothing! It's a shock to me sometimes what people think constitutes humor nowadays. Blame that on shows like ""The Dating Game"" and ""The Newlywed Game"" bringing the issue of sex to the forefront in the mid-1960s. Sure, the series has its touching moments, still that's no excuse for the content that otherwise went into this series. This is nothing like the family-oriented days of ""I Love Lucy"" some five decades before. <br /><br />An answer I would have to why this series plays on the Lifetime cable channel is because that channel's brass think women can relate to Reba's character! I absolutely dislike the character of Reba Hart's daughter, Kyra. She is best described as a ditsy and bitter teenager! Funny, I wonder if the actress who played Kyra; Scarlett Pomers, is like that in real life away from acting. Who plays the blockhead ex-husband dentist, Christopher Rich, is not much better. Barbara Jean, played by Melissa Peterman, is ditsy in herself! The characters of Van and Cheyenne are also very annoying.<br /><br />Something else that baffles me is why the dingbat-of-a-series creator, Allison M. Gibson, decided to set the series in where I live 25 miles away from; Houston, Texas! Reba McEntire isn't even from this state, she's an Oklahoman! Why is it during one season or more they decided to make the incidental music sound like a pig snorting? What I mean by that is where we hear this baritone saxophone being played with drums accompanying it, but the melodies are basically tuneless!",negative
"First off I am in my mid 40's. Been watchin horror films since I was a kid so I have seen A lot of variety. IMO,this is not as bad as the multitudes that gave this a 1 or 2. <br /><br />Yes,it is a low budget horror flick. The dialog is soso and acting tolerable,sometimes. The basis of this film plotwise is actually pretty good. For those of you old enough to remember or lucky enough to have seen them on DVD. This is very much like a 1970's movie of the week. Just add in blood and minor gore,minor T & A and swearing, without big names. That is it to a T. I would rather watch this than Jason vs Godzilla or whatever other continuois crap is out there. Tho not as good, EVIL DEAD was a LOW budget film. At least give these guys credit for trying. With acouple MIL budget this could have been a pretty good flick. My score a watchable 4.",negative
"Set in and near a poor working class town in the mountains of rural Italy, it's a story of madness. The landscape may be quite picturesque, but there's madness herein, concealed behind the mask of a person who seems outwardly normal. This person kills little children.<br /><br />In style and tone this film resembles Dario Argento's famous Italian giallos, those fascinating whodunit horror films, except that Argento's films are much better looking. Still, the visuals in Fulci's ""Don't Torture A Duckling"" are competent, with some interesting compositions and lighting. Lightning and thunder on a rainy night enhances suspense in one sequence wherein one of the ""ducklings"" is vulnerably alone.<br /><br />In one sequence the gore is a bit overdone. But this is no slasher film. A legitimate theme undergirds the story. And that theme is that madness can take many unexpected forms, not just the obvious delusions of people who practice voodoo or black magic.<br /><br />Plenty of red herrings render the puzzle solution difficult if the viewer doesn't assume an agenda on the part of the director. Don't dismiss someone who might not seem to be a suspect. The twist near the end provides good misdirection. However, in one scene midway through, a line of dialogue could have been added to clarify the relationship between two characters, one of whom is the murderer. The film's finale takes place on a beautiful mountaintop with the wind whistling in the background. We see flashbacks to clues and get insights into the killer's mindset.<br /><br />I don't care for the film's widescreen projection. But background music is effective, and ranges from jarringly creepy at the beginning to low-key jazz, to indigenous Italian songs. Acting is generally average, though in a couple of cases, it's a bit overdone.<br /><br />Though not as visually brilliant as Argento's giallos, ""Don't Torture A Duckling"" nevertheless is a fine film, one that contains a thematic storyline and enough of a whodunit puzzle to interest most viewers who like thrillers and murder mysteries.",positive
"If the only sex you've ever had is with a farm animal, then the tag line for this movie is probably still misleading.<br /><br />This is by far one of the most boring movies I've had the pleasure to try and watch lately. I found the DVD lying around at my friend's house, and I made the sad mistake of not burning it.<br /><br />I am unable to tell any details without spoiling the movie because there are only about 5 details to this movie. Just try to imagine someone making a movie about things on c-span only the fictional movie is 10 times less interesting than the most boring debate on c-span.<br /><br />I think there is a conspiracy somewhere in this movie, but I was unable to tell exactly what it was after I gouched my eyeballs out and threw them at Richard Gere.",negative
"I am a massive fan of the book and Orwell is certainly my favourite writer ever since studying Animal Farm at GCSE. I bought the DVD out of sheer curiosity, Burton is an actor I hold in high regard so when I heard that he played the role of O'Brien I was swung.<br /><br />I watched the trailer on the DVD first and some fears started to set in, mostly regarding the frankly terrible ""Theme song"", hearing the Eurythmics mechanically shouting ""1984!"" over and over again to an electronic beat is as bad as it sounds.<br /><br />The acting on a whole is pretty good, Burton and Hurt play their roles well and the tension that exists in the Ministry of Truth towards the end can be felt, especially in the harrowing Room 101 scene. However this is also where the movie is let down. The movie spends too much time focusing on the Love affair between Winston and Julia, which frankly isn't what Orwell was writing about. He was writing about a harrowing future, about how Ingsoc build up a mans beliefs and then shatter them all in the name of him being made to love Big Brother. The movie skips over what is essentially the most important part of the book, Winstons coming to terms with his position in life and the world, and his re-education via O'Brien.<br /><br />The comment on IMDb at the moment states that the movie sticks to the book is completely incorrect. Julia is not present when Winston visits O'Brien, they do not commit themselves to Goldstien's Brotherhood and confess their crimes. There is no obvious mention of the initial instances where Winston finds the article with the Unpersons but it does get mentioned near the end, if you have not read the book it is completely confusing.<br /><br />A terrible screenplay, which some excellent acting cannot rescue. Michael Radford seems to have completely missed the point Orwell was trying to make, and the electronica sound track is frankly terrible.",negative
"I almost made a fool of myself when I was going to start this review by saying "" This movie reminded me of BILLY ELLIOT "" but then I looked up the resume of screenwriter Lee Hall only to find out that he was the guy who wrote BILLY ELLIOT so it's Mr Hall who's making a fool of himself not me <br /><br />Am I being a bit cruel on him ? No because Lee has something most other aspiring screenwriters from Britain don't have - He has his foot in the door , he has previously written a successful British movie that won awards and made money at the box office and what does he do next ? He gives the audience more of the same <br /><br />Young Jimmy Spud lives on some kitchen sink estate . He is bullied at school and no one loves him . The only thing keeping him going is that he has aspirations to be a ballet dancer . No actually he has aspirations to be an angel but considering his household he may as well be a ballet dancer . He has a macho waster of a father who thinks "" Ballet dancers are a bunch of poofs while his granddad says "" Ballet dancers are as tough as any man you could meet . I remember seeing the Bolshoi ballet ... "" Yup Ballet is a main talking point on a run down British council estate those days - NOT . Come to think of it neither is left wing politics which seems to be the sole preserve of middle class do gooders who live in nice big houses , so right away everything about this set up feels ridiculously false <br /><br />Another major criticism is that this is a film that has no clue who it's trying to appeal to . I have often criticised Channel 4 for broadcasting movies at totally inappropriate times ( THE LAND THAT TIME FORGOT at 6 am for example ) but they showed this at 2 am and for once they've got it spot on . Considering the story involves politics , ballet dancing ( Gawd I hate it ) lung cancer and poverty there's no way this can be deemed suitable for a family audience but since the main protagonist is an 11 year old child and features angels and ballet dancers ( Don't blame me if I seem obsessed with the subject - there was no need to refer to them ) there's not much here for an intelligent adult audience either . <br /><br />Of course if Lee Hall had been told at the script development stage by the producers that he should write a story featuring a schoolboy and an angel and had flatly refused saying that he wanted to write about other themes and stories then I will apologise but throughout the movie you do get the feeling that once the film was completed it was going to be marketed to the exact same audience who enjoyed BILLY ELLIOT",negative
"I sat through this on TV hoping because of the names in it that it would be worth the time...but dear Gussie, whoever thought this script was worth producing? The basic idea is excellent but the execution is appallingly bad, with a constantly illogical sequence of scenes, an ending that is almost laughably melodramatic and poor Rock Hudson wanders through this with an understandably confused look on his slightly sagging face. Looks like a bad B movie from the 40's...",negative
"Hard to believe this was directed by Fritz Lang since he mostly directed crime dramas and mysteries. This movie has a cast that includes Robert Young, Randolph Scott, Dean Jagger and John Carradine. Scott plays an outlaw who tries to go straight and leave his old gang and winds up saving Jagger's life. Jagger works for Western Union, a telegraph company that plans to have telegraphs out west. Jagger hires a lot of men to make sure it is done because they have to worry about Indian attacks and bandits. Scott is in charge of the men and Young is a telegraph expert who can't shoot a gun but can ride. Scott meets up with his old gang who want to stop them but Scott can't tell anyone. It's a pretty good western and Lang should of directed some more westerns.",positive
"Seeing this movie, as I just did for the first time on Turner Classic (which lists it as ""Dangerous Female""), can only multiply your appreciation for the 1941 Bogart-Astor version. Ricardo Cortez must have been getting paid by the smirk. I hope he remembered his dentist and his Brylcreem salesman in his will; they made him the actor he was. The women are all good, but no better than that. Well, Una Merkel is a little better. More interesting are the ""original"" Joel Cairo and Mr. Gutman, who competently deliver many of the individual tics but almost nothing of the set-changing atmospherics of their successors in the roles, Peter Lorre and Sydney Greenstreet. Humphrey Bogart and Mary Astor somehow transcended the essential seediness of their characters in the remake; here, Sam Spade and Ruth Wonderley(!) can't. <br /><br />This movie doesn't exactly stink; it lies there like a big slice of ham. Its chief value today is as a reminder that great movies like the '41 ""Falcon"" don't just happen. On the 1-to-10 scale I rate it a 4, mainly for the camera work and the supporting players.",negative
"THE TEMP (1993) didn't do much theatrical business, but here's the direct-to-video rip-off you didn't want, anyway! Ellen Bradford (Mel Harris) is the new woman at Millennium Investments, a high scale brokerage firm, who starts getting helpful hints from wide-eyed secretary Deidre (Sheila Kelley). Deidre turns out to be an ambitious daddy's girl who will stop at nothing to move up the corporate ladder, including screwing a top broker she can't stand and murdering anyone who gets on her bad side. She digs up skeletons in Ellen's closet, tries to cause problems with her husband (Barry Bostwick), kills while making it look like she is responsible, kidnaps her daughter and tries to get her to embezzle money from the company.<br /><br />Harris and Kelley deliver competent performances, the supporting cast is alright and it's reasonably well put-together, but that doesn't fully compensate for a script that travels down a well-worn path and offers few surprises.",negative
"This film is a tapestry, a series of portraits of Rom communities woven together by music. It's very much a musician's film, because of the paucity of spoken dialogue - and what dialogue there is, is not important to the structure of the narrative. Some might expect a National Geographic tale of ""customs, dress, and music"" or a plot-line orbiting a few central characters - don't look for that here.<br /><br />This is because it paints a portrait of a family of peoples, rather than telling a story of individuals. The plot is the story through space (India to Andalucia) and/or/ time (we cannot tell) of a people. There is no need of narration. You get a sense of a joyous people, strongly linked in small communities where social interaction is very important. And a great sense of sadness in parts, at their rejection by society at large.<br /><br />So it's a paean to Rom culture, very beautifully shot, with a wide spectrum of Rom music, and a sting in the tail which is the oppression these people have faced, and still face.",positive
"I think a great many viewers missed entirely the fact that this is obviously a parody of western films.<br /><br />This is not a bad movie - it is a clever tongue in cheek take on westerns. I don't believe this film was taking itself seriously for a moment.<br /><br />What makes this film even more unique is the fact it is centered around 4 strong, beautiful women, two of which are black, one Asian, and a Mexican/Hispanic character.<br /><br />These aren't your usual western women--they're tough--they can draw fast and shoot straight.<br /><br />They're so tough even the bartender is shaking when he pours their whiskey.<br /><br />The plot which moves this story along is typical of westerns--in the vein of ""you shot my brother--so I'm gonna get you!"" Only in this western, a woman's sister has been shot and she's out for vengeance on the gang who did it.<br /><br />So she goes and rounds up her old cronies from her bank robbing days.<br /><br />One of them, Maria, is not really all that interested in avenging Rachel's sister, but she is motived by the fact there's gold and jewelry hidden in the town where they're headed.<br /><br />There are a couple of scenes that don't quite make sense, not that they interfere that much, they can be ignored, but I wondered why they were there. So the film could use a little tightening, but over all, this is a well made film that has failed to find an audience that recognized what it is.<br /><br />My only disappointment was that the only lesbian in the film is a villain--of the ""heroines"", one is obviously straight, the others sexual orientations are never disclosed.<br /><br />7 Stars",positive
"I enjoyed every moment of this beautiful film and was intrigued about this female painter I had never heard of before. So I set out exploring her life and work afterwards. As could be expected, I found out that the film was not exactly historically accurate. I was a little astounded however by the very negative comments on the film because of this inaccuracy. Come on, guys, a film isn't and shouldn't be a biography (nor a novel!). Any historical film distorts reality, because it should be a work of art in its own right. A film director is fully entitled to use elements from reality and history to create a world of his own. Artemisia is a wonderful film and I think it brought many people (including some that now give negative comments) to explore the life and work of this fascinating artist.",positive
"Wow, I can't believe i'm the first and only one to post a comment on this great movie.<br /><br />Although the movie itself seemed interesting enough the real thing that attracted me to this one is Matt lillard, granted most people probably either think he's too caffeine happy or just plain sucks but we're both the same age and from the same generation and i've watched this guy so many times that he's one of my favorites now. This is one of the few movies where he is the big shot and main star kind of like in SLC Punk, another great Lillard film.<br /><br />Baiscally this is storywise your usual heist movies but with more twists than anything, which start to amount to craziness. Also very notable in this movie is another great actor named vincent D'onofrio, a very under appreciated person in the film industry. The woman in the movie is a newcomer and she isn't too bad although you know they hired her mainly for her accent and the nude scene =)<br /><br />It's a game of jack vs jill vs bob as each want to reap the rewards but share with no one. They all try to get eachother to kill off the other and it's a timebomb waiting to explode. Matt shows his true prowess as the scheming JAck who initially starts the whole scheme. Vincent and woman play a couple of art thieves who are in need of money due to a lack of business. Vince's character is a bit deranged and skitz's throughout the movie but that only add to the intensity of the film.<br /><br />The surprises left and right are well welcomed and the ending is very non cliche and makes you feel happy, well maybe that depends on the type of endings you like. This movie kept me very interested besides the fact Matt was in it, it's a great movie and i'd highly recommend it to anyone who likes movies. Critic's probably won't like this movie, but they don't watch movies cause they like movies anyway.",positive
"For those who have enjoyed the Asterix books and films, you'll LOVE this film! Yes, I will admit that it does mix some of the books and films, but the characters are brilliant and it's not just people showing off their CGI left, right and centre. I've already seen it several times and laughed my socks off at it.<br /><br />Of course it contains the main heroes Asterix (Astérix), Obelix (Obélix) and Dogmatix (Idéfix), but this time they have someone new to... deal with.<br /><br />With a sense of humour like that, the Gauls will go on and on and on. Bless 'em.",positive
"On many levels it's very good. In fact, considering that this was a low-budget British indie by a first time feature-director with a largely neophyte cast, it's a magnificent achievement. I don't know how much it cost. The figure of £8,000 was bandied about in publicity but you never know how reliable a figure like that is. The point is that this film looks like it cost a couple of million quid and it clearly cost a tiny fraction of that Great special effects, terrific production design, effective props and costumes, excellent photography, good acting and direction, an impressive score and an absolutely stunning sound mix. Even having said that, much of the script was great. The characters were clearly identified and all had something to do. This is a movie about ten men all dressed roughly the same in one location and it would be easy for them to be nameless, faceless blanks but these were ten characters - mostly that was done through the dialogue and the way they reacted to things. Throughout the middle act, when the plot was developing, the script told the story well and showed how it affected the characters. If the whole film was like the second act, it would be stunning.<br /><br />Before the ship blows up, twelve people make it to individual escape pods or 'e-pods' which blast away from the ship. They're not much more than automatic metal coffins and the poor sods inside are trapped, cramped and have no real idea where they're going - but that makes sense. I like the e-pods - they're an excellent idea done very well and make more sense than a nice, roomy escape capsule. I also like the way that we are specifically told, later, that they are designed for ship-to-ship escape but can just about make planetfall in an emergency - because, let's face it, these guys were bloody lucky that their ship was blown up so close to a planet. That said, it doesn't look to me like there are 116 unused e-pods still on the freighter and you have to wonder how the prisoner is able to get into an e-pod - but in he gets. (And it has just occurred to me: shouldn't the Captain have gone down with his ship rather than being the first guy out of there?) Anyway, the e-pods all land on a barren planet with nothing but sand and sparse vegetation - or at least on a sandy, sparsely vegetated part of the planet which may have icy wastes and lush jungles elsewhere. Nah, it's a planet in a sci-fi movie - it will be exactly the same all over. We have to accept that all the e-pods come down within a few miles of each other so that the ten survivors are able to meet up, firing flares into the sky to locate each other.<br /><br />The Captain, a muscular mountain of a man who could have a pretty good career in action flicks if he gets the right agent, decides that they should try and contact 'Captain Behan' with whom they were intending to rendezvous. But they cannot do this from the planet, they need to get into orbit. The engineer says that if they combine the power units from two e-pods they can probably give one of them enough juice to lift itself on anti-grav doodads high enough to blast above the atmosphere. It can all be done on automatic but it will need a 'pilot' to send the signal. The captain valiantly volunteers for this but in a commendably sensible move the engineer points out that putting the heaviest man into the somewhat dodgily repaired e-pod is ridiculous and that it needs to be the lightest member of the team. That's Kid. I really liked the way that he now points out that his name is David and the Captain starts using it, treating him with dignity and respect. That was good storytelling and good characterisation.",positive
"When one considers that Carson McCullers is one of the foremost literary figures of the 20th century, it seems that it needs a very great lack of talent to be able to ruin one of her stories, but this movie shows it can be done! How do actors ingratiate their way to becoming directors? Wooden, unatmospheric, unsympathetic, totally out of sync with the poetic compassion of McCullers' writing, my jaw dropped with horror and disbelief that such a mish-mash of a movie could ever have found finance and backers. The only redeeming features are some moderately good acting, (although that said, Vanessa Redgrave seems to permanently render much the same performance whatever character she plays), and some good cinematography in places, but otherwise it is a bitter, bitter disappointment, and it could, and indeed should, have been a contemporary masterpiece. Simon Callow should hang his head in shame and stick to acting!",negative
"Now days, most people don't watch classic movies, such as this. Most of friends only watch movies from the '90s to present. Thats kinda stingy. <br /><br />Most old movies like this are masterpieces, unique in their own way. Only because, back when these movies were being thought of and made, thats when ideas were fresh. Now people strain just to think of new ideas. <br /><br />Anyway, to the movie. For true fans of classic horror. This is for you. The movie is based with a investigator from Scotland Yard investigating the disappearance of an movie actor, and stumbles on to three other strange occurrences with past residents of the same house. <br /><br />I won't say anymore, for I will ruin the movie more than I already have. But it is a terrific movie for as old as it is. And would never mind watching it again!",positive
"How can anyone argue the fact that Urban Cowboy was, and still is, the best document of Texas life for the time period. Consider the following: men beat their wives, get drunk at bars nightly, get married to settle a fight, commit adultery, and compete on mechanical bulls. Try and name a movie that depicts real life so vividly. They dont make them anymore. It seems current films are always about people with lots of money, they live in huge homes, drive expensive cars and don't work. This movie has a celebration scene about getting a trailer for pete's sake !<br /><br />Anyway, I watch it at least once a week. No kidding. I have dissected this movie from end to end. feel free to email me to learn more about my reason for calling it a documentary. Consider the following scenes: Bud sees Sissy - they are split up - he amicably honks and waves, she flips him the bird - he returns half the peace sign honking his horn to add impact then tears off.<br /><br />Buds mom calls him approx. 18 hours after he gets into town, on a Sunday, to see if he has a job yet - all he has accomplished is getting drunk and laid(x2), with help from his uncle and aunt who cover for him.<br /><br />""You all live like pigs"" Think about why this scene is needed. Think about it. Was it necessary ? Could we not figure it out without showing the filthy sink ? God I love that !<br /><br />Sissy allows Wes to help her ride the bull. Only a few days (or possibly the next day) after Wes just kicked the crap out of her husband. Steve asks - Hey Sissy, remember Wes ? Oh yeah, didnt you beat my husband up the other night, so let's get this lesson goin', to make no mention of the fact that she seeks solace in him later during one Bud and Sissy's many fights, which by the way all take place in public - in Gilley's !<br /><br />The Wedding reception picture taking session (oh the humanity !) could they at least arrange or move the chairs out of the way. ""My legs are sweatin' momma""<br /><br />In conclusion, you don't put scenes like this in a movie to try and show insight into human psychology. It is a documentary of real life.<br /><br />I only wish there was a director's cut....",positive
"This is the Columbo that got directed by Steven Spielberg at an early point in his career. It's nothing sensational but some small hint of great things to come for Spielberg can be seen in this movie. The movie is basically in the same style as most of Spierlberg's '70's movies and TV works. So that means that some characters tend to show some quirkiness's and no I'm not just talking about the Columbo character alone. The kind of character quirkiness which perhaps can be best seen in the 1975 Spielberg movie ""Jaws"". But other than some small hints of typical early Spielberg elements, you can't call this movie the work of- and fine example of a rising director star. Not that its bad, of course it isn't but as I said earlier, it also isn't anything too sensational.<br /><br />This movie began really well and very promising but after it's fine opening, in which as always the murder occurred, the movie became sort of more slow and also dull to watch. Dull because it's mostly a Columbo movie by the book that doesn't have real memorable moments in it, not dull because it's a boring movie to watch.<br /><br />The murder itself was quite ingenious and the concept of having a crime story writer murdering his writing partner showed some great and interesting potential. The story however didn't really explored all of its possibilities. At least that's the feeling this movie left me with.<br /><br />The movie was still a good one to watch nevertheless thanks to the character of Jack Cassidy, who thinks he's smarter then Columbo, due to his mystery/crime writing experience and tries to give him all kinds of possible hints, leading away from himself. But of course Columbo knows better and he is his number one suspect from the first moment on but he as usual plays the game along.<br /><br />The movie does have a good overall style and uses some fine camera position and editing. Funny to see that also most of this was all mostly consistent with Spielberg's later work, especially some of the camera-angles.<br /><br />A fine and perfectly watchable Columbo movie but don't let the name of Spielberg attached to it rise your expectations for it too highly.<br /><br />7/10",positive
"Well made documentary focusing on two Sudanese refugees who get resettled in the United States. It's your basic fish out of water story with a non-fiction twist. I found it fascinating to see how Peter and Santino lived prior to coming to America and how they adapted once they arrived here (in Houston, Texas.) They expected a sort of heaven but found out that it's a lot harder than it looks to cope well in the states. They go from hopeful idealists to somewhat more realistic skeptics. Everywhere they go they meet bureaucrats with paper trails that most citizens may take for granted. They fret that they are blacker than the African-Americans here and don't feel accepted because of that. One of the ""Lost Boys"" manages to leave Houston to go to Olathe, Kansas, where he finds conditions slightly better but still less than ideal. There are people that try to help them as well as try to hurt them in this film. Not shown, but talked about, are those who put a gun to their heads and robbed them, leading one Lost Boy to comment negatively that ""all black people in America are no good."" I found it interesting, too, that they arrived in Houston in August 2001, a month before the World Trade Center was attacked by terrorists. I had hoped to see their reaction to this tragedy but it's not mentioned at all. Still, all in all, a really well done documentary with no narration. None is needed really. The ""Lost Boys"" do a fine job expounding on the events going on around them without any help at all, thank you very much.",positive
"Despite Louis B. Mayer reportedly not being interested in signing the young Greta Garbo to a contract, this first American and MGM film for the actress looked quite beautiful. It's obvious that the film was assigned some amazing talent to film the production and make matte paintings, as it has all the nice polish and artfulness you'd expect from the best pictures the studio could produce. It simply looks beautiful--even 84 years later.<br /><br />As for Garbo herself, like her other very early American films she, too, looks different. While she's quite recognizable, her makeup is much softer than it would become just a year later--giving her a less severe look and a gentleness about her you just didn't see in subsequent films. I kind of wish they'd kept this look, but considering how famous she'd become with the trademark look, who am I to say they shouldn't have gone that route?! The film is about Garbo and how she and her family are unfairly forced off their land by the landlord. While the landlady, the much esteemed Doña Bernarda, claims it's because the bank has demanded payment, it's because her son has fallen for Garbo--and what better way to get rid of her than to force them out on the streets! Nice lady, huh?! Years pass and by now Garbo has become a new singing sensation who is world-famous. When she returns to her hometown years later, her old boyfriend (who HAD promised to marry her but wimped out when his mother, Doña Bernarda, refused to allow it) sees her. His new love for another lady is now tested--will he be content to marry this lady who is the heir to a huge pig fortune or will he want his old flame? And, more importantly, will Garbo even take him back after he behaved so spinelessly? In the meantime, a huge rainstorm hits. The land begins to flood and homes soon are being washed away by the deluge. Cortez and a friend make a mad dash as the dam breaks! In a scene where they obviously superimposed his row boat over the cascading stream, he eventually makes it out alive and to the home where Garbo is now staying. She welcomes them inside and they stay with her until the storm passes. Then, he admits that he still loves her and had braved the storm to make sure that she was safe. She tells him to get lost! Next, you see Ricardo about to get married to his second choice, the daughter of the Pork King. He obviously has little enthusiasm for this--and you feel sorry for the lady, as she did nothing wrong. Soon, Cortez is seen wandering back to Garbo's home--he's love-sick and needs her. In this scene, Garbo is quite luminous and can't tell him to leave--as they dissolve in each other's arms. Once again, he tells her of his love for her.<br /><br />When Doña Bernarda learns of this, she is not pleased. Evidently, a Pork Queen is a better catch than an internationally known singer. Because of the meddling of this nasty old lady, Garbo leaves--unwilling to come between the mother and her wimpy son. But, Cortez comes running--announcing he MUST have her and won't rest until he has her as his wife. Moments after making this proclamation, a family friend talks to Cortez and convinces him to give her up for the good of his career and reputation. So much for ""won't rest until he has her for his wife"", huh?! Despite Cortez being a wimp through and through, for some reason she cannot bring herself to hate him. And so, he marries the Pork Queen and lives a very dull life. When years later Garbo meets Cortez again, he is a dull looking middle-aged man--while she is as beautiful as ever. And, not surprisingly, she tells him, once again, to get lost.<br /><br />At the time this film was made, Garbo was not a star in the US and Cortez was. So, in light of this, it's surprising they gave Cortez such an unlikable character to play. Instead of the usual confident Valentino-like role they'd been giving him, here he is an indecisive wimp--a HUGE wimp. And, from here on, his career was on a slow downward spiral. As for Garbo, the role helped establish her as a big star--as she was THE focus of the film and played a character much like her later personas.<br /><br />As for the film, the new music composed for it was very nice, though a tad repetitive. The print, oddly, was nearly perfect throughout except for the intertitle cards--which could use some restoration.<br /><br />A most enjoyable film--expertly constructed, wistful and worth seeing. And, for one of the few times I can think of it, I have no real complaints in this excellent film.",positive
"I'll make this brief. This was a joy to watch. It may or may not have been more effective if the characters had resembled their real life counterparts, but aside from this minor observation I found the fantasy animal characters to be most enjoyable. The visuals were most stunning except for the second-rate CG scenes, which could have been left out. I dislike computer generated animation anyways, it defeats the purpose of a biopic such as this one. Watch it, you will appreciate it too!",positive
"Saying this movie is extremely hard to follow and just as frustrating to sit through is putting it very mildly. Also saying that the current available print is dark, dreary, scratchy, abysmally edited, painfully dubbed, seemingly censored and in almost unwatchable shape is also correct. This film is in dire need of a good remastering from the full, uncut, original negative and seeing how it's reasonably atmospheric (and won the director an award at the Catalonia Film Festival), it might actually be worth the trouble. Then again, maybe not... It's just impossible to tell in its current condition what kind of movie it actually is. It starts fairly interesting, if you can discount the completely senseless pre-credits opening sequence, which involves a deranged cat-killing, snake-loving little girl named Gerda. The girls mom, Carla (Mónica Randall, who should have laid off the eyeliner a little bit), splashes some gasoline around in the garage and torches the brat. Seemingly about as crazy as young Gerda, she goes to visit her estranged photographer (ex?) boyfriend Mario (""John""/Cihangir Caffari). He's on vacation from work, but so desperate to get away from Carla that he begs his employers to set him up on an assignment... any assignment. She scowls ""You'll be sorry!"" as he heads out the door. Well, Mario is assigned to photograph ""Witches Mountain"" (somewhere in the Pyrenees, I believe). Before he gets to his destination, he gets sight of a hottie on the beach named Delia (Patty Shepard) and snaps a few pictures of her taking off her bikini top. Only slightly peeved, she claims to be a single writer, the two flirt and then decide it would be a swell idea if they went on the trip up the mountain together. When they stop by her place so she can pack her bags, Mario suddenly hears loud, sinister music. Delia claims he's just hearing things.<br /><br />So the two begin their trip up the mountain, taking a stop at a local inn to spend the night. There they encounter a weird, partially-deaf, crazy-eyed innkeeper (Victor Israel) and Delia claims someone was spying on here through her window. The next day, under some trance, she wanders off up the mountain and is eventually located by Mario, who hops out of his jeep and runs after her. While he's finding out what's up, someone steals their wheels and they're forced to walk a piece, eventually finding the jeep undamaged at the foot of a small, ancient, seeming abandoned village... almost like someone was trying to intentionally lure them there. Well as we will see, that's exactly what has happened. In the village they encounter a friendly old woman named Zanta (Ana Farra) who claims she's the only person still living there and lets them stay in her home. Mario takes some pictures of the ""abandoned"" city and when he develops them they are eerily full of people. Slightly creeped out, he and Delia begin to leave and get stuck in ""treacherous"" fog and have to pull over and camp out for the night. The rest of the movie has to do with voodoo dolls, black cats transforming into sexy women, Satanic rituals performed by ladies in their bras and a deadly fall off a cliff. And yeah, coincidentally Carla the estranged wife turns out to be one of the witches, too. It all takes place in semi-darkness and to be quite honest, I didn't know what the hell was going on most of the time. The inconclusive ""open"" ending is just an additional slap in the face to anyone having to suffer through the rest of this senseless mess.<br /><br />Honestly, there are just a few things that stand out to me as being really good. The first is actress Shepard, who has that great Barbara Steele kind of dark, mysterious beauty. There's also an excellent music score (credited to Fernando Garcia Morcillo) and chanting songs, which aided immensely in making this film as atmospheric as it is. The location work is fairly decent, but as I said, the print is ugly as can be and it doesn't make a lick of sense, so proceed with caution on this one.",negative
"I believe an entire book can be written about the odyssey to remake the classic film on which this film is loosely based. When Hollywood first started talking about such enterprise, the reaction was always negative because there were just too many aspects that could have gone wrong, starting with the solid ensemble that made the original unforgettable, and that's exactly where things begin souring here, with the selection of actresses that otherwise can do remarkable work, but that are not suited to the parts, and sadly enough, have been directed with the heavy hand of a director that doesn't understand or appreciate the source material.<br /><br />It seems as if there is no focus or direction, or as if the direction that has been taken is to obliterate anything that was good about the original film. This is called an updating, as in let's drain the story out of humor, snappy dialogue, and any interesting premise. Most of all, let's prove that women have come a long way, except that the problem is that we don't really get (at least by watching this film) where the women are truly going.<br /><br />For starters, casting Meg Ryan in the central role proves almost fatal to the movie because somehow she seems to have locked herself into some sort of limbo where women don't really change appearances, even after 20 years of working in the movies. Her Mary which proved to be a difficult role in the 30's, somehow grew from her interaction with the other stereotypes, like Dorothy in ""The Wizard of Oz"" by learning, observing, and realizing that she had a choice in the matter. It might not have been a choice that women would celebrate nowadays, but it was fun ride, and part of the fun, was the catty, silly, sometimes slapstick routines that elevated that movie into the realm of the sublime. In here, we are down to earth with a thud. By changing the nature of Sylvia, the film has lost a lot of its spark, and it isn't in anyway Annette Bening's fault. I couldn't help but admiring how she tried to save this sinking ship and got a sinking feeling as she struggled with the horrible lines she was handled. Thankfully I entertained myself by looking at some of her terrific outfits and kept reminding myself how talented this lady really was. Her Sylvia is wise but flawed, and she could have been a great creation. Unfortunately Ms. English wasn't paying attention to her own work and loses control of the one character that could have turned the film into a fresh direction.<br /><br />Yet that wasn't the biggest blasphemy of them all. In the original, we have Joan Crawford doing probably one of the best performances by a woman. Her Crystal is legendary, with conniving lines, incendiary moves, duplicitous maneuvers, and some very sexy poses. She was the link between the male and the female, and through her we knew what the whole catastrophe was about. She provided the tension between men and women. She was dangerous, sexy, the ultimate femme fatale. A woman of intelligence that we feared and admired, and most importantly, we wanted to destroy to save our heroine. Eva Mendes, as gorgeous as she is, is two dimensional in this outing because of weak writing, and once again, some bad casting.<br /><br />There are more atrocities in the film, such as the addition of a terrible role for Mensing as the dedicated mother who lives for having babies, and the rather annoying lesbian turn by Pinkett. Then comes the biggest waste of talent in the movie, as Bette Middler, who is a little unrecognizable in her make up, shows the spark of what could have been. Her acidic delivery reminds us of the contemporary angle the film could have taken. Her words revive and put a big of much needed naughtiness in the film, and it is exciting to see that it could really fly, then she is gone. She is in the film all of six minutes, and she fades away in the middle of the muddle.<br /><br />Here is a movie that raised our anticipation level and truly disappointed us, a film that could have joined the successful ""Sex in the City"" who made an amazing transition to the big screen because it respected its source material and didn't compromise. It gave us more, bigger and better adaptation. It truly updated what had made it successful before. ""The Women"" in its present reincarnation needs to go back and rework itself, much like ""The Hulk"" did it this year, find more suitable performers, a really good writer, and most of all, someone who truly treasures what good movies are about.",negative
"This is my first review on IMDb.com and probably first ever written review of a film I've done of my own accord - not for some class assignment. I think that fact alone says something about this movie... not a good thing! I am no seasoned journalist or critic (though I have seen my fair share of movies), but I found this particular film so terribly painful to watch, it was necessary for my own peace of mind to vent about the experience. Where better to do it than IMDb? As I forced myself to sit through the movie, physically writhing from the inability to connect-the-dots, I was sure there would be some ""light at the end of the tunnel"" - a revelation to explain what in samhe.-.ll was going on. The movie ended and I was as enlightened as dog****. After several rewinds to review certain scenes I still could conclude nothing sensible. I found myself wanting to yell ""Does this make sense to anybody?"" I would recommend to not waste your time, but then again if I were you I'd probably want to experience it myself. If that's the case, bring a crossword puzzle or something so you don't get bored.",negative
"Great movie. I was laughing all time through. Why? Well, I am from Austria, I can get along with the German (Bavarian) kind of humor. So I guess this movie makes only sense watching when you are German native speaker. Stefan and Erkan both are talking in a new kind of turkish-german accent, which became really popular in our Countries (GER & AUT). But of course they are very stupid. As in every comedy your personal humor will decide, whether thumb up or down.",positive
"Oliver Stone is not one to shy away from a movie or theme for that matter. He is eager to confront people with their fears or show them their ugly faces in the mirror. Look on his CV for proof! This movie is not an exception, quite on the contrary, it is another gem, that unfortunately not many have seen.<br /><br />As controversial movies go, this is one that you should be thankful for. A movie that should encourage you to think about you, the people next to you. The prejudices that do exist and that everyone of us has in one form or another. Either we like to admit it or not, but it is easier to categorize people and be like ""Ah he's 'xyz', yeah he must be like ..."". Now I might be reading too much into it, but I don't believe that. I believe that Oliver Stone is a very intelligent filmmaker and that he was aiming for those things. And if that's something you want to explore (as a movie or within yourself), than watch this film and be excited!",positive
"This third Darkman was definitely better than the second one, but still far worse than the original movie. What made this one better than D2 was the fact that The Bad Guy had been changed and Durant was not brought back again. Furthermore there was actually some hint of character development when it came to the bad guy's family and Darkman himself. This made my heart soften and I gave this flick as much as 4/10, i.e. **/*****.",negative
"I just saw this film last night, and I have to say that I loved every minute. If taken in the spirit of a parody of Bond-esquire films, it's truly superior. The true comedy of the film is in its blatant disregard for political correctness. The misogyny, cultural insensitivity, and almost laughable macho-ism of the films of this genre are used for major comic effect. It also calls the illogic and formulaic elements to task, with Agent OSS 117 constantly learning difficult things insanely quick (such as Arabic and how to play a traditional instrument) while missing some pathetically obvious clues. Some of the lines from the film left me laughing for hours after the movie was finished...and I have to say I have learned some...interesting...French vocabulary that would probably have my Professors quite exasperated with me were I to use. All in all, I thought this film excellent. Intensely funny and the first film I've ever seen that truly parodies all aspects of the spy film.",positive
"It is like what the title of this thread say. Only impression I got from that movie is that Marlee Matlin's character was always angry, so cynical, and so pathetic. Her character's first date with William Hurt's character where they were dancing were dumb. All in all, I've tried to finish watching the movie four times, and of all four times I fell asleep. I would keep watching that movie with one intention... to beat my problem with insomnia, because all it do is to put me to sleep. Sweet dream.",negative
excellent drama. very dark. i have never seen california photographed in such a way. bridget fonda as the deaf wife beaten by her husband is superb. the film gripped me from start to finish. very understated performance by sutherland. the direction was very european. amazing to get such a performance from fonda.,positive
"Someone should teach the people who made this movie that there is a difference between ""presenting multiple twists"" and ""screwing the audience over"". They even use hypnosis as a tool to cover up the plot holes; whenever they can't find their way into or out of a scene, they just say ""she is regressing to her past now"" or ""she's snapping out of it now"", and they think that explains everything. This movie is a dishonest cheat and in the last 20 minutes becomes a full-blown fiasco. (*1/2)",negative
"I have this movie on a collection of inexpensive B-movies. It's not restored, in fact, the audio was difficult to discern for the first few minutes.<br /><br />At first, it seemed like a typical haunted house film, and feels very much like the forerunner of Clue, Murder by Death, House on Haunted Hill, etc.<br /><br />About a half hour into the film, the storyline takes a really interesting twist--and it goes from being a cliché melodrama to something entirely different, and far more entertaining than I had initially thought.<br /><br />Check it out, it's a great deal of fun, even if the long clips and wider shots (and near lack of music score) make it feel a bit creaky by today's standards.",positive
"I was very lucky to see this film as part of the Melbourne International Film Festival 2005 only a few days ago. I must admit that I am very partial to movies that focus on human relations and especially the ones which concentrate on the tragic side of life. I also love the majority of Scandinavian cinematic offerings, there is often a particular deep quality in the way the story unfolds and the characters are drawn. Character building in this film is extraordinary in its details and its depth. This is despite the fact that we do encounter quite a number of characters all with very particular personal situations and locations within their community. The audience at the end of the screening was very silent and pensive. I am still playing some of those scenes in my mind and I am still amazed at their power and meaningfulness.",positive
"Principally it is the story of two men who were part of the Portuguese revolution. It was easy to understand the contest, but usually directors starts from a historical fact to speak about something else, or they shows also the period before or after this fact, here everything happen during that couple of days when the revolution acts. It could also be seen as a kind of documentary. The movie focalize to these two people, showing as normal they were, not like common heroes, because the revolution come from people. Although it was made from military army from the title you can understand that they were just ""capitaes"" as the main characters. Nice colors and lights during the whole movie, excellent work for the director being her first movie, she doesn't fall to the banal way. Well shown emotions and passion of people and crowd. The character of Maia (main one)is well-made and there is also a good interpretation for Stefano Accorsi, able to show Maia's limits, this not-being an hero.",positive
"I want to state first that I am a Christian (and that I do work in the film and TV industry) so I understand what it is like to work on a feature length film so props to the filmmakers in that regard. I'm all for positive, uplifting messages if they are true to the nature of life (that this is a fallen world and that things don't always work out ... even for followers of Christ). I'm glad that others are having such overwhelmingly positive reactions to the overt Christian message; for me it was just that the execution is where the film fell on its face. A movie lives and dies on its story and here you have one dimensional stereotypes, exposition aplenty, and spontaneous changes in character behavior that are inexplicably to say the least. I believe that a film does not have to club you over the head with its message to get the point across. I'm sure the Kendrick bros. will improve with time and that their storytelling methods will as well. Maybe they could direct someone else's screenplay as their next project.<br /><br />* Sports films are not exactly my first love but a good one (Hoosiers, Field of Dreams, etc) can inspire in a multitude of ways. If you would be interested in a PG-rated film that inspires, give Steven Soderbergh's 'King of the Hill' a look. All truth is God's truth ...",negative
"Rourke does his usual bit part,as a sinister,rancorous,Neanderthalian,ferocious,evil jerk,in the same mold as in ""Picture Claire"",""Out in Fifty"",""Get Carter"",""Double Team"" and the rest of the garbage he happens to be in.<br /><br />He has very few lines.<br /><br />Of course,all this is just junk,undervaluing Rourke,abasing him,and doesn't matter for his characterization as an actor.Still ,after seeing ""A Prayer ..."",""Johnny Handsome"",""Barfly"",""9 1/2 Weeks"",""Year of the Dragon"",etc.,etc.,for many years I considered Rourke an outstanding,smart,intelligent man.I think he has changed since.<br /><br />He looks callous,calcined.<br /><br />""He went about with gloomy looks;/Despair inhabited his breast/And made the man a perfect pest.""(Belloc,""The Example"").<br /><br />I had absolutely no other reason to watch this dull movie except that Rourke was in.",negative
"The original ""les visiteurs"" was original, hilarious, interesting, balanced and near perfect. LV2 must be a candidate for ""Worst first sequel to a really good film"". In LV2 everyone keeps shouting, when a gag doesn't work first it's repeated another 5 times with some vague hope that it will eventually become funny. LV2 is a horrible parody of LV1, except of course that a parody should be inventive. If you loved LV1 just don't see this film, just see LV1 again!!",negative
"Sometimes you ignore that little voice in your head that says ""stay away from this movie"". We should all pay more attention to that little voice. This may be the worst movie I've ever had the non-pleasure of sitting through, or it may be the best reason to remember that your DVD player has a fast-forward button. Made on a budget somewhere in the vicinity of $1.99, ""The Cavern"" is obviously a quick cheapie made to piggyback on the current bunch of scary cave-lots of darkness-claustrophobic spelunkers-unknown menace flicks like ""The Cave"" and ""The Descent"". A few years back there was similar rash of look-alike movies that used sea-going vessels instead of caves. All had scary boats/submarines-lots of darkness-claustrophobic adventurers-unknown menaces...same old same old. ""The Cavern"" is really ""The Blair Witch Project"" only this time we're lost under the earth and not lost on top of it. Throw in a flashlight with failing batteries, a cow skull with fangs glued on it for a monster, and one of the stupidest ""twist"" climaxes ever put on film. That being said, let me urge you to listen to me, the little voice in your head. I'm your friend. I want you to have a happy life. Stay away from this movie.",negative
"Steven Seagal appears to be sleepwalking through a dreadful movie shot almost entirely in close-up to disguise the complete lack of budget and resources. To pick on the technical flaws - silver F/A-18s and F-14s take of from a carrier for an air-strike, and miraculously become camouflaged F-16s for the actual strike - would give this movie more credibility than it deserves. Suffice it to say that the most interesting thing in the movie is the credit titles which fade on and then disappear in a lightning wipe, which presumably is available to all users of Final Cut Pro. Putting all your creativity into your own credit puts Michael Keusch in the same category as Marcel Mandu.",negative
"Just like all of Mel Brooks' other comedies, Men in Tights is hilarious. But in seeing this as an outrageous comedy, I think many fail to realize that the reason the movie is so funny is that the characters themselves are acted so well. Elwes is the well-spoken former British noble, Lewis is an eternally annoyed king (I hope it's worth all the NOOOOOOIIIISE!), DeLuise is a FANTASTIC godfather, Roger Rees is a worried and cynical sheriff.... The actors and actresses are so loyal to their parts that the jokes flow forth with ease. Yes, we've seen this kind of comedy before, but the only comedy to achieve better character development, in my opinion, is The Big Lebowski. Very very funny.",positive
"The film begins with a little girl (Rita) seeing her father killed. He apparently was a criminal who squealed on his fellow crooks. Later, and this part makes little sense, the girl has grown to adulthood and STILL her father's past haunts her! A bit later, Rita meets a good-for-nothing and dates him. During one of their dates, he's a bit intoxicated AND driving like a total fool. The cops give chase and he speeds away--killing a pedestrian in the meantime. Here comes the Really stupid part. He convinces her to confess to the crime, as he assures her his lawyers can get her off scot-free. Why, oh why, would she agree to this?! Yet she does and spends the next couple years in prison!! And, soon after her conviction, this boyfriend disappears--showing that he's a total heel. What a chump!!! Later, after her release, her friend (Jack La Rue) informs her about the truth about the boyfriend. Then, he explains, the boyfriend's family is loaded and she should shake them down for lots of cash for all the trouble he put her to by taking the rap. Frankly, this does make sense--as they certainly owe it to her--especially since they knew she'd go to prison and had every intention of using her and then casting her aside.<br /><br />Now the idea of bleeding money from the rich chumps is a good plot idea. However, there is no way this would have occurred in the first place because it's hard to believe anyone could be so stupid as to take the rap for a hit-and-run! In an interesting twist, the dumb lady decides on a life of crime--donning a wig and picking up a rich guy--taking him into the desert and robbing him at gunpoint! Wow...how she's changed! Apparently she loves the idea of stealing from ""phonies""--i.e., rich hypocrites. However, and this made no sense, she soon stopped doing this and began shaking down the father of the old boyfriend--why she bothered to do some petty robberies in the meantime made little sense. And, what also was a bit hard to believe was that instead of wanting money from the old jerk, she was interested in getting him to put his influence behind a mob-controlled man for mayor. Odd...very, very odd.<br /><br />In the meantime, another plot develops involving a young Alan Ladd. He's an undercover agent who has infiltrated the mob. He was chosen because he just happens to be a dead ringer for a real crook--what a cliché! But what makes no sense is that this real crook isn't in jail and is out committing crimes while the fake one is infiltrating the mob in another town.<br /><br />Eventually, evidence that Ladd is able to uncover is enough to issue warrants to the mob kingpins--including Rita. This is a case of very bad timing, as in the interim, she's made a decision to become a decent and legitimate woman, as she's met a really nice guy who she wants to marry! Wow,...what are the odds?! Overall, this is a goofy and rather dumb movie that suffers from ""kitchen sink syndrome""--in other words, there is way too many plot elements and weird twists to make the movie the least bit believable. Plus, since the movie is only a little over an hour long, it all seems very forced and contrived. It's a relatively bad B-movie from crap-studio PRC of note only for the performance of Alan Ladd just before he gained great fame the following year at Paramount.<br /><br />By the way, this DVD was released by Alpha Video---a company which sometimes releases some wonderfully obscure titles (mostly public domain) but which NEVER cleans up the prints or adds closed captions. In other words, the DVD production values are strictly 3rd-rate...at best.",negative
"I think Charlotte Gainsbourg is one of the best performers in the world. I can't understand why some people say she's not. Boring....??? Maybe the one who said she's boring is because he/she is boring. She's a great actress and the movie was excellent. It has lots of wonderful ideas and very good performers. The direction was great. I imaging myself in the French environment with all the sophistication and perfume, flowers, churches, problems, etc. When she goes to the sister's shop is simply amazing. Everything's great. We have a very good actress, wonderful, for long time. Alain Chabat and Bernadette Lafont are perfect. I like him more than in his next movie LA SCIENCE DES RÊVES. And Eric Lartigau did a very good work.<br /><br />Ana",positive
"I love the comics. Although I do have problems fully understanding the stories  the visual style is unique with all its dirt, dust and decay. So I thought I knew what I was up for. Surprisingly I understood the main plot  but some extremely poorly decisions where made for its visual style. <br /><br />I mean - really bad looking ""CG human actors""-in close ups? Why?! It did not work at all!! Horus - and the other Egyption gods - was successfully made in CG and very close to the comic version. <br /><br />I think with real actors this movie could have been a cult movie. <br /><br />What a shame.",negative
"Some people have stated that as of the 11th season, South Park has started a trend of leaving behind their politically biting satire for shallow spoofs; but this could not be further from the truth.<br /><br />While this episode does spoof the Living Dead series, there is more. It is a satire of how people treat the homeless. Characters say things like ""They're pretending to be just like us"" or ""They want to be human."" This episode attacks a culture of people who ignore the lower class who are often just down on their luck.<br /><br />So yes, it is still a satire, and also a wonderful spoof. What more could you want?",positive
"This BBC series is excellent. I am no Paleontologist, but this series gives the best historical representation of dinosaurs I have ever seen. The 3D animation and animatronics are very good and make you believe you have travelled back in time. The BBC deserves a pat on the back for such a fine series as well as Tim Haines who must have spent a great deal of time getting this series to air.",positive
"Don't watch this film while, or soon after, eating.<br /><br />Having said that, Begotten will stick with you for the rest of your life, like it or not. Based on the nihilistic philosophy that life is nothing more than man spasming above ground (to paraphrase the title sequence/introduction), this will more than likely contain the most intense and grisly imagery you'll ever see in a film.<br /><br />There is no dialogue, only image after image describing the cycle of life. The film's combination of stark black and white photography compounded with some truly creepy background sounds work to drive home the maker's message.<br /><br />The movie begins with God (portrayed as a bandaged and obviously insane man) slicing open his torso with a straight razor and subsequently dying in his own filth. After his death, Mother Nature emerges from his corpse to impregnate herself with his blood and semen and gives birth to Man, represented by a maggot of a human convulsing on the earth.<br /><br />The landscape is a barren waste, populated by hulking shrouded humanoids who eventually happen upon Mother Nature and Man. After a slew of violent scenes depicting the rape of Nature and destruction of Man, these humanoids proceed to pound the remains of the corpses back into the ground, and the cycle of life begins anew.<br /><br />I actually rented this from Blockbuster one night, based on the cover art and hype content, but this is definitely not a Blockbuster-type film. Don't expect narrative, dialogue or any pulled punches. This is intense imagery based on a dark subject.<br /><br />I give this movie some high marks for the filmwork and audio, but I don't think I'll be watching it too often, if again. I like my movies dark and unique, but this one is exponentially more than I expected.",positive
"The movie that i am going to review is a little television movie made in 1996 and it starred Melissa Joan Hart and Daniel Baldwin.<br /><br />The main protagonist/antagonist Jennifer Stanton (Hart) is a typical all American teenager who is feeling the pressure of having such a controlling father (Baldwin). However, when she meets an ex con called Nick Ryan (Jeremy Jordan ""Never been kissed"") they instantly 'fall' for each other, but Jennifer has a different idea on where to take their relationship. she manipulates him to kill her parents, to protect their 'love' but she just used him to get rid of her parents so she can be with Brad (David Lascher future 'Sabrina' cast mate for Hart). Melissa Joan Hart actually really surprised me with her role as an evil manipulator and she carries the movie well by using her friends and Nick so she can literally get away with murder. The rest of the supporting cast work well and they each hold their own when they have screen time. I also found it interesting that this film was made and released the same year, Hart, began portrayed Sabrina, the Teenage Witch and this shows she can act in my genres of film and television.<br /><br />Although the film has dated somewhat it stills stands out as some of her best work that involves drama or thriller and i am looking forward to 'Nine Dead' that comes out in November because it shows she can seen as other people that are not called ""Clarissa Darling "" or Sabrina Spellman""<br /><br />I recommend this film to anyone that is a fan of Melissa Joan Hart or Sabrina. You can watch this on the internet, so i suggest check it out.",positive
"i love this movie. is it on air anymore? what can i do to get it on air again because i miss this movie when does this movie air again? i love this movie so much. does anyone know how long it has been since it was last on Disney?it has been a very very long time and i am so sick of waiting!i want to see Susie Q again. i swear, they take all the good movies off air and play new stupid gay ones that are fake and retarded. i miss this movie, wish upon a star, Kazaam with Shaquille O'neil, and a bunch more. where did all the good movies go? i want them back.i miss all the good movies and they don't have them anymore. if anybody finds out if Susie Q or any good old Disney movie comes out will you please let me know, my email is girlygirl148@aol.com girlygirl(no blank space)148. thank you and i hope you want this movie back too. have a great day",positive
"Though Cher and Cage are the focal points of this story, Gardenia and Dukakis are good counterparts for them- this is where Loretta and Ronny will be in 50 years- still in love. The whole cast does a nice job from Aiello to John Mahoney- it shows a real slice of life. Though I saw this long ago- I am glad it finally catapulted Cage to the place where he was recognized in Hollywood for his talent. From the music to the scenes at the opera to the kitchen table arguments- this is a very entertaining movie.",positive
"Rosenstrasse is more an intimate film than one of epic proportions, which could have kept away many film goers looking for a Pianist similar plot. Fortunately, Von Trotta, a good screenwriter, opts for a feminist peep to an era too much illustrated on its colorful exterior, but too little analyzed in terms of intimacy and from the point of view of ordinary Aryan German rather from a Jewish standpoint. Rosentrasse finds its strength in these unsung burdens of people trapped within historical circumstances of which they emerge as victims. The pace of the film is introspective, poignantly slow, meditative. Besides, the characters are so vivid while transitions between generations and the passing of time has been deftly crafted. Rosenstrasse is not a masterpiece, and some narrative flaws are well discerned. Another fault lies on a trivial cinematography unable to capture the intensity of the internal drama lived by the characters. Nevertheless, this film is worth seeing. Finally, Rosenstrasse is part of the last trend in German films dealing with the ghosts of a nightmarish past,trend that includes such excellent films as Nowhere in Africa, and recently, the controversial Downfall. I would recommend this film to those who know how to read beyond the images.",positive
"Woody Allen, when at his best, has one of the sharpest pens around. He can make an acute observation and wrap it around a punch line like nobody else. However, when he's at his worst his movies can stench of pretentiousness. Unfortunately, ""Melinda and Melinda"" has this stench from opening to closing. The set up is one of his more intriguing ideas in a while. Four friends sit in a restaurant discussing whether the essence of life is comedy or drama. To help settle the argument, one man relates the beginning of a story and asks the two other men arguing (one a comic playwright, the other a dramatic playwright) whether the story is a comedy or a tragedy. The two men then continue the story and the movie plays out the stories that they weave. Now, when I first heard about this film, my understanding was that they tell the exact same story, the genre (comedy or drama) only changes by how you look at it. Now that would have been interesting. However, the stories only share one main element and a few side elements. They are entirely different stories with major plot differences. The drama is so stiffly scripted and pretentious that it can only really work as self-parody. If this was the point, then it failed because these elements prevent the audience from feeling any emotional investment in any of the characters. The comedy is the story that has moments of success, but they are still short and fleeting. Will Farrell is obviously meant to be the stand-in for Woody, but he could have played this character so much more believably without adding Woody's stutters and hand-ticks. Woody is the best at being Woody. When someone else tries, they're not playing a character, they are modeling a recognizable actor. This type of thing only pulls the audience out of the story.<br /><br />My favorite Woody Allen movies make me leave the theater a little bit lighter in spirit than I walked in. This one made me wish I could get my money back.",negative
"I enjoyed this show, it was on in the uk, but not at peak time, and they seemed to move it all over the schedules so I wasn't able to watch them all. I was surprised when it didn't return and had no i idea why, still don't know, but i guess that's not important.<br /><br />Great performances from the two leads, they were very believable as friends. The two supporting actresses also added well to the mix. I guess it was part of a whole load of shows that were lifestyle centred, Friends being the obvious main one, but sex in the city came along a few years later.<br /><br />The characters, get take out coffee, they drink at nice bars , that sort of thing, a little woody allenish in a way.",positive
"This may just be the worst movie ever produced. Worst plot, worst acting, worst special effects...be prepared if you want to watch this. The only way to get enjoyment out of it is to light a match and burn the tape of it, knowing it will never fall into the hands of any sane person again.",negative
"The first film had little ambition so nothing sticks to the screen. It was a bad version of 'Back to the Future' with zero charm. Once accepted that Bill & Ted are nitwits, the joke can only get hammered at the audience for so long before it breaks.<br /><br />This is a surprise. This is your only spoiler warning...<br /><br />By today's standards, this is more fun. This was shunned upon release, sad considering that more talent is involved than the first time. We get the photographer of 'Face/Off', the editor of 'Fugitive', a production designer from Burton's early work, and the sound designer of 'Matrix'.<br /><br />The writers made up for their shallow first outing with something deep. Since this was shunned by the fanbase and public, the director probably decided the style was too extreme. It's not, it fits the material. Like 'Death Becomes Her' and 'Catch-22', this dares to be smart, but we like our movies ""simple"" so we don't buy it. Probably since this dared to be different is why it took 12 producers to pull it off. What's so good?<br /><br />--Nice self-reference towards Keanu; from airhead to Messiah. See also Arnold Schwarzenegger.<br /><br />--Joss hates his creations as much as he hates their counterparts, he makes his own hatred. The Evil B&T and the ""good robot usses"" have the same vocabulary as their originals: lesser copies and depreciation of language.<br /><br />--The ""duality"" motif. Nowhere else is this evident than in the photography styles, lots of high and low angles. They even use Roy Brocksmith from 'Total Recall' to emphasize the point.<br /><br />--The ""choices"" motif. I don't know where this started in the genre (maybe 'Ghostbusters'), but it's used pretty well here. It even boils down to the 7 games against death--Battleship and Club.<br /><br />--Film self-reference, even present in the game against Death (Clue). This is smarter than Tarantino or Brooks. Notice the Premier magazine cover at the end: ""Bill and Ted: The Movie."" Ironic also how Death and Nomolos were villains in the 'Die Hard' and 'Lethal Weapon' sequels.<br /><br />I still have some minor nits, but nothing compared to the original. Music and film are different mediums so it makes no sense why many scripts revolve around the former--particularly in the teen market. Carlin is a great comedian, but in these movies he's wasted. Also, for all the daring this effort shows, even cracking gay jokes, they can't kill a cat?<br /><br />So, despite looking like a Nickelodeon production, this is incredibly interesting. From this movie we got Beavis and Butt-Head. ""We're in Heaven and we just mugged three people."" <br /><br />Final Analysis = = Midrange Material",positive
"I'll never understand why when a studio like Universal buys a musical it then butchers it when bringing it to screen. My first thought when seeing Ava Gardner and Robert Walker were starring I would be seeing something from MGM which did musicals best at that time. Boy was I wrong and disappointed.<br /><br />One Touch Of Venus which starred Mary Martin, Kenny Baker, and John Boles on Broadway ran for 567 performances in the 1943-1945 season and Gardner, Walker, and Tom Conway play the roles that Martin, Baker, and Boles did on stage. The Kurt Weill-Ogden Nash musical with book by Nash and S.J. Perelman was a comeback vehicle for Mary Martin who reestablished herself as the Queen of Broadway after a disappointing venture in Hollywood. <br /><br />Look at the names that went into this show. Given who was responsible for the book I expected to see some sparkling wit in this production. Instead I got a rather pedestrian screenplay, it was like all the wit was drained out of it. Doing her best to make up for it is Eve Arden playing her usual girl Friday role with Tom Conway, but it's even too much for Eve.<br /><br />The story concerns department store window dresser Robert Walker who kisses a very valuable statue of Venus who springs to life in the person of Ava Gardner. Of course when the statue goes missing, Conway yells for the law and is suspicious of Walker, the last person to be with the statue. <br /><br />The rest of the film is Walker dealing with Gardner and what will happen to both of them. For reasons I don't understand, Ava was of course dubbed by Eileen Wilson and Walker sings only a couple of lines. The singing is carried by Dick Haymes and Olga San Juan playing Walker's friends and coworkers. Of course on Broadway the songs were done by singers Mary Martin and Kenny Baker. You would kind of think that Haymes would be playing Walker's role at least. It was awkward to say the least.<br /><br />Only three songs survived from the score, Don't Look Now, But My Heart Is Showing, That's Him, and the incomparable Speak Low. Haymes's silken baritone is shown to best advantage in Speak Low which was sung as a duet by Martin and Baker on Broadway. For some reason the lyrics of one of the greatest men of verse of the last century, Ogden Nash, were done over by Ann Ronnell. I suspect the infamous Code was at work here.<br /><br />In Lee Server's biography of Ava Gardner he makes mention of a brief fling Ava had with Robert Walker when she had had a spat with her current man, Howard Duff. When Duff and Gardner reunited, Walker took it badly and didn't speak at all to Gardner off camera. I'm sure the fact that both of them were not in their best work didn't help matters either.<br /><br />Hopefully some repertoire company will do One Touch Of Venus and you'll get to see it the way, Weill, Nash, and Perelman wrote it.",negative
"I cannot get past the message of this movie. It's laid out much too clearly to ignore, and it is obscene because it has lost its sense of what it's about. I haven't read the novel, but Pollack's film opens with a scene at a CIA-front organization in New York, which is broken into by two professional assassins, headed by Max von Sydow, who proceed to brutally slaughter the half dozen quirky staff members we've come to know and understand. The staff include an elderly female receptionist, a fussy elderly professorial guy who's toupee falls off when he is machine-gunned (is that a joke?), and, last, the beautiful Tina Chen who looks up from the copier, realizes she is about to be murdered, and says, pitifully brave, ""I won't scream."" Von Sydow replies sympathetically, ""I know."" These murders are completely unexpected, savage, unmotivated by anything that we are aware of, and graphic. It is a brutal scene. <br /><br />There is absolutely no way in which von Sydow and his henchman can be redeemed. And yet that is exactly what Pollack tries to do towards the end.<br /><br />After having killed these innocent good guys, von Sydow switches sides (because the other side is willing to pay him) and assassinates the evil mastermind behind a complicated intramural CIA plot. The script then turns him into a perfectly reasonable, sensitive human being. ""It is better to live in Europe. Things are not so rushed."" Or whatever. I swear I'm not making this up. Pollack wants us to believe that it is better to be an honest mass murderer than a crooked bureaucrat. That's the message. You should write it down in case you forget. Just exactly what kind of psychiatric shambles do you have to be in order to turn ordinary values, not to mention common sense, upside-down like that? I understand that there are thoughtful adults who dislike the government of the United States, even hate it, and who see conspiracies just about everywhere, providing a knee-jerk explanation for otherwise unexplainable events. I know that people who think this way exist because I number some of them among my closer friends. Nevertheless, at some point this dislike, this hatred, if it increases in intensity, must pass beyond politics or ethics and into the realm of the psychiatric. I don't for a moment believe that a man who murders people for money is better than a sinister government official. I don't care how suave and cultured the murderer is or whether he knows how to reach the Louvre on the Metro. Whoever is purveying that message needs either medication or meditation.<br /><br />I'd like to be able to argue that the production is as thoroughly rotten as its message, but I can't. It's quite well done. (In some ways that's worse, because it makes the film less dismissable.) Even New York City looks photogenic on the screen. And it's been a long time since I've thought of New York as photogenic. Robert Redford does an admirable job of projecting his character's initial shock and confusion, but then turns into a telecommunicational semi-genius. And, man, he looks just fine! His wardrobe is just right. Even his rimless glasses are becoming. And his peacoat. It's not everyone who can make a navy pea jacket look glamorous. He seems extremely handsome too, the swine. I want to look like that. I want to wear a denim shirt and a tie with such panache. Faye Dunaway is alright in her role but it's not too believable a role. Would anybody eagerly sleep with a guy who has just kidnapped her and is holding her at gunpoint? Even if he did look like Redford? Would anyone be emotionally wounded if, when this ambivalent relationship is about to end, Redford asked her not to tell anybody about what happened? Cliff Robertson is surprisingly good. He does one or two extremely good double-takes. The mailman is superb. The fight between him and Redford in a crowded apartment is exquisitely choreographed and, for once, we really don't know for sure how it will turn out, because Redford (a book reader after all) seems mismatched against the brute cunning of this hired assassin. This is one of John Housemann's final roles. A shame. He's a magnet on screen. And what an end to his life: a friend finds him lost, wandering the streets of New York, in a neighborhood he'd been familiar with for most of his life. <br /><br />Yes, the movie is very well executed, but I can't ignore that vicious, paranoid message. I have the same problem with Leni Riefenstahl's ""Triumph of the Will."" Or her Olympic documentary in which the announcer is watching a foot race in which Jesse Owens is pulling into the lead and says ominously, ""This Negro is dangerous.""",negative
I switched this on (from cable) on a whim and was treated to quite a surprise...although very predictable this film turned out to be quite enjoyable...no big stars but well-directed and just plain fun. With all the over-hyped crap that is out there it is very nice to get an unexpected surprise now and then... and this little film fits the bill nicely. 9/10,positive
"I can't add much to what has been said already, except I'm going to have to because of the 10 lines minimum policy.<br /><br />I've actually got this on a VHS-to-DVD copy, but the quality is quite poor and I desperately need for it to be officially released.<br /><br />I can just imagine what extras I would like to see (Tim Healy's character swearing his way through one of those 'Football Bloopers' type programmes would be great!). You can imagine it now, can't you? But of course, it looks like most people will have to carry on dreaming about a DVD release.<br /><br />Surely to God there must be someone in the DVD releases department at ITV who also knows something about British culture, is web savvy and has enough about them to look at IMDb now and again? Oh, well.",positive
"I may be a sentimentalist. But i found this movie truly moving. It was the first movie that reduced me to tears. And it did it more than once!! I recommend it to anyone both gay and str8. Religious or not! Supporting co-star Jackie Bisset stole the show, especially with her one liners. The nude scenes were superbly crafted as well, and all in were good taste. Most shocking was the portrayal of the orientation reversal deprogramming instituted by the Mormon church to the lead character. It shocked me that this still goes on in the world. Nevertheless I enjoyed this movie tremendously. This is definitely the best gay film since Torch Song Trilogy. And much better than the other gay movie offering that year - The Fluffer.",positive
"Just to save you money and time I will go ahead and tell you that this movie is absolutely not worth the match and gas it would take to burn it. Don't waste your time. As a matter-of-fact you would be better off forgetting you ever thought about watching it. I have seriously seen better B movies in a language that I can't understand. Who ever gave permission for this to be made needs to be sewed. The only positive thing I can say for this movie is that with a new script and the right director and actors it could be a great story. Let me break it down; A virgin gets pregnant by a demon, the baby while inside her womb wants to feed on people. They try to make up for the fact that this is possibly the worst movie ever made with cursing and pointless nudity. All in all Totally not worth the dollar it took me to rent it.",negative
"I have a friend that works at blockbuster, and he gets 5 free movie rentals a week, so one day as we were scouring the aisles for something interesting, i stumbled across 18 Weapons of Kung Fu, and judging by the box alone, this movie seemed pretty wack, but nonetheless we gave into temptation and rented it -- afterall, it was free.....and thank god it was....this is by far THE WORST movie i have ever seen....the budget must have been a pickle and a piece of string...the plot was ridiculous, the only mention of the ""18 weapons"" is that there is some book that teaches the ways of the 18 weapons that some bad guy is after -- and thats it! there isnt even any weapon fighting in this movie...that and the action sequences are just flat-out BAD....9 times out of 10 the other guy's punches and kicks come about a foot away from landing on the other guy's, and there are MANY times when the the movie will skip frames (a result of ridiculously poor editing)....the dubbing is as well laughable, and it is hardly even understandable....and we wont even get into the acting...the ending will definitely leave you saying ""wtf??"", however to be fair i must mention that the fighting techniques used by the actors were somewhat decent, and the old guy is a mad chump....but thats about it...thankfully i didnt have to pay for this movie, but i guess at least now i know exactly how bad a movie can actually be....",negative
"This is one of the few episodes (if not the only one) with an indisputable error in its storytelling. While handling the Ralphie situation Christopher states that he has heard about Pie-O-My's death in the fire accident. This is an important detail because in this context it is quite obvious that Christopher knows from the beginning that Tony is the one who must have killed Ralphie. There is however no way Chris could have heard about the accident. Who should have told him and when? By the time he is torn out of his delirium by Tony's call nobody else was informed. Tony knows that - which makes it even worse! Hearing Christopher talk about Pie- O-My's death could therefore only lead Tony to the conclusion that Chris himself has set the fire. Given the impressively elaborate writing process as told by the writers themselves on the DVD I really wonder none of them realized the problem there. The story just doesn't work that way. Unnecessary to add that I'm a huge fan of the Sopranos. Otherwise, I certainly wouldn't care.",negative
"When I go to see movies I would stay up and watch it or if I did not like it, I would go sleep, but this was pure crap, I actually got up and walked out!....This was poorly script and put together, I hated it. Also, they should not have taken Brendan Frasier off, he was much better. This was not as good as I had expected, considering that I really liked George of The Jungle 1, and the graphics weren't as good as the first one, for instance, the bird, and when ever he crashed in a tree. I hope that the director of this takes heed, and next movies he make, he needs to reconsider...horrible! I really would like to give Ursla a job well done, as she made the movie worthwhile (until I walked out)...overall I give this movie a 2 out of 10",negative
"When I started watching ""Fay Grim"", I had no idea that it was a sequel to ""Henry Fool"". Now, the latter was not a movie that I envisioned as having a sequel. But one has arrived, and it's quite good. I assume that you've seen the original, so I won't explain it. This one starts with Fay (Parker Posey) living with her son whom she had with deadbeat Henry (Thomas Jay Ryan). Simon (James Urbaniak) is still in jail. One day, the son gets expelled for bringing a pornographic toy to school. But this is no ordinary toy. It holds a secret that explains much of what happened in the first movie. And this secret delves deeper into geopolitics than ""Syriana"".<br /><br />I must say that I'm quite impressed with what Hal Hartley has accomplished here. Maybe this one doesn't quite reach the original's quality, but it certainly takes a good look at what's going on in the world. And the end leaves open the possibility for another sequel.<br /><br />Also starring Jeff Goldblum.",positive
"This movie was by far the worst movie I've ever had to endure. I couldn't believe that they tried to pass it off as a serious movie, it was so bad I couldn't even laugh at it's pathetic attempt to entertain me. If you want cheesy horror that you can laugh at, rent Dr. Giggles instead.",negative
"It's rare that I come across a film this awful, this annoying and this irritating. It is without doubt one of the worst films I've ever seen.<br /><br />The plot, when it's not a blur of confusing and pointlessly over flashy editing, is ludicrous. Why did Domino become such a bad-ass tough bitch? Because her gold fish died when she was a kid and this ""traumatic"" event left her emotionally stunted, and hating everyone. When the dialogue is not clichéd or banal, it's littered with laughable lines such as: ""There are three kinds of people in this world: the rich... the poor... and everyone else"". At one point the bounty hunters have some guy tied up in the back of their bus who has a combination number tattooed on his arm. Because of a confusing mobile phone call, instead of rolling his sleeve up and just reading the number, they blow off his arm with a shotgun. At another point, the bounty hunters take a bomb to a meeting arranged with the mafia and threaten to set the bomb off unless the mafia let them go!? Clearly not going to the meeting would have been just too easy.<br /><br />Keira Knightley is unconvincing and dreadfully miscast. Mickey Rourke does manage to salvage some credibility from this mess.<br /><br />I have enjoyed some of Tony Scott's previous films, True Romance being one, but all I could think while suffering this drivel was that it must have been made by a complete idiot.",negative
"As hard as it is for me to believe, with all of the awful reality shows out there over the past few years, this one has to take over the top spot for worst one yet. I am still wondering if this was actually just a spoof done by the SCTV gang. If Andy Kaufmann were still alive I'd be sure he was behind this. Can a rock band stoop any lower than has INXS to do such a shameful thing as this? The premise is simple and moronic. Audition a bunch of karaoke rejects to become the new lead singer of INXS, to take the place of Michael Hutchence (who committed suicide in 1997). Eight years and no hits later, the band commit the ultimate act of patheticness by subjecting themselves to auditioning a bunch of talentless wannabes to be the new lead singer of a band that is 20 years past its prime. So they trot all of these awful singers (I thought American Idol had its share of doozies) who do atrocious renditions of just about every classic (and predictable) rock song imaginable. And then they cut to the INXS band members who are seriously discussing the merits of each of these candidates. You could see better (and more original) rock performers at just about any night club in any city in the world.<br /><br />It has all the usual uncreative elements of every other reality show. Lame reality participants, lame interviews, lame host/emcee, lame ""judging"" of performances, and the lame booting of one participant at the end of each show. Can these shows get any more predictable? It's clearly a publicity stunt on the part of the band; a last gasp of hope at rekindling their lost stardom before they are finally buried into oblivion. Michael Hutchence, if he had any shred of dignity when alive, has to be rolling over in his grave. Not that INXS were ever a great band, but I had no idea they were this pathetic. If INXS are at all representative of what rock and roll has become, this show would be the final proof that rock and roll is once and for all, dead.",negative
"From what I've read a lot of people were disappointed by this film, compared to Part 1. Initially I could understand this but after a bit of thought I think they are wrong to be. Soderbergh continues his fact based telling of Che's life that he started in Part 1. Part 1 told a story of a revolution moving from unpromising beginnings to an ultimately successful conclusion. Part 2 tells a story of a revolution that moves from unpromising beginnings to a completely unsuccessful conclusion. It is not Soderbergh's fault that these 2 parts of Che's life had completely different outcomes. He bravely chooses to tell both in a fairly straightforward way. The viewer may feel a lot better coming out of the cinema after Part 1 than Part 2 but that is the reality of Che's life and not in my opinion any fault of the director. The film is far from perfect. It is probably too long. At least in Part 1 we saw different aspects of the war as the guerrillas had successes. In Part 2 they can't catch a break and we see their numbers constantly being reduced by death and capture. Che's capture and death are dealt with well. The film is greatly enhanced by the dialogue being in Spanish. Benicio Del Toro is again excellent as the charismatic Argentinian. So if you've seen Part 1 you will see a very similar telling of a very different story in Part 2.",positive
"In a future society, the military component does not have to recruit; rather, their candidates are chosen at birth, culled from nurseries and designated to spend their entire lives in the service of the government. They are given over to the war machine, body and soul, for no reason other than to protect and serve; they have no personal identity other than a name and rank, and no autonomy whatsoever. This is the fate of those whose destiny is predetermined for them in `Soldier,' directed by Paul Anderson and starring Kurt Russell. The scenario is hard and bleak as the movie begins by depicting the training of the soldiers during advancing periods of time, from preadolescence to adulthood. Russell is Sergeant Todd, the best of the best, and we glimpse his career as he discharges his duties in an exemplary manner in campaign after campaign; he is what he was born to be, a soldier. But even the best cannot go on forever, and the day arrives when Todd and his peers are no longer the elite. A new generation of soldiers has been created, products of advanced genetics and technology, and Todd's generation is suddenly obsolete. What follows is the story of a man who must fight for his life, while struggling to discover his own sense of humanity and individuality, traits new to a soldier who has known only two things his entire life: Fear and discipline. Russell gives a commanding performance as Todd, the soldier who above all else must obey orders without question while suppressing all emotion and individual thoughts. He has few lines in this movie, but Russell speaks volumes with his eyes. This role demonstrates that he is, in fact, one of the under-appreciated actors of our times; that he can disappear so entirely into the character of Todd is a credit to his ability, and with this part he has created someone quite different from any he's done before. And he's given Todd a depth and credibility that someone of lesser talent could easily have rendered as nothing more than a pretentious and superficial stereotype. Notable performances are also turned in here by Connie Nielsen (Sandra) and Jason Isaacs (Colonel Mekum). Rounding out the supporting cast are Jason Scott Lee, memorable as Caine 607, one of the new generation of soldiers; Sean Pertwee (Mace); Gary Busey (Captain Church); Michael Chiklis (Jimmy Pig); and Mark Bringleson (Rubrick). Anderson has delivered an action film with a message, a cautionary tale that transcends the genre of science-fiction. `Soldier' reminds us of the importance of keeping the humanity of our lives intact. It's an entertaining way of making us consider the alternatives, like a bleak future and a world in which good movies just wouldn't make a whole lot of difference. Much like `1984,' and `Mad Max,' this movie, which is ultimately uplifting, is going to make you take pause and think about the kind of Universe in which we all must live together and share. I rate this one 7/10.",positive
"About the baby: Why wasn't big brother assuming he'd be hungry for a bottle or some nourishment or a diaper change? He should have been screaming non-stop after that many hours without care. Definitely stupid to take the baby from a safe place when he didn't need to.<br /><br />And why was the road miraculously clear whenever anyone wanted to drive somewhere? Didn't any uprooted trees fall on the roads and block them?<br /><br />I can't imagine the cops at the roadblock not immediately following after any young person who would crash it, especially when they said it was dangerous to go there.<br /><br />That being said, it was nice to have a movie children could safely watch, for a change.",negative
"THE RUNNING MAN, along with TOTAL RECALL, is my favorite Schwarzenegger movie. No, this isn't 2001, but it's not meant to be. And the acting and script here isn't even up to par with other Arnie movies like PREDATOR or THE TERMINATOR. But I submit that the IDEA behind this movie is one of the coolest ever to hit the big screen. A state-sponsored game show in which criminals convicted of serious crimes compete against ""heroic"" stalkers armed with all kinds of weapons (the runners are equipped with none) in order to satisfy the public's lust for sport and blood. The ultimate prize for a winning runner: freedom. Or so the rules claim.<br /><br />For a movie with such over-the-top gory death scenes and cheesy one-liners, it really does have a lot to say. Someone else has pointed out all the commentary on culture/government presented in this movie, so I won't go into it here. Suffice it to say that if you can look beyond the seemingly silly feel of the movie, you will enjoy it very much (especially if you're a big SF fan with a lot of imagination). Like I said, it's not trying to be a serious art film, but it IS surprisingly layered for a 80s shoot-em-up flick. The premise is borrowed from a Richard Bachman (aka Stephen King) short novel, but diverges fairly strongly from its source material, especially towards the end. (The book ends rather nihilistically; needless to say this movie doesn't.) I enjoyed both, but I like the movie better.<br /><br />My favorite line: ""Guess it's caused from steroids.""",positive
"I found this movie really hard to sit through, my attention kept wandering off the tv. As far as romantic movies go..this one is the worst I've seen. Don't bother with it.",negative
"Went looking for this movie after i read Tom Clancy's ""Red Storm Rising"" novel. Timeless masterpiece about 13th century Russians being invaded by the Germans. Movie was made in 1938, under orders from Joseph Stalin to warn Soviets about Hitler and Germany. Battle scenes are wonderfully done, showing that you don't need computer animation to make a great fight scene. Probably Sergei Eisenstein's greatest work. Also see 'Battleship Potemkin'. Any history buff or poli-sci major should watch this movie. 10 out of 10.",positive
"With all this stuff going down at the moment with MJ i've started listening to his music, watching the odd documentary here and there, watched The Wiz and watched Moonwalker again. Maybe i just want to get a certain insight into this guy who i thought was really cool in the eighties just to maybe make up my mind whether he is guilty or innocent. Moonwalker is part biography, part feature film which i remember going to see at the cinema when it was originally released. Some of it has subtle messages about MJ's feeling towards the press and also the obvious message of drugs are bad m'kay.<br /><br />Visually impressive but of course this is all about Michael Jackson so unless you remotely like MJ in anyway then you are going to hate this and find it boring. Some may call MJ an egotist for consenting to the making of this movie BUT MJ and most of his fans would say that he made it for the fans which if true is really nice of him.<br /><br />The actual feature film bit when it finally starts is only on for 20 minutes or so excluding the Smooth Criminal sequence and Joe Pesci is convincing as a psychopathic all powerful drug lord. Why he wants MJ dead so bad is beyond me. Because MJ overheard his plans? Nah, Joe Pesci's character ranted that he wanted people to know it is he who is supplying drugs etc so i dunno, maybe he just hates MJ's music.<br /><br />Lots of cool things in this like MJ turning into a car and a robot and the whole Speed Demon sequence. Also, the director must have had the patience of a saint when it came to filming the kiddy Bad sequence as usually directors hate working with one kid let alone a whole bunch of them performing a complex dance scene.<br /><br />Bottom line, this movie is for people who like MJ on one level or another (which i think is most people). If not, then stay away. It does try and give off a wholesome message and ironically MJ's bestest buddy in this movie is a girl! Michael Jackson is truly one of the most talented people ever to grace this planet but is he guilty? Well, with all the attention i've gave this subject....hmmm well i don't know because people can be different behind closed doors, i know this for a fact. He is either an extremely nice but stupid guy or one of the most sickest liars. I hope he is not the latter.",positive
"I was debating between this movie and 2012 but chose Inglourious Basterds due to it's amazingly high IMDb rating. I must say now, what a disappointment. I expected a certain amount of gratuitous violence, but I also expected a lot of witty dialog. I got a huge dosage of the former, but not nearly enough of the latter. I felt shortchanged. The ratio between violence to plot is very important and I think this movie gets it totally wrong. And the plot? It's that believable or really all that entertaining either. Save your time and money. I can't believe what this rating says for the gory and violent tastes of the modern masses.",negative
"I'm working my way through the Horror Classics 50 Movie Pack Collection and THE MAD MONSTER is one of the movies in the set.<br /><br />I am sure that George Zucco was a good actor; but, this was only the second film in which I saw him, the first being DEAD MEN WALK, in which he played two parts. However, even good acting couldn't save THE MAD MONSTER.<br /><br />Zucco plays a mad scientist, Dr. Cameron (who was banned from academia because of his unethical and inhumane experiments). He believes that he can control evolution by bringing out the characteristics of one animal into another.<br /><br />In this case, like so many others of its ilk, it is a transfusion of (I assume) wolf's blood into humans. His goal is to create an invincible army, which he can control through the antidote. The subject of his experiments is his hired hand, a retarded gardener, whose dialogue slows down this snail-paced classic to almost a full-stop. <br /><br />Beyond his experiments, Dr. Cameron also plots revenge on those who discredited him, using his transformed gardener. However, he loses control of his subject, who begins to transform without the transfusion -- yikes! <br /><br />The werewolf transformations are classic Hollywood stop-action / makeup effects. No doubt these were groundbreaking techniques of the time; but, in today's digital age it's hard to imagine audiences being scared by this.",negative
"Black Candles is rather a muddled mess from the same director that brought us ""Vampyres"" and much later, ""Rest in Pieces"", among others..I'm only noting the ones I've seen. At any rate, we have a couple making love and then somewhere near by a pin is poised over a voodoo doll and then pierces it, and the man keels over. Not sure if it was good for either of them, at that point. Fast forward to where the man's sister has come to the house to investigate and hear the reading of the will, or something to that effect, and of course everybody else except her is in on something, which happens to be devil worship. It's really hard to say who is who at moments during the movie and it does get a bit confusing at times. To spice things up though, there's a simulated bestiality scene (I HOPE it's simulated) with a black goat, sure to be a crowd pleaser. Ugh. At times this echoes ""Rosemary's Baby"", minus the baby, because the hostess is always giving one woman herbal tea and the place reeks of whatever nasty Satanic herbs these are too, because that keeps getting remarked upon. However, the herbs aren't the only thing that reeks about this film. The end seems to be back to the beginning again, and many viewers might find themselves wondering where they've been during the middle part. It's not unwatchable, it's just not very good, and I guess it all depends on what you like to see in films, and there wasn't much here that did anything much for me. 3 out of 10.",negative
"A widely unknown strange little western with mindblowing colours (probably the same material as it was used in ""Johnny Guitar"", I guess ""Trucolor"" or something, which makes blood drips look like shining rubies), nearly surrealistic scenes with twisted action and characters. Something different, far from being a masterpiece, but there should be paid more attention to this little gem in western encyclopedias.",positive
"This movie lacks in everything. Except Bobby deol, who in his own standards is mediocre, no one in this movie has come close to act in a single scene. Kangana is complete fake in her acting.<br /><br />The great Anupam Kher has a guest appearance and is better in those 2 minutes than bobby in the whole movie. The music does'nt compliment the movie<br /><br />that well. The contrast in Music between Bobby and Upen is not highlighted that well. Great concept gone completely wrong. The movie does'nt have a proper ending. Please don't waste your time as i did on this movie",negative
"I must admit that this is one of the few Lou Costello films that I actually saw in the theater. Most have now been seen on T.V. and I must admit that Lou is really enjoyable and he gets the girl,too. This was my first time seeing Dorothy Provine perform and of course I fell in love with her like so many others that day. I have seen most of the work she has done and enjoyed each one. Her performance in The Great Race is one of the reasons I bought the disc in the first place!<br /><br />Every comment on this movie tells that this is the one movie that Lou Costello did with out Bud Abbott,which is true,but if Lou had lived he would have made many more. He really does a good job and doesn't have to rely on his old routines to get laughs. I for one am sorry that the little man from Patterson,N.J. didn't get the chance to do that.<br /><br />I hope this comes out on DVD some time so I can add it to my comedy/sci fi collection.",positive
Everything about this film was terrible. To start with this film had a pretty good cast and I find it impossible to make such a great cast into the biggest disaster to the gangster film genre ever. The sound track was like one of a very bad slap stick comedy. It had this music through the whole film and it started to get quite irritating.<br /><br />PLEASE PLEASE PLEASE PLEASE PLEASE DO NOT INFLICT YOURSELF WITH THIS DISASTER YOU WILL ONLY BE HURT,negative
"Tom is listening to one of those old-time radio broadcasts, something kids from the 1950s to today would watch on TV. However, they didn't television when this cartoon was made so people got their entertainment - from comedies to music to scary stories - from the radio. <br /><br />Tom is literally shaking in his boots listening to some story about the ""phantom."" He's actually literally doing everything the narrator is saying, such as ""hair standing on end, icy chills race down her spine, her heart beats in her throat,"" etc. Jerry, meanwhile, is watching Tom and laughing his butt off at his scaredy- cat antics.<br /><br />We then get a taste of what we will see for many years after this 194- cartoon in which Jerry tortures Tom for no reason other than sadistic pleasure. If the cat asks for trouble, that's one thing, but when he's minding own business and Jerry is physically (and in this case, mentally) abusing him, I have a hard time rooting for the ""little guy.""<br /><br />These early T&M efforts also were a minute longer than all that followed. Sometimes that one minute makes a difference. It did here as this actually dragged for awhile. It could have been cut to five minutes without missing anything because the sketches went on too long. That's usual for Tom and Jerry's. Usually, they are much faster-paced.",negative
"I've enjoyed this movie ever since I first saw it in the theatre. Some movies have a cast of characters and a script that come together in perfect synergy, and this is one of them. The characters illustrate some truths about getting the best out of people, working together harmoniously, building a team and achieving goals, without ever preaching morality. The situations are crafted well and are consistent with the movie's opening premise. The tension builds nicely and the humor is clean and consistent throughout. The movie manages to pull me right in to root for the characters, and to laugh pretty well all the way through. This is a feel good movie as good as they come.<br /><br />What amazes me is that a movie which appears so simple can be so long term entertaining. The music is a perfect copy of music in the typical serious post war navy movies, which helps to create the humor and point out that greatness is in the eye of the beholder. The scenes in the credits are a great music video of ""In the Navy"", which deserve their own full screen special feature. The scenes and cuts are crafted well, and the casting and acting is right on.<br /><br />This movie is a classic as great as any ever made, without any pretensions. In fact, the lack of pretension is what makes it so much fun to watch. I love these guys and gal.<br /><br />The other day I thought of the film, and wondered whether it was available on DVD. Good fortune has come to us, and the DVD came out in May 2004. I headed to the store, and snapped up a copy. Then my wife and I enjoyed another hilarious night in front of the big screen. I've rated this movie as a 10 because it comes together on all levels, far better than many high budget films and Oscar winners. This is entertainment.<br /><br />Listen up Fox home video: you have a great movie in your vaults, and it's a shame to find a cheap shot DVD with badly degraded off tint colors only 8 years since release. So why not restore the colors and present the film as it was meant to be seen? I'd gladly pay a few bucks more to get the picture right. I'm grateful to have my own copy. Now give us the eye candy that the film deserves, and how about recreating the credit sequence as a full screen music video special feature.",positive
"lovely. i just love the movie. i want to see this movie because Rupert Grint is a fantastic actor. his expressions are great, spectacular. the movie was excellent. Julie Walters it was perfect too. I think that Rupert is the only boy with red hair that i love. Rupert have a beautiful smile, a beautiful voice. and a wonderful accent. i think that the movie was great and was great see Rupert in another thing but harry potter. and its a very good actor, so it deserves that and more. he just have a golden globe but probably it deserves an Oscar academy award. there are some actors that do not act very well but have a Oscar anyway. it does not matter. but he is perfect, brilliant and beautiful",positive
"Italy produced a lot of really great and original horror films in the 1960's - and this is certainly one of them! The first thing you will notice about Danse Macabre is the style of the film. Shot in beautiful black and white, and due to director Antonio Margheriti's use of lighting; the film almost looks like it could be a German expressionistic horror film. This, coupled with the horror-filled plot line ensures that Danse Macabre is a film that truly captures the essence of horror. Of course, the fact that the beautiful Barbara Steele appears in the film doesn't harm matters - and the good news continues as, in this film, she gets to flex her acting muscles more than she did in the films that made her famous. The plot is very aware of the time in which this was released, and so incorporates the great Edgar Allen Poe. We follow Alan Foster, a writer who accepts a bet from Poe himself and Lord Blackwood that he can't spend an entire night in the latter's creepy old castle. Everyone that has spent the night there previously has died...and our hero is about to meet the previous wager-takers! <br /><br />Nowadays, horror films don't tend to focus so much on each shot and the result is that there isn't much beauty left in the genre. It is refreshing, therefore, to see this film. Many of the shots here are incredibly beautiful - from the female side of the couple wearing just a see-through skirt, to my personal favourite - a shot of smoke creeping in from under a door. This my first Antonio Margheriti film, and even after seeing just this one; it's obvious that he was one of Italy's premier directors. Also interesting is the fact that screenplay was co-written by another of the Italian greats; Django creator Sergio Corbucci. The plot can meander a little too much at times, but there's always enough atmosphere on hand to make sure that the film never becomes boring - and the fact that it is always intriguing, even when the plot slows down, ensures the same thing. The way that Danse Macabre utilises the 'haunted house' theme is both well done and original, and helps to keep the story as eerie as possible. On the whole, fans of Italian and/or cult cinema will not want to miss this little gem!",positive
"This has got to be one of Australia's best productions. I completely disagree with the comments made by 'RamiNour101'.<br /><br />This series shows the depth of Australian mateship and the lengths they went to to help each other out. Episode Five 'Eddies Birthday' is a great example of this and it really captures the Australian spirit.<br /><br />The music used throughout the series only emphasised the situation that the men were faced with, their longing for home and their loved ones. The numerous amusing renditions of The Road to Gundagai captures the spirit of the men and the fact that they never forgot home, and that it was little elements such as the singing of a song that took them home for a short while.<br /><br />As for the comment about it being racist towards Japanese people, the only thing to be said is that you can't change what happened. The Japanese did treat the Australians very poorly in Changi and to represent it as otherwise would be very misleading indeed. The comment about the screenplay being in accurate is also false. These six stories that are told in the series are composed from real P.O.W experiences.<br /><br />The actors were superb; the best being in my opinion, Matthew Newton. His performance as David in the first episode was gut wrenching. From being a city boy, to being another nameless face to his captors. We see him change dramatically in the first episode because of his violent attack in the jungle, and in further episodes we can see how that one event has changed him, he is more aware of what is really going on and is always one of the first to help out the other members of The Secret Nine.<br /><br />Stephen Curry also deserves a mention. His performance in 'Eddie's Birthday' is amazing, going from the larrikin of the group, to being sick, weak and unable to take care of himself. The displays of mateship in this episode touch you on an emotional level and make you proud to be Australian.<br /><br />I study WWII at university level and have found this series, if not physically truthful, spiritually truthful, as it captures the true spirit of what it was to be an Australian Soldier.<br /><br />Well done to John Doyle for capturing the spirit of Changi.",positive
"I suppose if you like pure action... you'll find it here. I suppose if you find a gorgeous blonde designed to be screwed... find it here. I suppose if you want to find a couple of extra baddies, headed by 1-2 extra, EXTRA baddy bosses who meat a nasty end... you'll find it here.<br /><br />Overall, routine stuff, and the good guys come out on top big time under extra-ordinary circumstances.<br /><br />What I marvel most at... How the good guys armed only with pistols, can kill dozens of bad guys with machine guns who are shooting at them at point blank range... and missing. The goodies even get time to reload their pistols amid the hail of machine guns bullets.<br /><br />Ho-hum!!!",negative
"This is probably the best cinematic depiction of life in a Manhattan ad agency: the pressure to perform; client and agency demands; the parties; the creativity; the money; the cool surface with powerful corporate undercurrents. <br /><br />Toss in parenthood for Dustin Hoffman. <br /><br />The movie is textured and deep. It follows his internal relationship as he tries to understand and live with what's going on; his relationship with Meryl Streep (and her friend, who becomes his friend), and his the relationship with his son. <br /><br />While Meryl Streep was great, did she set the record for least screen time to win an Oscar? She sure can deliver when she is on, though.",positive
"I have seen previous movies from Cédric Klapisch, and therefore expected a quality movie with psychological depth. Having been an Erasmus student myself and having visited several friends studying abroad, I know very well what it means to spend some time abroad and mix with different cultures at the same time. Yes, it is great fun! Because of that I thought I should not miss this movie. Unfortunately I was disappointed to find that L'Auberge Espagnol fails to satisfy in many ways: the characters are stereotyped, the events are trite and the story is shallow. Although there are quite a few familiar situations, they are irritatingly cliché and do not go beyond the trivial events. This made the movie uninteresting to watch, and gave me a strong ""been-there-done-that-don't-you-have-anything-to-add?"" feeling. Apart from that, the movie lacks a firm story. It sometimes looks more like a documentary or 'real-life' show than a seriously made movie.<br /><br />However, I can imagine that if you haven't studied or travelled abroad, this might be fun to watch.",negative
"A brilliant Russian émigré devises the Stanislavsky' system for winning at contract bridge - which makes him and his beautiful wife the GRAND SLAM Sweethearts of America.<br /><br />What could have been just another silly soap opera is elevated by fine production values & excellent acting to the status of a very enjoyable little comedy. A few unexpected touches are thrown in to keep the viewer's attention engaged - the way in which the principle cast is introduced as faces on a deck of cards; the introduction of a zany acrobat into the plot for no other reason than to enjoy a bit of lunacy; and the way in which a wide variety of different kinds of Americans are shown to be transfixed by listening to the broadcast of the concluding game.<br /><br />Paul Lukas & Loretta Young do very well as the Bridge Sweethearts - Lukas suave & sophisticated and Miss Young passionately loving and beautiful (even if the script keeps her puffing on a cigarette a bit too much). They are fun to watch, even when their behavior is not always the most believable or compelling.<br /><br />Frank McHugh gives another good performance as a relentlessly cheerful ghost writer who adores Miss Young. The delightful Glenda Farrell eschews her customary wisecracking persona in a small role as McHugh's ditsy gal pal. Roscoe Karns handles the fast-talking dialogue as a brash radio announcer. Diminutive Ferdinand Gottschalk is wonderful as a snobbish bridge expert.<br /><br />Movie mavens will recognize Dewey Robinson as a belligerent nightclub patron; Emma Dunn as a sob sister reporter; Paul Porcasi as the owner of the Russian nightclub; Charles Lane as a Russian waiter; and Jimmy Conlin as a kibitzer at the final bridge game - all uncredited.<br /><br />The film takes advantage of the fad for contract bridge which had swept across the country since its development in the 1920's. It expects the viewer to have a basic knowledge of the intricacies of the game and makes no attempt to explain anything to the uninformed.",positive
"I am a big fan of Fred MacMurray and Carole Lombard. And, in addition to them, Charles Butterworth (a very enjoyable supporting actor) was in this film,...so why didn't I particularly enjoy it?! Well, despite a good cast, this is one of the poorest written and most clichéd ""A pictures"" I have ever seen. Given the talent and money spent to make this film, it is shocking how slip-shod the writing was. I knew the film would be tedious when time after time early in the film I found myself predicting EXACTLY what would happen next--and I was always right! And this isn't because I am some sort of ""movie savant"", but was because almost no imagination or effort went into it. In fact, it seemed almost as if the film was just a long string of clichés all strung together! Also, I found it a bit irritating that Fred mistreated Carole so bad throughout the film and yet, true to convention, she came running to him in the end. Uggh! There is MORE suspense in a Lassie film (""will he bring people to rescue Timmy or will the rope he is dangling from break?"").<br /><br />Despite the very, very tired and clichéd script, there were a few positives about the film. It was pretty cool seeing Fred look like a broken lush at the end of the film--it was pretty believable and he looked like he hadn't eaten, shaved or slept in days. Also, Charles Butterworth's ""prattle"" did provide a few mildly humorous moments. But all this just wasn't enough to make this film look any different than a ""B movie"". It's a shame,...it could have been so much better.",negative
"I love Sarah Waters's Fingersmith, and was worried about the TV adaptation as I'd been disappointed by the BBC's version of Tipping the Velvet (which although beautiful to look at was let down by Keeley Hawes not being able to sing, and Rachael Stirling not being able to act). Fingersmith is a very tightly plotted novel with breath taking twists and turns and I wondered if this could be done justice to in just 3 hours.<br /><br />I needn't have worried. The adaptation was excellent, very little cut out, and went along at a cracking pace (although I did wonder whether if you hadn't read the book, would you miss things?). It had the look and feel of a BBC classic costume drama and i kept having to remind myself that this is a contemporary book.<br /><br />The acting was stellar. Sally Hawkins acting her heart out as Sue Trinder, and Elaine Cassidy, a slow burner, who by the end of the story was incandescent as Maud Lilley. The love, the passion, the realisation of the acts of betrayal both would have to perform, were written on their faces. It was a joy to watch.<br /><br />I hope Rachael Stirling was watching: that's how you play a Sarah Waters character!",positive
"I don't know how expensive was the creation of this movie but the effects were awful. Half of the movie was filmed on stage in front of a movie canvas (that's sure that blue box wouldn't look so artificial). When they traveled on a boat, the background canvas was moved imitating the movement of waves but the characters weren't moving. The CGI effects: terrible (I am not sure but I guess the effect were created with Paint and made a GIF sequence of them - next time the creators should hire a professional CGI maker team). It looks like the CGI creator would have drawn on the picture strip with shaky hands. Awful, that's sure. When I first saw the trailer, I thought it was created in 1983. One of my friend told me the correct date: 2005. My jaw dropped, I was so shocked, I thought he was kidding. People, I recommend you to skip this movie, the story is also twisted, you won't enjoy it.",negative
"Shot in the Heart is wonderful. It brilliantly illustrates the plight of Gary Gimore, a convicted murder who requested death. Shot in the Heart shows the ordeal that Gilmore's family, torn up by hatred, went through. This movie is an incredible psychological study, and is wonderfully depressing and uplifting. 10/10",positive
"Blue ribbon banners, stars and stripes forever, decorated generals, and unconditional surrender from the enemies which required tons and tons of radiation, this was the summon substance of the United States victory in World War II!! The celebration on Times Square as well as everywhere else in the United States suggests a national zenith!!! America is on top right!! one thing, one agonizing and painstakingly perverse thing..The period of adjustment!!..The actual celebration ended when the bottle of champagne was finished..Now everyone needs to get on with their lives...only one problem though...they have to get new lives...the old lives are gone forever...Polite and pleasant smiles had a fragile facade with a longevity of ice cubes in boiling water!! Everyone of the characters in the movie is paraded by primal doubts, and unable to masquerade a pretense about how nothing was seriously wrong, for the simple reason that it was not true!!! Once sergeants, and generals, and their wives, and daughters, and sons and virtually all other Americans touched by World War II, were exposed to disabilities, nightmares and recriminations of World War II and what it really accomplished as well as negated, nobody was the same!! For now, social and moral issues had a self serving interest...Frederick March and Myrna Loy had to start over!! Dana Andrews realized that he should never have been married to Virginia Mayo in the first place!!! Theresa Wright has become painfully aware of the fact that she is constructively selfish!! Las but not least, the character, Homer, is about to get married and he thinks that everyone around him is as devastated by his injury as he is, basically in the sense that they are unable or unwilling to cope!!<br /><br />The reason this film is so fabulous is because a happy ending was attained the hard way, once everybody recognized the new beginning of the new United States and the new world overall, tragedy from WWII was recognized, and things that were emotionally torn asunder were taken in stride, and dealt with accordingly!! Frederick March and Myrna Loy need to go back to chapter one in their marriage, Homer has apprised his new bride as to what it takes to be married to him (i.e. half the times, she will feel like a nurse) and Thresa Wright's involvement with Dana Andrews means that her entrance into adulthood has resulted in partial responsibility for breaking up a marriage...This is tantamount to learning how to drive a car to get your driver's license at the Indianapolis 500...The characters in the movie are the typical post WWII Americans in that they are stalemated by the rude awakening of coercive changes to their lives...Happiness no longer is afforded the luxury of the adjective cop-aesthetic...it is now about formidable conditions, and good winning out over evil by way of the less ugly choice!!...World War II did not just happen!! It will henceforth dominate the social patterns of American living!!!<br /><br />The aggregate catastrophe of World War II has mirrored most Americans' feelings of personal human inadequacy as well!!I loved this film and so did AFI, probably for the reason that it brought out issues that were at one time unjustifiably taboo!!..Bottom line, see this movie!! Nightmares about combat, dilemmas about marital unhappiness and/or readjustment, coping with your life when stricken-ed by a disability and just basically acting human are portrayed constantly in movies and television today, HOWEVER!! this is 1946!! Very new to Americans then....REMEMBER THAT!! Director William Wyler has illustrated how Americans feel about the aftermath of WWII in the days when the movie industry has left him with one hand tied behind his back!!! Take that into account and you will probably realize just how sensational this movie really was!!",positive
"<br /><br />This film is a summary of Visconti's obssessions: the decadence of nobility, death, aesthetic search, homosexuality...All mingled with melancholic mastery. Slow-paced just to make you abler to contemplate all its beauty (which is in the music and the images as well as in the story)this is the type of film we are not allowed to enjoy anymore, brave, deeply personal and intelligent. The genuine fruit of a genius like Visconti.",positive
"Excellent documentary that still manages to shock and enlighten. Unfortunately, times haven't changed much since this was made and it is thus an important piece for all freedom-conscious Americans to see.",positive
"I was fortunate enough to see The Last Stop here where I live at the Moving Pictures Film Festival (for those of you that don't know, the Moving Pictures Film Festival is a tour of Canadian made film in Canada). I was told just before the movie started that it was the world premiere and that it was on the verge of getting an American distribution deal which added to my excitement.<br /><br />I'm a big horror movie fan, and yes, I love the Scream trilogy as well. So when I found out that Rose McGowan was doing a Ten Little Indians type of movie I knew that I was in for a treat. Rose McGowan was the biggest name actor/actress at the entire festival.<br /><br />The best way I can describe it without giving away too much of the plot is that it's not quite like Scream. And it certainly is worth seeing. It's set in the middle of a snowstorm (it was filmed in Vancouver, B.C., Canada) at a mountaintop motel, which adds to the suspense. Rose McGowan puts in a great performance as the-girl-next-door(?!) along with the rest of the cast. And as for what happens at the end, well, the only thing I'll say is that you'll never guess the ending.<br /><br />Sadly, it probably won't make it into mainstream North American theatres because the only decent money maker in it is Rose McGowan. But if you get the chance to see it I would recommend you do. And if worse comes to worst, there's always video.<br /><br />I gave it a 9 out of 10.",positive
"Having read another review, I thought this movie would actually be good. I do enjoy the ""B"" movies, but this couldn't even be classed as such. The photography is probably the only half-way decent thing in the movie. But the editing left much to be desired. It was very choppy and staccato. Whoever chose the music and sound did a terrible job. The music was awful, specially anything atmospheric or scene setting. If the acting had been better, they could have pulled the movie off. Unfortunately, I've seen better acting in porn flicks. If you want to see a ""B"" vampire movie, check out 'Blood Ties'. You'll be much more entertained.",negative
"After watching about half of this movie I noticed something peculiar ... I found myself constantly switching through tv-channels to see what else is on - not exactly a good movie trait.<br /><br />This movie is listed as being in a number of genres, and I must say it mostly failed misserably in every one of them. 80% through the movie I switched over to watch an old rerun instead. Bottom line - the whole movie felt as if the ones making it didn't exactly know what to make and ended up in a concoction with no discernable taste.",negative
"I saw this movie on Thursdays night after having a really boring day. I had no expectations, those I had were rather negative. Being that the only movie I've ever watched Jimmy in is the American version of Taxi with Queen Latifah(?)...don't ask why! But seriously..this movie is so cute! Drew Barrymore is always sweet, but I almost fell in love with Fallon's character. Why can't I meet a cute nerd like that. :) Movies like that are excellent. Simple, sweet and necessary. Sunday on a Thursdays. I'm not even a sports fan, but it's something about American movies with baseball that fascinates me. Probably the fact that we don't have that sport here in Norway.<br /><br />(My first comment ever.) Haha",positive
"The Shining, you know what's weird about this movie? This is the movie that everyone, for people who claim to not like horror films, will always say that The Shining is a terrific film. This is Stanley Kubrick's classic vision of Stephen King's horror tale of madness and blood. This is just an incredible film and wither you have seen it or not, you have heard of it, know a few lines from it, and know some of the classic images. Who could forget Jack's ""Here's Johnny!""? Who could forget ""All Work and No Play Make Jack a Dull Boy""? Who could forget that chilling ending? This is the film that is unforgettable and honestly in my opinion is Kubrick's best work. I know there is a lot of argument in that department, a lot of people say it's 2001: A Space Odyssey or Clockwork Orange or even Dr. Strangelove, but if those film pioneered film making, then The Shining perfected it. This is the tale of isolation, madness, terrifying images, and the ultimate ghost story that will crawl underneath your skin. <br /><br />Jack Torrance, Jack's son Danny, and Jack's wife, Wendy arrive at the Overlook Hotel on closing day. The elderly African-American chef, Dick Hallorann, surprises Danny by speaking to him telepathically and offering him some ice cream. He explains to Danny that he and his grandmother shared the gift; they called the communication ""shining."" Danny asks if there is anything to be afraid of in the hotel, particularly Room 237. Dick tells Danny that the hotel has a certain ""shine"" to it and many memories, not all of them good, and advises him to stay out of room 237 under all circumstances. Danny's curiosity about Room 237 finally gets the better of him when he sees the room has been opened. Danny shows up injured and visibly traumatized after Jack tells Wendy that he loves his family. Seeing this, Wendy thinks Jack has been abusing Danny. Jack wanders into the hotel's Gold Room where he meets a ghostly bartender named Lloyd. Danny starts calling out the word ""redrum"" frantically, and scribbling it on walls. He goes into a trance, and withdraws; he now says that he is Tony, his own ""imaginary friend."" Jack sabotages the hotel radio, cutting off communication from the outside world, but Hallorann has received Danny's telepathic cry for help and is on his way. Wendy discovers that Jack has been typing endless pages of manuscript repeating ""All work and no play makes Jack a dull boy"" formatted in various ways. Horrified, Jack threatens her and she knocks him unconscious with a baseball bat, locking him in a storage locker in the kitchen. Jack converses with Grady through the door of the locker, which then unlocks releasing him. Danny has written ""REDRUM"" in lipstick on the door of Wendy's bedroom. When she looks in the mirror, she sees that it is ""Murder"" spelled backwards. Jack picks up an axe and begins to chop through the door leading to his family's living quarters. ""Here's Johnny!"", and Jack's legendary image is born.<br /><br />The Shining is one of those films that you seriously have to make time to see, this is an incredible film and still gives me nightmares. Jack Nicholson's performance is timeless and unforgettable. But one I also feel is extremely overlooked is Shelley Duvall, her scene of finding Jack's rant All Work is incredible, that's a look of horror and you can see that fear in her face after realizing her husband is mad. Also another incredible scene is when Jack sees a ghost woman in the bathtub, it's honestly one of the most terrifying scenes in horror cinema. The reason this film is so well known is because it's a film of perfection, it's been on The Simpsons, it's been shown in other films and it's a film that will forever stay with you when you see it, trust me.<br /><br />10/10",positive
"Both Disney and Bill Paxton did a fine job in conveying a story that is based in fact. You do not have to like the game of golf to appreciate the story of one man's struggle to overcome the odds. It could have been based on any sport or simply on any other situation which involves competition, though this one just happens to be related to Golf. The only problem I have with the story is that I would have liked to see a bit deeper into each of the main characters, esp. Mr. Ouimet. Mr. Francis Ouimet is a typical young man of his times, turn of the century America, where ""class lines"" are well delineated and woe be it to anyone who deigns to try to rise above his ""class"" standing. I did a bit of historical research and my biggest question was indeed answered, to my satisfaction. Although the circumstances are a bit different than those portrayed in the film, I came away with a feeling of content. I thoroughly enjoyed this movie, I believe you will too.",positive
"Never heard of this movie,saw it on DVD.Great movie,perfect example of a movie that took every cast member to make it work.No overhyped typical Hollywood movie with the same old overhyped actors.No current Quote ""A"" list actor could have pulled off any performance in this movie.Brought back memories of my own post Vietnam war military experiences.It concentrated on the people who were sent to fight.As was portrayed by the characters who had fears and emotions even if some volunteered for service.They were regular people too,some just weren't cut out for military life,I remember a few in my experience--to put it mildly couldn't adapt to military life either-but I'll never forget them-should have stayed in touch.I highly recommend it and then think about those serving present day in Afganistan.Basic training is a trip, notice those drill sergeants aren't morning people and maybe they need ""sensitivity training"" HA!HA!HA!",positive
"This should have been a movie about Sam and his wife, the glorious Peter Falk and equally glorious Olympia Dukakis. That would have been a movie worth seeing. Instead it's a Paul Reiser vehicle, with a little Falk thrown in. The wonderful Elizabeth Perkins is also in this movie, but you'd hardly know it. I presume Reiser is under the impression that he's a giant movie star who needs an appropriate vehicle. He's not. Even more galling is that Reiser took the trouble to hire some of the best women character actresses on the screen today and then shoved them all into his background. Dukakis does not show up until the last 15 minutes, but when she does, the screen glows. The story is about Falk and Dukakis really, but we're subjected to a pointless, silly, preposterous road trip in which Reiser gets to show how very cute, precious and oh-so-deep with psychological insight (wrong!) he can be. For instance, In a restaurant scene that I imagine Reiser had hoped was ""Cassavetes-like"" there's a laughably false confrontation between Reiser and Falk that is so patently ridiculous, I was embarrassed for Falk.",negative
"I have to say this is the worst movie that I have ever watched in my life, I cannot believe that I wasted $10 at blockbuster ; this movie should be burned and who ever thought of it has issues. Who ever actually spent money to make this movie was insane =D This movie has TERRIBLE actors and some of the scenes make absolutely no sense. Well, the whole movie doesn't make sense. Also the part where those ""men"" come into the diner ( department of national securities )that happened to be the worst part of the film. How dare they say Frank Sinatra's name in vain? Also, what is up with those glasses? When the guy and girl are in the car and she ""drinks"" water, you can totally tell that she isn't even drinking! Also, what is up with the freaky dinner guy. And everyone knows that you don't stab tires, you slash them.",negative
"Wealthy widower Anthony Steffen (as Alan Cunningham) is a sadomasochistic lover, and British Lord. He brings sexy red-haired women to his castle, where he whips and murders them. Black-booted stripper Erika Blanc (as Susie) gets away, temporarily. Mr. Steffen is haunted by wife ""Evelyn"", who died in childbirth. As therapy, he decides to marry again, after meeting pretty blonde Marina Malfatti (as Gladys). By the end of the movie, they will have had to dig a few more graves. ""The Night Evelyn Came Out of the Grave"" is great title, at least.<br /><br />** La notte che Evelyn uscì dalla tomba (1971) Emilio Miraglia ~ Anthony Steffen, Marina Malfatti, Erika Blanc",negative
"I saw this film on True Movies (which automatically made me sceptical) but actually - it was good. Why? Not because of the amazing plot twists or breathtaking dialogue (of which there is little) but because actually, despite what people say I thought the film was accurate in it's depiction of teenagers dealing with pregnancy.<br /><br />It's NOT Dawson's Creek, they're not graceful, cool witty characters who breeze through sexuality with effortless knowledge. They're kids and they act like kids would. <br /><br />They're blunt, awkward and annoyingly confused about everything. Yes, this could be by accident and they could just be bad actors but I don't think so. Dermot Mulroney gives (when not trying to be cool) a very believable performance and I loved him for it. Patricia Arquette IS whiny and annoying, but she was pregnant and a teenagers? The combination of the two isn't exactly lavender on your pillow. The plot was VERY predictable and but so what? I believed them, his stress and inability to cope - her brave, yet slightly misguided attempts to bring them closer together. I think the characters, acted by anyone else, WOULD indeed have been annoying and unbelievable but they weren't. It reflects the surreality of the situation they're in, that he's sitting in class and she walks on campus with the baby. I felt angry at her for that, I felt angry at him for being such a child and for blaming her. I felt it all.<br /><br />In the end, I loved it and would recommend it.<br /><br />Watch out for the scene where Dermot Mulroney runs from the disastrous counselling session - career performance.",positive
"This movie is silly and very short of being a funny movie. Unhappy 'easterners' are not pleased with being out west; so they hire a drunk wagon master(John Candy)to lead them back east. Sight gags were just not funny enough to carry this one. And Richard Lewis gets on your nerves very quickly; but then I honestly don't like him at anything he does. Ed Lauter is hilarious as the bumbling villain.<br /><br />The movie was dedicated to Candy. He died from a massive heart attack ten days before the movie was completed. A stand in and digital enhancement enabled Candy's character to be seen in the final scenes. Candy was a very good comedian and gave us some real good knee slapping, belly laughs in his career. This movie was just not the caliber of his best.<br /><br />Also in the film, you will recognize: William Sanderson, Gailard Sartain, Ethan Phillips, Ellen Greene and Rodney A. Grant.",negative
"Karen (Sarah Michelle Gellar), an exchange student in Japan who is just beginning to do some social work, is sent to aid an elderly semi-catatonic woman, Emma (Grace Zabriskie), after her previous caretaker, Yoko (Yoko Maki), disappears. Karen soon learns that something is not right in Emma's home, and she attempts to ""see how deep the rabbit hole goes"".<br /><br />Maybe it's a delayed influence from the success of M. Night Shyamalan's films, but slower-paced, understated horror films are a recent trend. In some cases, such as Hide and Seek (2005), the approach works remarkably well, and in others, such as White Noise (2005), the pacing tends to kill the film. I didn't like The Grudge quite as much as Hide and Seek, but this is still a very good film--it earns a 9 out of 10 from me.<br /><br />The Grudge has a couple significant differences from other recent examples of that trend, however. One, it is well known that this is a remake based on the Japanese film series that began with Ju-On (2000) (in particular, it's extremely close to the first half of Ju-On: The Grudge, aka Ju-On 3, from 2003). Two, as with many Japanese horror films, the slower pacing here isn't so much in the realm of realist drama as with surrealism. As is also the case with a large percentage of European horror, The Grudge should be looked at more as a filmed nightmare.<br /><br />Director Takashi Shimizu, also the director of the five Japanese entries in the Ju-On series to date (the fifth is currently in production), and writer Stephen Susco have largely dispensed with linearity and are not overly concerned with logic or plot holes when it comes to the horror behind the story. The idea instead is to present a dreamlike sequence of scenes, with dream logic, where the focus is atmosphere, creepiness, the uncanny, and for many viewers--scares. How well the film works for you will largely depend on how well you can adapt yourself to, or are used to, this different approach to film-making (although admittedly, some of the seeming gaps are filled in by previous entries in the Ju-On series). Traditionally, American audiences consider as flaws leaving plot threads hanging and abandoning ""rules"" for the ""monster"". A more poetic, metaphorical, surreal approach to film isn't yet accepted by the mainstream in the U.S.<br /><br />However, even if you're not used to it, it's worth trying to suspend your normal preconceptions about films and give The Grudge a shot. This is a well written, well directed, well acted film, filled with unusual properties, such as the story interweaving a large number of ""main characters"" (which is done better here than the more episodic Ju-On 3), good cinematography, subtle production design touches (check out Gellar's clothes, which match the color and texture of the exterior of Emma's house, when Gellar first approaches), and beautifully effective horror material.<br /><br />Even though it is more slowly paced that your average horror film of the past, the pacing usually enhances the eeriness, and there is no shortage of bizarre events to keep horror fans entertained. The supernatural premise of the film is absorbing, and based on interviews on the DVD with Shimizu, have prodded me to pay more attention to Japanese beliefs and folklore. Although the most interesting subtexts would probably arise with a more intimate knowledge of Japanese culture, it's interesting to ponder why so many Japanese horror films feature scary children and adults who look like scary children.<br /><br />I subtracted one point for the film slightly veering into clichéd mystery/thriller territory with a ""here's what really happened"" flashback, but even that was fairly well done, and otherwise, this would have been a 10 out of 10.<br /><br />Now that I've said all of the above, let me finish with a mini-rant: It's not that I'm anti-remake, but it is ridiculous that U.S. distributors and studios feel that we need remakes of foreign films to make them appropriate for consumption. The original versions of these films should just be playing in U.S. theaters in wide release. There is no need to present an almost identical film but just substituting white American actors for non-white or foreign actors. Yes, The Grudge is a fine film, but ultimately, I'd rather see something original using this talent, and be treated to the latest foreign horror films--not just Japanese, but also Indian, Spanish, Chinese, etc.--at my multiplex. In the hope that someone with some pull at the studios reads this, it is also more cost-effective to do this, as (1) you can completely avoid production costs, and simply make domestic distribution deals from which you receive profit, and (2) you can make money off of fans like myself who otherwise pick up the foreign film DVDs in foreign manufactured or even bootleg versions.",positive
"In the same way Lamberto Bava was a substandard facsimilie of his father, Mario (who was an extremely overrated director anyway), Michele Soavi is a substandard director in the Dario Argento mold. ""The Church"" has at least one thing to recommend it--the incredibly detailed art direction--but absolutely nothing else. The film is long-winded, filled with one-dimensional characters, and almost put me to sleep several times. There's a fine line between 'art' and 'pretentious crap,' and while ""The Church"" isn't completely worthless, you'd be better off watching something else.<br /><br />3/10",negative
"Every movie from the thirties is dated, but if you were to watch only John Ford movies it would seem more dated than if you watched others. i.e. Grand Hotel is comparatively modern melodrama. With Ford, there's always the hard-sell of someone's nobility (Abe, The Joads). Always the over-emphasis of some heavy's badness. Always the poorly crafted, awkward and obvious scripts. This is no exception. It's just a rather belabored device to deliver sentiment. And sentiment is all this has going for it.<br /><br />What Ford does here doesn't make me appreciative of Lincoln, it just makes me wonder how the States were ever settled by the population of complete morons depicted here. Ford went on to make decent movies. This is too dated to be anything but bad. It feels entirely false. <br /><br />Henry Fonda with a fake nose is bizarre. And no one from Illinois would pronounce the trailing 'S,' or say ""Shonuff!""",negative
"I'll be honest with yall, I was a junior in high school when this sitcom first aired on ABC I didn't think I would like it at all. But with John Ritter in it i felt that it had a little potential in it, plus their was something else with it I liked. The acting was great, not a lot of horrible 2nd rated comedy lines, John Ritter always brings his A game when it comes to comedy . This was a great show to watch, and I'll tell you why it was a great show. My father who never watches sitcoms at all, he just watches movies, sports, and law & order, he actually sat down with my 3 brothers and 2 sisters, my mother, and myself, and watched the show I think because John Ritter was in it. I honestly think this show would still be running if John Ritter God rest his soul i wish he hadn't passed away.",positive
"Narratives  whether written, visual or poetic epics  generally try to avoid too may characters; readers and viewers, after all, can be too easily overwhelmed by trying to keep track of who exactly is who. This is especially true in film, I think, simply because we cannot easily go back to refresh our memory in a cinema. Viewers like myself, however, don't have that problem because we see all our films on DVD or VHS.<br /><br />A year ago I was introduced to Audrey Tautou, a French actress, whom I first saw in The Fabulous Destiny of Amelie Poulain (2001) and later in A Very Long Engagement (2004), both of which were finely crafted and complex stories with a large cast of characters. This earlier offering exceeds the others in both ways: more characters and more complexity.<br /><br />Now, other directors have used those techniques before: Robert Altman with The Player (1992), Short Cuts (1993), Gosford Park (2001) and others; Paul Thomas Anderson did the same with Magnolia (1999). Stanley Kramer did it with A Mad, Mad, Mad, Mad World in 1963, a comedy of almost epic proportions. The difference with this film is, first the director lets us 'see' inside the head of some of the characters and second, some scenes are repeated as means to refresh the viewer's memory as the story flip-flops between different time periods.<br /><br />The basic  the core, so to speak  story concerns a young woman, Irene (Tautou) who is told, by a fellow commuter on a train, that she will meet her true love on that day. This occurs in the first few minutes of the film. The clever irony at this point is that Irene doesn't realize that the young man opposite (Gilbert Robin) may be that 'one true love'. And, nor does he...<br /><br />They go their separate ways with neither realizing the potential significance of their close encounter. However, chaos results throughout the rest of the day, not only for the two young people, but for the rest of the characters who appear in a series of cleverly constructed and interwoven vignettes that all seem to be going nowhere, and yet...<br /><br />If the story were simply that, it could tend to be boring, and even quite predictable. Not so. The script and the director rip into our expectations with a host of innovative scenes that are all too commonplace, but which are turned into believable, extraordinary events that allow the two possible lovers to meet again. For example, the next time some bird poo from the sky drops onto a book or paper of yours, consider your alternatives; two characters make an obvious choice that must occur before Irene and her man of destiny meet again. Or what about a stone chip flying onto your windscreen? Consider again what would happen...<br /><br />All of that is interesting enough. What was more interesting for me was assessing each new man who came along and trying to decide whether this guy was THE ONE for Irene, or whether it was, in fact, the young man on the train. That kept me guessing for a while.<br /><br />I'll let you think about that, should you see this delightful romp.<br /><br />Recommended for all.",positive
"I agree that the movie is a little slow at spots having many scenes of mundane everyday life and no dialog. And I wasn't impressed right after I watched it. However, after a few days, I realized that the movie stays with me and it evokes a melancholy mood which lingers in my mind. My appreciation of this movie increases. It certainly merits a higher consideration than those movies that are instantly forgettable.<br /><br />As many have commented, the movie is non-linear and that's a hallmark of European film-making as opposed to the linear narrative form that Hollywood favors. I don't really know whether it's true or not. Many also dislike its confusing structure and lack of clear explanations. To those viewers, I don't think there is much I can say to change their opinions. However, for others who have yet to see the film, DO expect to be challenged and DON'T expect the film to supply all the answers and you might come away enjoying it more than you would otherwise.<br /><br />The movie skips around a bit but really chronicles just 3 time periods. Pay attention to the hair style and you can easily separate out 2 of the 3 periods. It is also not as confusing as suggested; just enjoy and it'll all be clear at the end.<br /><br />Yes, lots of things are left unsaid or not shown, and lots of situations are left unexplored. But isn't that what life is like? A lot of time you're not sure of the motives of your friends/loved ones unless you confront them and even then, you can never be 100% sure if they told you the whole truth. This type of movies forces us to interpret the reasons behind the actions. The movie does, however, leave enough hints for you to make some reasonable assumptions. For example, Mathieu is manic depressive, to the point of suicidal. Why? I don't know, maybe his life is not turning out exactly as he expects it; maybe he misses his family but hasn't forgiven his father for abandoning his sick mother at her hours of need; maybe after all he sacrifices for Cedric, rearranging and indeed, shattering his life to be with him, he realizes that it is all ""coming undone"". I think the director meant to show us that he has always been a little off, mentality fragile by that scene w/ the dead bird. Maybe he has a very sensitive psyche and all these stresses are taking a toll on him. But we're also shown that he is not some animal torturing psycho by his loving interaction w/ the stray cat. Also, there is one conversation between the doctor and Cedric that sheds light on the reason behind the breakup and maybe the suicide attempt. The doctor asks him if everything is okay, and Cedric thinks so even though he cheated on Mathieu once, but that's nothing, according to Cedric. Is that the only reason, we don't know, there are probably others, all mixed up together. Is it paramount that we know exactly what they are? I don't think so, for this movie. Another telltale sign that they are ultimately not compatible is the historical ruins scene. Mathieu is interested in studying the ruins, Cedric is not. He is the one w/ the raging hormone who focuses only on the physical side without an intellectual side that Mathieu obviously needs.<br /><br />Finally, the ending is really rather hopeful and sweet. I was pleasantly surprised by the turn of events after the bleak tone that edges toward the end.<br /><br />I have two complaints for the DVD. One is the sound. It's very soft. I had to crank up the volume to hear the dialog and then when it switched to a bar or outdoor crowd scene, it became too loud. The other is that the subtitles can't be turn off; they stay on the screen. Most foreign movie DVDs not released by a major studio are shoddy this way unfortunately.",positive
"**** WARNING: here be spoilers **** Why do I waste my hastily fleeing years watching garbage like this? This film is an impressive collection of clichés, poor writing, worse directing, and then we haven't even got to the acting yet. <br /><br />And of course, you can predict the whole story from beginning to end.<br /><br />Hero expert fights against stupid, corrupt and incompetent henchmen. One avalanche goes off, burying all the heroes who somehow manage to get out alive in spite of going through all sorts of cliffhanger perils. Corrupt partner who caused the whole thing gets fried alive together with his payoff money. Second avalanche heroically deflected by renegade expert's adventurous experiment. Evil henchmen in the end turn out to have a heart as well. Troubled teenager falls into the arms of her crusty stepmother after being saved by her. Etc, etc, etc, etc, on and on it goes. <br /><br />In fact, there's little reason to warn for spoilers. You could probably work the whole plot out if I gave you the basic ingredients. At least, I wasn't too wide off the mark most of the time, anticipating what would happen next.<br /><br />And then we haven't discussed the factual errors.<br /><br />I agree with a previous commentator that even though there are usually SOME redeeming features even of a bad movie. you'd be hard pressed to find any in this one. I suppose I gave it 2 out of 10 for some nice scenery shots, but that's it.<br /><br />It's been some time since a film made me groan, but this one certainly did.",negative
"It is enjoyable and fast-paced. <br /><br />There is no way on Earth that the actor playing Mat could be eighteen. However, the main thing is that he does act eighteen very convincingly. It must be a credit to his audition that he convinced them to cast him. I quite soon accepted him as being a naive young country boy.<br /><br />While his was the best performance, most of the others were also very engaging. In particular, the interplay between the policemen was natural and well-balanced, and worked very well.<br /><br />It is only about 45 minutes long, so the plot is not complex. More key is the style of the whole thing. It is very slick and vibrant, and the backdrops are atmospheric, especially from the fact that all the colours are extremely rich. The gangland is identifiable to foreign audiences, but still manages to be distinctly Australian.",negative
"Most movies I can sit through easily, even if I do not particularly like the movie. I am the type of person who recognizes great films even if I do not like the genre. This is the first movie I could not stand to watch. Cat in the Hat is the worst movie I have ever seen--and I've seen a lot of movies. The acting is okay (Myers is good as the cat, it's just that he is REALLY annoying). The silly songs the cat sings were boring and monotonous, even for the children in the audience. The plot drags on and on, and viewers must suffer through poor dialogue. The ""witty"" parental remarks are disgusting, not funny (I remember some awful comment about a garden hoe being compared to, well, a type of person people call a ""ho""). Even though the movie is really short, it seemed to last FOREVER. Do not waste your time. I know small kids who hated this movie. If children can't stand it, I do not know how any adults can. I would like to fume more about this film but I do not even feel like wasting anymore time writing this review about it. I HATED IT! So, in summary, do not spend 90 minutes of your life watching this! See a GOOD movie!<br /><br />1/10 stars--the lowest review I have ever given a movie.",negative
"We're a long way from LAURA. Once again Otto Preminger directs, Dana Andrews stars as a police detective named Mark, and Gene Tierney is the beautiful woman who haunts him, but nothing else about WHERE THE SIDEWALK ENDS resembles everyone's favorite sophisticated murder mystery. Instead of deliciously quotable dialogue we get gritty, harrowing realism. While the earlier film took place in the ritzy upper echelons of New York society, here we're in the low-rent district of dark streets, hoodlums, cheap restaurants and crummy flats. Tierney, gorgeous as ever, now works as a department-store mannequin and lives in Washington Heights (the neighborhood of the ""doll"" who once got a fox fur out of LAURA's Mark McPherson). This time Andrews is Mark Dixon, an older, sadder, more troubled version of the cool cop in a trench coat. <br /><br />WHERE THE SIDEWALK ENDS belongs to a sub-genre of noir, movies about police brutality focusing on cops who can't control their violent impulses. Like Kirk Douglas's character in DETECTIVE STORY, Dixon owes his seething contempt for crooks to his father's criminal past. Where Douglas is self-righteous and blind to his own faults, Andrews is burdened by repressed guilt and self-loathing. He accidentally kills a suspect and covers up his actions with an attempt to throw suspicion on a slimy gangster (Gary Merrill) whom he has been vainly pursuing for years. Instead, a kindly cab driver is suspected because he's the father of the dead man's estranged and mistreated wife Morgan (Gene Tierney). Dixon, falling in love with the wife of the man he killed, tries desperately to save her father without giving himself away. <br /><br />Among noir protagonists, Dana Andrews had this distinction: he was incapable of appearing unintelligent. Even when playing an average Joe, as he usually did, he always comes across as unusually sensitive and perceptive; more than that, his air of being too thoughtful for his own comfort gives him that haunted--and haunting--quality that was his essence as an actor. He played ordinary guys, cops and soldiers, but always with a tragic undercurrent of seeing and knowing too much. His conscientious heroes are marked by exhaustion, guilt, the inability ever to ""lighten up."" No other actor could have expressed so well the bottled-up anger, the slow-burning pain, the agonized intelligence of Mark Dixon. He also has a muted tenderness, a muffled warmth and even wry humor that make him heartbreaking. This comes out when he takes Morgan to a restaurant where he's a regular, and for the first time we see this cold, brutal man trading mock insults with the waitress, whose sarcasm can't hide her affection and concern for him. When Dixon asks his partner for money to get a lawyer for Morgan's father, he supplies it even though they recently argued and Dixon threw a punch at him. There are no words about loyalty or knowing he's a good guy deep down, but we see it all in the man's anguished silence and his wife's resignation as she hands over some jewelry to pawn. Dixon's goodness comes across through other people's reactions to him as much as through Andrews's deeply moving performance. <br /><br />Though Dana Andrews was a minor star, he may be the quintessential forties man. He goes through some movies hardly ever taking off his overcoat; with that boxy, mid-century silhouette, further fortified by the fedora, the glass of bourbon, the cigarette he doesn't take out of his mouth when he talks, he looks imprisoned in the masculine ideal of toughness and impassivity. While many noirs romanticize the two-fisted tough guy, WHERE THE SIDEWALK ENDS offers an unflinching portrait of the reality behind the façade, a gripping and melancholy exploration of the roots and consequences of violence.<br /><br />Andrews was sadly underrated in his own time (he was the only one of the three protagonists in THE BEST YEARS OF OUR LIVES not nominated for an Academy Award, though his low-key performance is far more compelling than Frederic March's hammy, Oscar-winning drunk). Fortunately, Andrews appeared in some films that ensured his immortality, and now at last this little-known film, which contains his best performance, can be seen as part of the marvelous Fox Film Noir set. This series, including a number of never before released titles (such as NIGHTMARE ALLEY and THIEVES' HIGHWAY), suggests that Twentieth-Century-Fox may have had the finest record of all the major studios when it came to film noir.",positive
